state_name,temp_min,temp_max,do_min,do_max,ph_min,ph_max,conductivity_min,conductivity_max,bod_min,bod_max,nitrate_min,nitrate_max,fecal_coliform_min,fecal_coliform_max,total_coliform_min,total_coliform_max,fecal_streptococci_min,fecal_streptococci_max,temp_range,temp_avg,do_range,do_avg,ph_range,ph_avg,conductivity_range,conductivity_avg,bod_range,bod_avg,nitrate_range,nitrate_avg,fecal_coliform_range,fecal_coliform_avg,total_coliform_range,total_coliform_avg,wqi_category
31.0,2.0,24.0,7.8,9.2,7.2,8.2,68.0,380.0,1.0,2.8,0.32,1.15,2.0,170.0,63.0,540.0,2.0,2.0,22.0,13.0,1.3999999999999995,8.5,0.9999999999999991,7.699999999999999,312.0,224.0,1.7999999999999998,1.9,0.8299999999999998,0.735,168.0,86.0,477.0,301.5,Poor
31.0,2.0,13.0,7.6,9.0,6.5,8.1,58.0,135.0,1.0,2.8,0.32,1.87,110.0,1600.0,920.0,1600.0,2.0,2.0,11.0,7.5,1.4000000000000004,8.3,1.5999999999999996,7.3,77.0,96.5,1.7999999999999998,1.9,1.55,1.095,1490.0,855.0,680.0,1260.0,Poor
31.0,2.0,13.0,7.8,8.8,6.7,7.8,62.0,113.0,1.0,2.8,0.32,1.08,110.0,1600.0,350.0,1600.0,2.0,2.0,11.0,7.5,1.0000000000000009,8.3,1.0999999999999996,7.25,51.0,87.5,1.7999999999999998,1.9,0.76,0.7000000000000001,1490.0,855.0,1250.0,975.0,Poor
31.0,2.0,14.0,7.9,8.9,6.3,8.0,52.0,137.0,1.0,1.0,0.32,1.74,22.0,110.0,79.0,540.0,2.0,2.0,12.0,8.0,1.0,8.4,1.7000000000000002,7.15,85.0,94.5,0.0,1.0,1.42,1.03,88.0,66.0,461.0,309.5,Poor
31.0,2.0,13.0,7.8,9.1,7.0,7.8,51.0,113.0,1.0,1.0,0.32,0.97,23.0,120.0,110.0,430.0,2.0,2.0,11.0,7.5,1.2999999999999998,8.45,0.7999999999999998,7.4,62.0,82.0,0.0,1.0,0.6499999999999999,0.645,97.0,71.5,320.0,270.0,Poor
31.0,4.0,16.0,7.6,8.7,6.7,7.8,44.0,128.0,1.0,1.0,0.32,0.9,49.0,220.0,240.0,920.0,2.0,2.0,12.0,10.0,1.0999999999999996,8.149999999999999,1.0999999999999996,7.25,84.0,86.0,0.0,1.0,0.5800000000000001,0.61,171.0,134.5,680.0,580.0,Poor
31.0,4.0,16.0,7.6,8.4,6.6,7.7,73.0,170.0,1.0,1.6,0.32,0.96,47.0,150.0,280.0,920.0,2.0,2.0,12.0,10.0,0.8000000000000007,8.0,1.1000000000000005,7.15,97.0,121.5,0.6000000000000001,1.3,0.6399999999999999,0.64,103.0,98.5,640.0,600.0,Poor
31.0,4.0,16.0,7.5,8.4,7.2,8.0,77.0,144.0,1.0,1.6,0.32,2.65,110.0,540.0,540.0,1600.0,2.0,2.0,12.0,10.0,0.9000000000000004,7.95,0.7999999999999998,7.6,67.0,110.5,0.6000000000000001,1.3,2.33,1.4849999999999999,430.0,325.0,1060.0,1070.0,Poor
31.0,5.0,16.0,7.5,8.1,7.2,8.2,61.0,129.0,1.0,1.0,0.32,0.77,34.0,280.0,170.0,1600.0,2.0,2.0,11.0,10.5,0.5999999999999996,7.8,0.9999999999999991,7.699999999999999,68.0,95.0,0.0,1.0,0.45,0.545,246.0,157.0,1430.0,885.0,Poor
31.0,9.0,26.0,8.3,9.0,7.1,8.3,65.0,205.0,1.0,1.0,0.32,1.06,22.0,79.0,70.0,430.0,2.0,2.0,17.0,17.5,0.6999999999999993,8.65,1.200000000000001,7.7,140.0,135.0,0.0,1.0,0.74,0.6900000000000001,57.0,50.5,360.0,250.0,Good
31.0,8.0,26.0,8.0,9.3,7.1,8.2,61.0,202.0,1.0,1.0,0.32,1.15,41.0,110.0,210.0,920.0,2.0,2.0,18.0,17.0,1.3000000000000007,8.65,1.0999999999999996,7.6499999999999995,141.0,131.5,0.0,1.0,0.8299999999999998,0.735,69.0,75.5,710.0,565.0,Poor
31.0,10.0,28.0,8.1,9.1,6.9,8.1,96.0,280.0,1.0,1.0,0.32,0.95,17.0,94.0,63.0,350.0,2.0,2.0,18.0,19.0,1.0,8.6,1.1999999999999993,7.5,184.0,188.0,0.0,1.0,0.6299999999999999,0.635,77.0,55.5,287.0,206.5,Good
31.0,6.0,25.0,7.8,9.2,7.2,8.0,80.0,190.0,1.0,1.0,0.32,0.98,23.0,94.0,120.0,430.0,2.0,2.0,19.0,15.5,1.3999999999999995,8.5,0.7999999999999998,7.6,110.0,135.0,0.0,1.0,0.6599999999999999,0.65,71.0,58.5,310.0,275.0,Good
31.0,8.0,25.0,8.3,9.1,7.0,8.0,84.0,191.0,1.0,1.0,0.51,5.3,41.0,280.0,220.0,1600.0,2.0,2.0,17.0,16.5,0.7999999999999989,8.7,1.0,7.5,107.0,137.5,0.0,1.0,4.79,2.905,239.0,160.5,1380.0,910.0,Poor
31.0,13.0,22.0,8.6,9.4,7.2,8.2,115.0,362.0,1.0,1.0,1.2,4.83,2.0,68.0,110.0,16000.0,2.0,2.0,9.0,17.5,0.8000000000000007,9.0,0.9999999999999991,7.699999999999999,247.0,238.5,0.0,1.0,3.63,3.015,66.0,35.0,15890.0,8055.0,Good
31.0,13.0,22.0,8.5,9.2,7.3,8.3,123.0,960.0,1.0,1.0,0.98,4.21,2.0,45.0,70.0,9200.0,2.0,2.0,9.0,17.5,0.6999999999999993,8.85,1.0000000000000009,7.800000000000001,837.0,541.5,0.0,1.0,3.23,2.5949999999999998,43.0,23.5,9130.0,4635.0,Good
31.0,14.0,22.0,6.8,9.3,7.5,8.5,81.0,404.0,1.0,1.2,0.3,2.53,2.0,93.0,39.0,5400.0,2.0,2.0,8.0,18.0,2.500000000000001,8.05,1.0,8.0,323.0,242.5,0.19999999999999996,1.1,2.23,1.4149999999999998,91.0,47.5,5361.0,2719.5,Good
31.0,7.0,19.0,8.2,9.1,7.5,8.5,157.0,257.0,1.0,1.0,0.41,3.57,2.0,78.0,220.0,5400.0,2.0,2.0,12.0,13.0,0.9000000000000004,8.649999999999999,1.0,8.0,100.0,207.0,0.0,1.0,3.1599999999999997,1.99,76.0,40.0,5180.0,2810.0,Good
31.0,8.0,20.0,8.1,9.2,7.4,8.2,158.0,264.0,1.0,1.0,0.73,2.87,2.0,68.0,170.0,5400.0,2.0,2.0,12.0,14.0,1.0999999999999996,8.649999999999999,0.7999999999999989,7.8,106.0,211.0,0.0,1.0,2.14,1.8,66.0,35.0,5230.0,2785.0,Good
31.0,15.0,22.0,6.7,9.2,7.2,8.2,107.0,386.0,1.0,1.0,1.08,3.27,2.0,110.0,40.0,5400.0,2.0,2.0,7.0,18.5,2.499999999999999,7.949999999999999,0.9999999999999991,7.699999999999999,279.0,246.5,0.0,1.0,2.19,2.175,108.0,56.0,5360.0,2720.0,Poor
31.0,15.0,28.0,7.7,9.0,6.9,8.8,241.0,964.0,1.0,4.8,0.32,2.59,2.0,5.0,17.0,170.0,2.0,2.0,13.0,21.5,1.2999999999999998,8.35,1.9000000000000004,7.8500000000000005,723.0,602.5,3.8,2.9,2.27,1.4549999999999998,3.0,3.5,153.0,93.5,Poor
31.0,14.9,28.0,7.6,8.8,7.0,8.2,229.0,545.0,1.0,3.6,0.32,3.12,2.0,5.0,17.0,220.0,2.0,2.0,13.1,21.45,1.200000000000001,8.2,1.1999999999999993,7.6,316.0,387.0,2.6,2.3,2.8000000000000003,1.72,3.0,3.5,203.0,118.5,Poor
31.0,15.6,27.0,6.7,8.9,7.4,8.3,241.0,3040.0,1.0,2.8,0.3,1.17,2.0,8.0,17.0,170.0,2.0,2.0,11.4,21.3,2.2,7.800000000000001,0.9000000000000004,7.8500000000000005,2799.0,1640.5,1.7999999999999998,1.9,0.8699999999999999,0.735,6.0,5.0,153.0,93.5,Poor
31.0,15.5,28.0,7.8,8.9,7.2,8.4,216.0,397.0,1.0,3.4,0.32,1.16,2.0,8.0,21.0,140.0,2.0,2.0,12.5,21.75,1.1000000000000005,8.35,1.2000000000000002,7.800000000000001,181.0,306.5,2.4,2.2,0.8399999999999999,0.74,6.0,5.0,119.0,80.5,Poor
31.0,3.0,15.0,7.8,8.7,6.8,8.2,53.0,137.0,1.0,1.0,0.32,0.96,47.0,140.0,220.0,920.0,2.0,2.0,12.0,9.0,0.8999999999999995,8.25,1.3999999999999995,7.5,84.0,95.0,0.0,1.0,0.6399999999999999,0.64,93.0,93.5,700.0,570.0,Poor
31.0,4.0,16.0,7.5,8.5,7.0,8.1,56.0,281.0,1.0,1.0,0.32,0.84,58.0,140.0,280.0,920.0,2.0,2.0,12.0,10.0,1.0,8.0,1.0999999999999996,7.55,225.0,168.5,0.0,1.0,0.52,0.58,82.0,99.0,640.0,600.0,Poor
31.0,17.5,27.0,7.2,10.0,8.1,8.6,174.0,230.0,1.0,2.0,0.37,2.57,11.0,3800.0,46.0,17000.0,2.0,5.0,9.5,22.25,2.8,8.6,0.5,8.35,56.0,202.0,1.0,1.5,2.1999999999999997,1.47,3789.0,1905.5,16954.0,8523.0,Poor
68.0,18.0,28.0,5.8,10.7,8.0,8.4,201.0,226.0,1.0,1.1,0.4,2.17,110.0,22000.0,270.0,92000.0,7.0,1400.0,10.0,23.0,4.8999999999999995,8.25,0.40000000000000036,8.2,25.0,213.5,0.10000000000000009,1.05,1.77,1.285,21890.0,11055.0,91730.0,46135.0,Poor
68.0,13.0,33.0,6.7,10.1,7.4,8.2,178.0,244.0,1.0,1.2,0.7,1.2,18.0,46.0,70.0,150.0,3.4,11.0,20.0,23.0,3.3999999999999995,8.4,0.7999999999999989,7.8,66.0,211.0,0.19999999999999996,1.1,0.5,0.95,28.0,32.0,80.0,110.0,Good
68.0,11.0,34.0,7.7,9.1,7.7,8.3,198.0,359.0,1.0,1.2,0.4,1.11,27.0,93.0,110.0,240.0,4.2,19.2,23.0,22.5,1.3999999999999995,8.4,0.6000000000000005,8.0,161.0,278.5,0.19999999999999996,1.1,0.7100000000000001,0.7550000000000001,66.0,60.0,130.0,175.0,Good
68.0,11.0,34.0,7.7,9.1,7.5,8.3,204.0,395.0,1.0,1.3,0.6,0.9,26.0,78.0,94.0,170.0,5.8,31.4,23.0,22.5,1.3999999999999995,8.4,0.8000000000000007,7.9,191.0,299.5,0.30000000000000004,1.15,0.30000000000000004,0.75,52.0,52.0,76.0,132.0,Good
68.0,11.0,34.0,7.4,8.9,7.5,8.3,218.0,295.0,1.0,1.2,0.5,1.1,31.0,140.0,120.0,330.0,2.0,2.0,23.0,22.5,1.5,8.15,0.8000000000000007,7.9,77.0,256.5,0.19999999999999996,1.1,0.6000000000000001,0.8,109.0,85.5,210.0,225.0,Poor
68.0,15.0,27.0,7.0,9.1,7.6,8.2,203.0,275.0,1.0,1.3,0.7,1.4,27.0,140.0,110.0,340.0,2.0,2.0,12.0,21.0,2.0999999999999996,8.05,0.5999999999999996,7.8999999999999995,72.0,239.0,0.30000000000000004,1.15,0.7,1.0499999999999998,113.0,83.5,230.0,225.0,Poor
68.0,14.0,28.0,8.0,9.2,7.5,8.2,191.0,245.0,1.0,1.2,0.4,1.05,68.0,140.0,220.0,330.0,2.0,2.0,14.0,21.0,1.1999999999999993,8.6,0.6999999999999993,7.85,54.0,218.0,0.19999999999999996,1.1,0.65,0.7250000000000001,72.0,104.0,110.0,275.0,Poor
68.0,14.0,28.0,8.1,9.1,7.7,8.2,201.0,256.0,1.0,1.2,0.6,1.31,120.0,210.0,280.0,400.0,6.0,8.4,14.0,21.0,1.0,8.6,0.4999999999999991,7.949999999999999,55.0,228.5,0.19999999999999996,1.1,0.7100000000000001,0.9550000000000001,90.0,165.0,120.0,340.0,Poor
68.0,16.0,28.0,6.9,9.4,7.8,8.2,190.0,276.0,1.0,1.4,0.5,0.97,63.0,170.0,220.0,380.0,6.0,8.4,12.0,22.0,2.5,8.15,0.39999999999999947,8.0,86.0,233.0,0.3999999999999999,1.2,0.47,0.735,107.0,116.5,160.0,300.0,Poor
68.0,14.0,28.0,7.9,8.9,7.8,8.1,203.0,264.0,1.0,1.3,0.5,1.1,93.0,170.0,260.0,380.0,6.0,8.4,14.0,21.0,1.0,8.4,0.2999999999999998,7.949999999999999,61.0,233.5,0.30000000000000004,1.15,0.6000000000000001,0.8,77.0,131.5,120.0,320.0,Poor
68.0,16.0,27.0,6.5,9.2,7.7,8.2,192.0,288.0,1.0,1.3,0.6,1.0,33.0,170.0,140.0,350.0,2.0,2.0,11.0,21.5,2.6999999999999993,7.85,0.4999999999999991,7.949999999999999,96.0,240.0,0.30000000000000004,1.15,0.4,0.8,137.0,101.5,210.0,245.0,Poor
68.0,26.0,27.0,7.9,8.8,7.9,8.1,211.0,240.0,1.0,1.2,0.7,0.97,84.0,130.0,260.0,280.0,2.4,4.4,1.0,26.5,0.9000000000000004,8.350000000000001,0.1999999999999993,8.0,29.0,225.5,0.19999999999999996,1.1,0.27,0.835,46.0,107.0,20.0,270.0,Poor
68.0,26.0,27.0,7.9,9.0,7.9,8.1,208.0,239.0,1.0,1.1,0.7,0.93,70.0,110.0,220.0,370.0,2.0,2.0,1.0,26.5,1.0999999999999996,8.45,0.1999999999999993,8.0,31.0,223.5,0.10000000000000009,1.05,0.2300000000000001,0.815,40.0,90.0,150.0,295.0,Poor
68.0,26.0,27.0,7.8,8.9,7.8,8.0,209.0,241.0,1.0,1.1,0.8,0.97,94.0,140.0,280.0,340.0,6.0,8.4,1.0,26.5,1.1000000000000005,8.35,0.20000000000000018,7.9,32.0,225.0,0.10000000000000009,1.05,0.16999999999999993,0.885,46.0,117.0,60.0,310.0,Poor
31.0,7.0,11.5,9.1,9.4,7.5,8.3,141.0,534.0,1.0,1.0,0.32,1.49,2.0,33.0,9.0,280.0,2.0,2.0,4.5,9.25,0.3000000000000007,9.25,0.8000000000000007,7.9,393.0,337.5,0.0,1.0,1.17,0.905,31.0,17.5,271.0,144.5,Good
31.0,7.0,11.5,9.2,9.5,7.8,8.4,127.0,531.0,1.0,1.0,0.32,1.5,2.0,49.0,7.0,1600.0,2.0,2.0,4.5,9.25,0.3000000000000007,9.35,0.6000000000000005,8.1,404.0,329.0,0.0,1.0,1.18,0.91,47.0,25.5,1593.0,803.5,Good
31.0,7.0,11.5,9.0,9.3,7.6,8.4,118.0,505.0,1.0,1.0,0.32,1.19,2.0,350.0,4.0,1600.0,2.0,2.0,4.5,9.25,0.3000000000000007,9.15,0.8000000000000007,8.0,387.0,311.5,0.0,1.0,0.8699999999999999,0.755,348.0,176.0,1596.0,802.0,Poor
31.0,7.5,11.5,9.0,9.3,7.6,8.4,118.0,490.0,1.0,1.0,0.32,1.4,7.0,33.0,17.0,350.0,2.0,2.0,4.0,9.5,0.3000000000000007,9.15,0.8000000000000007,8.0,372.0,304.0,0.0,1.0,1.0799999999999998,0.86,26.0,20.0,333.0,183.5,Good
31.0,7.0,11.5,9.0,9.3,7.8,8.4,122.0,481.0,1.0,1.0,0.32,1.23,5.0,140.0,17.0,350.0,2.0,2.0,4.5,9.25,0.3000000000000007,9.15,0.6000000000000005,8.1,359.0,301.5,0.0,1.0,0.9099999999999999,0.775,135.0,72.5,333.0,183.5,Poor
31.0,7.5,12.0,8.7,9.3,7.5,8.3,119.0,517.0,1.0,1.0,0.32,1.44,2.0,33.0,11.0,350.0,2.0,2.0,4.5,9.75,0.6000000000000014,9.0,0.8000000000000007,7.9,398.0,318.0,0.0,1.0,1.1199999999999999,0.88,31.0,17.5,339.0,180.5,Good
31.0,7.0,12.0,8.9,9.4,7.5,8.5,117.0,491.0,1.0,1.0,0.32,1.39,2.0,110.0,7.0,540.0,2.0,2.0,5.0,9.5,0.5,9.15,1.0,8.0,374.0,304.0,0.0,1.0,1.0699999999999998,0.855,108.0,56.0,533.0,273.5,Poor
31.0,7.0,12.0,8.8,9.3,7.8,8.4,121.0,460.0,1.0,1.0,0.32,1.39,2.0,27.0,8.0,540.0,2.0,2.0,5.0,9.5,0.5,9.05,0.6000000000000005,8.1,339.0,290.5,0.0,1.0,1.0699999999999998,0.855,25.0,14.5,532.0,274.0,Good
31.0,7.5,12.0,8.7,9.3,7.7,8.4,108.0,468.0,1.0,1.0,0.32,1.4,2.0,46.0,9.0,1600.0,2.0,2.0,4.5,9.75,0.6000000000000014,9.0,0.7000000000000002,8.05,360.0,288.0,0.0,1.0,1.0799999999999998,0.86,44.0,24.0,1591.0,804.5,Good
31.0,7.0,12.0,8.7,9.3,7.5,8.4,115.0,437.0,1.0,1.0,0.32,1.43,5.0,22.0,17.0,350.0,2.0,2.0,5.0,9.5,0.6000000000000014,9.0,0.9000000000000004,7.95,322.0,276.0,0.0,1.0,1.1099999999999999,0.875,17.0,13.5,333.0,183.5,Good
31.0,7.5,13.5,8.7,9.2,7.5,8.3,105.0,254.0,1.0,1.0,0.32,1.42,7.0,170.0,17.0,1600.0,2.0,2.0,6.0,10.5,0.5,8.95,0.8000000000000007,7.9,149.0,179.5,0.0,1.0,1.0999999999999999,0.87,163.0,88.5,1583.0,808.5,Poor
31.0,7.5,13.0,8.5,9.3,7.7,8.3,107.0,251.0,1.0,1.0,0.32,0.95,2.0,39.0,17.0,350.0,2.0,2.0,5.5,10.25,0.8000000000000007,8.9,0.6000000000000005,8.0,144.0,179.0,0.0,1.0,0.6299999999999999,0.635,37.0,20.5,333.0,183.5,Good
31.0,8.0,13.5,8.6,9.2,7.6,8.3,100.0,249.0,1.0,1.0,0.32,0.95,2.0,280.0,5.0,1600.0,2.0,2.0,5.5,10.75,0.5999999999999996,8.899999999999999,0.7000000000000011,7.95,149.0,174.5,0.0,1.0,0.6299999999999999,0.635,278.0,141.0,1595.0,802.5,Poor
31.0,7.5,14.0,8.6,9.3,6.5,8.2,117.0,447.0,1.0,1.0,0.32,3.95,4.0,26.0,17.0,1600.0,2.0,2.0,6.5,10.75,0.7000000000000011,8.95,1.6999999999999993,7.35,330.0,282.0,0.0,1.0,3.6300000000000003,2.1350000000000002,22.0,15.0,1583.0,808.5,Good
31.0,7.0,13.0,8.5,9.3,7.5,8.3,97.0,245.0,1.0,1.0,0.32,0.77,7.0,39.0,32.0,920.0,2.0,2.0,6.0,10.0,0.8000000000000007,8.9,0.8000000000000007,7.9,148.0,171.0,0.0,1.0,0.45,0.545,32.0,23.0,888.0,476.0,Good
31.0,7.5,13.0,8.6,9.2,7.5,8.2,104.0,253.0,1.0,1.0,0.32,0.89,2.0,79.0,7.0,1600.0,2.0,2.0,5.5,10.25,0.5999999999999996,8.899999999999999,0.6999999999999993,7.85,149.0,178.5,0.0,1.0,0.5700000000000001,0.605,77.0,40.5,1593.0,803.5,Good
31.0,9.0,26.0,8.3,9.2,7.4,8.0,102.0,235.0,1.0,1.0,0.32,2.21,23.0,84.0,110.0,280.0,2.0,2.0,17.0,17.5,0.8999999999999986,8.75,0.5999999999999996,7.7,133.0,168.5,0.0,1.0,1.89,1.265,61.0,53.5,170.0,195.0,Good
31.0,10.0,33.0,8.1,8.9,6.8,8.3,150.0,335.0,1.0,2.8,0.39,3.5,33.0,1600.0,240.0,1600.0,2.0,2.0,23.0,21.5,0.8000000000000007,8.5,1.5000000000000009,7.550000000000001,185.0,242.5,1.7999999999999998,1.9,3.11,1.945,1567.0,816.5,1360.0,920.0,Poor
31.0,7.0,13.0,8.9,9.4,7.5,8.3,117.0,258.0,1.0,1.0,0.32,1.01,5.0,26.0,17.0,350.0,2.0,2.0,6.0,10.0,0.5,9.15,0.8000000000000007,7.9,141.0,187.5,0.0,1.0,0.69,0.665,21.0,15.5,333.0,183.5,Good
31.0,7.5,13.0,8.9,9.4,7.6,8.2,100.0,248.0,1.0,1.0,0.32,0.82,7.0,110.0,17.0,1600.0,2.0,2.0,5.5,10.25,0.5,9.15,0.5999999999999996,7.8999999999999995,148.0,174.0,0.0,1.0,0.49999999999999994,0.57,103.0,58.5,1583.0,808.5,Poor
31.0,16.5,23.0,7.0,9.8,7.9,8.3,230.0,356.0,1.0,1.0,0.42,0.71,20.0,4500.0,460.0,33000.0,17.0,130.0,6.5,19.75,2.8000000000000007,8.4,0.40000000000000036,8.100000000000001,126.0,293.0,0.0,1.0,0.29,0.565,4480.0,2260.0,32540.0,16730.0,Poor
31.0,9.0,26.0,8.5,9.6,5.7,8.0,96.0,286.0,1.0,1.0,0.32,0.98,22.0,49.0,70.0,240.0,2.0,2.0,17.0,17.5,1.0999999999999996,9.05,2.3,6.85,190.0,191.0,0.0,1.0,0.6599999999999999,0.65,27.0,35.5,170.0,155.0,Good
31.0,9.0,26.0,8.1,9.1,7.3,8.1,94.0,240.0,1.0,1.0,0.32,2.08,32.0,84.0,110.0,430.0,2.0,2.0,17.0,17.5,1.0,8.6,0.7999999999999998,7.699999999999999,146.0,167.0,0.0,1.0,1.76,1.2,52.0,58.0,320.0,270.0,Good
31.0,16.0,26.0,8.2,9.3,6.9,8.3,203.0,354.0,1.0,2.3,0.32,0.93,2.0,6.0,13.0,80.0,2.0,2.0,10.0,21.0,1.1000000000000014,8.75,1.4000000000000004,7.6000000000000005,151.0,278.5,1.2999999999999998,1.65,0.6100000000000001,0.625,4.0,4.0,67.0,46.5,Poor
31.0,19.0,23.0,7.0,10.7,7.9,8.4,223.0,273.0,1.0,1.0,0.42,2.47,2.0,2600.0,13.0,54000.0,2.0,17.0,4.0,21.0,3.6999999999999993,8.85,0.5,8.15,50.0,248.0,0.0,1.0,2.0500000000000003,1.445,2598.0,1301.0,53987.0,27006.5,Poor
31.0,18.5,23.0,7.1,10.4,8.0,8.3,217.0,272.0,1.0,1.0,0.47,1.13,4.0,2200.0,14.0,92000.0,2.0,490.0,4.5,20.75,3.3000000000000007,8.75,0.3000000000000007,8.15,55.0,244.5,0.0,1.0,0.6599999999999999,0.7999999999999999,2196.0,1102.0,91986.0,46007.0,Poor
68.0,19.5,24.0,7.1,9.8,7.7,8.3,257.0,333.0,1.0,5.0,0.32,1.1,200.0,13000.0,1700.0,350000.0,130.0,700.0,4.5,21.75,2.700000000000001,8.45,0.6000000000000005,8.0,76.0,295.0,4.0,3.0,0.78,0.7100000000000001,12800.0,6600.0,348300.0,175850.0,Poor
68.0,14.0,28.0,7.2,9.4,7.0,8.3,227.0,290.0,1.0,1.0,0.7,5.9,33.0,250.0,120.0,580.0,2.0,2.0,14.0,21.0,2.2,8.3,1.3000000000000007,7.65,63.0,258.5,0.0,1.0,5.2,3.3000000000000003,217.0,141.5,460.0,350.0,Poor
68.0,16.0,22.0,7.0,12.1,7.4,8.3,206.0,274.0,1.0,1.0,0.8,3.1,17.0,100.0,70.0,330.0,2.0,5.0,6.0,19.0,5.1,9.55,0.9000000000000004,7.8500000000000005,68.0,240.0,0.0,1.0,2.3,1.9500000000000002,83.0,58.5,260.0,200.0,Poor
68.0,16.0,22.0,7.0,12.2,7.6,8.4,207.0,275.0,1.0,1.0,0.8,3.1,20.0,110.0,79.0,330.0,2.0,2.0,6.0,19.0,5.199999999999999,9.6,0.8000000000000007,8.0,68.0,241.0,0.0,1.0,2.3,1.9500000000000002,90.0,65.0,251.0,204.5,Poor
68.0,15.0,23.0,7.4,12.3,7.1,8.5,202.0,298.0,1.0,1.0,0.9,6.0,22.0,210.0,110.0,470.0,2.0,2.0,8.0,19.0,4.9,9.850000000000001,1.4000000000000004,7.8,96.0,250.0,0.0,1.0,5.1,3.45,188.0,116.0,360.0,290.0,Poor
68.0,13.0,28.0,7.5,10.0,7.0,8.3,210.0,302.0,1.0,1.0,0.9,2.4,38.0,380.0,140.0,840.0,10.8,55.8,15.0,20.5,2.5,8.75,1.3000000000000007,7.65,92.0,256.0,0.0,1.0,1.5,1.65,342.0,209.0,700.0,490.0,Poor
68.0,15.0,35.0,4.6,8.4,7.6,8.1,248.0,574.0,1.0,3.0,0.3,1.4,200.0,1700.0,700.0,3900.0,5.0,18.8,20.0,25.0,3.8000000000000007,6.5,0.5,7.85,326.0,411.0,2.0,2.0,1.0999999999999999,0.85,1500.0,950.0,3200.0,2300.0,Poor
68.0,15.0,35.0,0.3,5.8,7.2,8.1,518.0,1144.0,4.5,14.0,0.4,2.8,330.0,2300.0,1400.0,4300.0,3.2,34.6,20.0,25.0,5.5,3.05,0.8999999999999995,7.65,626.0,831.0,9.5,9.25,2.4,1.5999999999999999,1970.0,1315.0,2900.0,2850.0,Poor
68.0,15.0,32.0,0.3,1.9,7.3,7.8,538.0,1248.0,4.8,21.0,0.4,2.0,1100.0,110000.0,6300.0,340000.0,30.6,2341.2,17.0,23.5,1.5999999999999999,1.0999999999999999,0.5,7.55,710.0,893.0,16.2,12.9,1.6,1.2,108900.0,55550.0,333700.0,173150.0,Poor
68.0,10.0,29.0,6.3,8.8,7.6,8.3,257.0,320.0,1.0,1.8,0.8,3.1,130.0,780.0,700.0,2600.0,115.0,378.0,19.0,19.5,2.500000000000001,7.550000000000001,0.7000000000000011,7.95,63.0,288.5,0.8,1.4,2.3,1.9500000000000002,650.0,455.0,1900.0,1650.0,Poor
68.0,13.0,30.0,0.3,6.6,7.2,7.9,247.0,1245.0,2.3,75.0,1.4,3.8,17000.0,1700000.0,54000.0,6300000.0,3971.6,34520.0,17.0,21.5,6.3,3.4499999999999997,0.7000000000000002,7.550000000000001,998.0,746.0,72.7,38.65,2.4,2.5999999999999996,1683000.0,858500.0,6246000.0,3177000.0,Poor
68.0,16.0,21.0,6.7,9.6,7.5,8.1,196.0,264.0,1.0,1.0,0.4,1.8,17.0,78.0,68.0,270.0,2.0,5.2,5.0,18.5,2.8999999999999995,8.15,0.5999999999999996,7.8,68.0,230.0,0.0,1.0,1.4,1.1,61.0,47.5,202.0,169.0,Good
68.0,17.0,24.0,7.6,11.4,7.6,8.5,200.0,270.0,1.0,1.0,0.8,2.2,20.0,170.0,70.0,390.0,2.0,2.0,7.0,20.5,3.8000000000000007,9.5,0.9000000000000004,8.05,70.0,235.0,0.0,1.0,1.4000000000000001,1.5,150.0,95.0,320.0,230.0,Poor
68.0,14.0,29.0,7.0,9.8,7.3,8.5,243.0,363.0,1.0,1.0,0.7,2.7,78.0,700.0,490.0,1700.0,54.2,234.8,15.0,21.5,2.8000000000000007,8.4,1.2000000000000002,7.9,120.0,303.0,0.0,1.0,2.0,1.7000000000000002,622.0,389.0,1210.0,1095.0,Poor
68.0,14.0,27.0,6.4,9.0,7.5,8.2,240.0,348.0,1.0,1.2,1.1,2.6,61.0,460.0,330.0,1300.0,23.0,77.2,13.0,20.5,2.5999999999999996,7.7,0.6999999999999993,7.85,108.0,294.0,0.19999999999999996,1.1,1.5,1.85,399.0,260.5,970.0,815.0,Poor
68.0,12.0,28.0,6.5,8.1,7.4,8.2,259.0,394.0,1.0,2.8,1.1,3.3,210.0,1300.0,790.0,3900.0,3.8,18.8,16.0,20.0,1.5999999999999996,7.3,0.7999999999999989,7.8,135.0,326.5,1.7999999999999998,1.9,2.1999999999999997,2.2,1090.0,755.0,3110.0,2345.0,Poor
68.0,12.0,30.0,0.3,2.1,7.2,7.8,505.0,1250.0,17.0,105.0,1.1,8.0,79000.0,2200000.0,220000.0,7900000.0,3969.4,34269.0,18.0,21.0,1.8,1.2,0.5999999999999996,7.5,745.0,877.5,88.0,61.0,6.9,4.55,2121000.0,1139500.0,7680000.0,4060000.0,Poor
68.0,11.0,30.0,4.2,7.5,7.2,7.9,271.0,442.0,1.0,3.6,1.1,3.2,270.0,2200.0,700.0,5400.0,3.2,54.2,19.0,20.5,3.3,5.85,0.7000000000000002,7.550000000000001,171.0,356.5,2.6,2.3,2.1,2.1500000000000004,1930.0,1235.0,4700.0,3050.0,Poor
68.0,15.0,34.0,0.3,0.3,6.9,7.8,937.0,1165.0,42.0,100.0,1.1,2.8,63000.0,490000.0,220000.0,790000.0,293.8,26726.4,19.0,24.5,0.0,0.3,0.8999999999999995,7.35,228.0,1051.0,58.0,71.0,1.6999999999999997,1.95,427000.0,276500.0,570000.0,505000.0,Poor
68.0,16.0,31.0,0.3,0.3,6.7,7.7,849.0,1309.0,35.0,79.0,0.82,5.0,63000.0,460000.0,210000.0,700000.0,293.8,26726.4,15.0,23.5,0.0,0.3,1.0,7.2,460.0,1079.0,44.0,57.0,4.18,2.91,397000.0,261500.0,490000.0,455000.0,Poor
68.0,11.0,28.0,0.3,7.6,7.1,7.8,305.0,733.0,2.2,41.0,1.3,4.6,4900.0,1200000.0,17000.0,2800000.0,420.4,27706.0,17.0,19.5,7.3,3.9499999999999997,0.7000000000000002,7.449999999999999,428.0,519.0,38.8,21.6,3.3,2.9499999999999997,1195100.0,602450.0,2783000.0,1408500.0,Poor
68.0,12.0,29.0,0.3,7.8,7.1,7.8,300.0,808.0,2.0,50.0,1.7,6.3,7900.0,1700000.0,17000.0,3500000.0,574.4,8706.0,17.0,20.5,7.5,4.05,0.7000000000000002,7.449999999999999,508.0,554.0,48.0,26.0,4.6,4.0,1692100.0,853950.0,3483000.0,1758500.0,Poor
68.0,12.0,30.0,4.8,9.1,7.0,8.1,248.0,422.0,1.0,2.0,1.1,2.6,110.0,780.0,540.0,2600.0,115.0,378.0,18.0,21.0,4.3,6.949999999999999,1.0999999999999996,7.55,174.0,335.0,1.0,1.5,1.5,1.85,670.0,445.0,2060.0,1570.0,Poor
68.0,12.0,30.0,4.7,8.9,6.9,8.0,251.0,420.0,1.0,2.4,1.2,2.8,170.0,1100.0,540.0,2700.0,115.0,418.0,18.0,21.0,4.2,6.800000000000001,1.0999999999999996,7.45,169.0,335.5,1.4,1.7,1.5999999999999999,2.0,930.0,635.0,2160.0,1620.0,Poor
31.0,10.0,18.0,8.7,9.1,7.5,8.4,141.0,276.0,1.0,1.0,0.3,6.43,2.0,68.0,21.0,16000.0,2.0,2.0,8.0,14.0,0.40000000000000036,8.899999999999999,0.9000000000000004,7.95,135.0,208.5,0.0,1.0,6.13,3.3649999999999998,66.0,35.0,15979.0,8010.5,Good
31.0,9.0,22.0,8.1,9.0,7.4,8.2,164.0,467.0,1.0,1.0,0.3,4.58,2.0,20.0,130.0,1400.0,2.0,2.0,13.0,15.5,0.9000000000000004,8.55,0.7999999999999989,7.8,303.0,315.5,0.0,1.0,4.28,2.44,18.0,11.0,1270.0,765.0,Good
31.0,11.0,17.5,8.5,9.2,6.9,8.2,158.0,286.0,1.0,1.0,0.31,2.18,2.0,27.0,110.0,5400.0,2.0,2.0,6.5,14.25,0.6999999999999993,8.85,1.299999999999999,7.55,128.0,222.0,0.0,1.0,1.87,1.245,25.0,14.5,5290.0,2755.0,Good
31.0,9.0,17.0,8.9,9.2,7.1,8.3,136.0,274.0,1.0,1.0,0.41,3.61,2.0,40.0,27.0,3500.0,2.0,2.0,8.0,13.0,0.29999999999999893,9.05,1.200000000000001,7.7,138.0,205.0,0.0,1.0,3.1999999999999997,2.01,38.0,21.0,3473.0,1763.5,Good
31.0,10.0,17.0,8.0,9.0,7.5,8.1,130.0,266.0,1.0,1.0,0.3,3.23,2.0,78.0,26.0,16000.0,2.0,2.0,7.0,13.5,1.0,8.5,0.5999999999999996,7.8,136.0,198.0,0.0,1.0,2.93,1.765,76.0,40.0,15974.0,8013.0,Good
31.0,10.0,17.5,8.8,9.1,7.5,8.4,142.0,281.0,1.0,1.0,0.59,4.71,2.0,40.0,21.0,9200.0,2.0,2.0,7.5,13.75,0.29999999999999893,8.95,0.9000000000000004,7.95,139.0,211.5,0.0,1.0,4.12,2.65,38.0,21.0,9179.0,4610.5,Good
31.0,10.0,18.5,8.3,9.0,7.5,8.3,140.0,264.0,1.0,1.0,0.3,3.06,2.0,110.0,32.0,9200.0,2.0,2.0,8.5,14.25,0.6999999999999993,8.65,0.8000000000000007,7.9,124.0,202.0,0.0,1.0,2.7600000000000002,1.68,108.0,56.0,9168.0,4616.0,Poor
36.0,19.0,31.0,8.7,10.8,8.0,8.7,175.0,351.0,1.0,3.0,0.32,0.83,2200.0,24000000.0,7000.0,160000000.0,11.0,540000.0,12.0,25.0,2.1000000000000014,9.75,0.6999999999999993,8.35,176.0,263.0,2.0,2.0,0.51,0.575,23997800.0,12001100.0,159993000.0,80003500.0,Poor
68.0,18.0,24.0,9.0,10.0,7.9,8.4,172.0,237.0,1.0,1.3,0.39,1.79,37.0,28000.0,400.0,28000.0,13.0,790.0,6.0,21.0,1.0,9.5,0.5,8.15,65.0,204.5,0.30000000000000004,1.15,1.4,1.09,27963.0,14018.5,27600.0,14200.0,Poor
68.0,11.0,34.0,8.1,10.2,7.5,8.2,152.0,207.0,1.0,1.1,0.4,1.2,18.0,40.0,70.0,140.0,2.8,26.2,23.0,22.5,2.0999999999999996,9.149999999999999,0.6999999999999993,7.85,55.0,179.5,0.10000000000000009,1.05,0.7999999999999999,0.8,22.0,29.0,70.0,105.0,Good
31.0,4.0,16.0,7.0,8.6,6.5,8.1,42.0,100.0,1.0,1.0,0.32,0.85,43.0,170.0,220.0,920.0,2.0,2.0,12.0,10.0,1.5999999999999996,7.8,1.5999999999999996,7.3,58.0,71.0,0.0,1.0,0.53,0.585,127.0,106.5,700.0,570.0,Poor
31.0,6.0,15.0,7.4,8.2,7.0,8.0,60.0,145.0,1.0,1.0,0.32,0.84,22.0,110.0,94.0,920.0,2.0,2.0,9.0,10.5,0.7999999999999989,7.8,1.0,7.5,85.0,102.5,0.0,1.0,0.52,0.58,88.0,66.0,826.0,507.0,Poor
31.0,3.0,15.0,7.2,8.8,6.8,8.3,40.0,94.0,1.0,1.0,0.32,1.06,17.0,47.0,63.0,220.0,2.0,2.0,12.0,9.0,1.6000000000000005,8.0,1.5000000000000009,7.550000000000001,54.0,67.0,0.0,1.0,0.74,0.6900000000000001,30.0,32.0,157.0,141.5,Good
31.0,3.0,16.0,7.1,8.7,6.8,8.0,42.0,100.0,1.0,1.0,0.32,1.23,22.0,94.0,70.0,350.0,2.0,2.0,13.0,9.5,1.5999999999999996,7.8999999999999995,1.2000000000000002,7.4,58.0,71.0,0.0,1.0,0.9099999999999999,0.775,72.0,58.0,280.0,210.0,Good
31.0,12.0,23.0,5.8,7.1,7.4,8.2,331.0,766.0,1.0,7.2,1.73,15.8,2.0,920.0,26.0,1600.0,2.0,2.0,11.0,17.5,1.2999999999999998,6.449999999999999,0.7999999999999989,7.8,435.0,548.5,6.2,4.1,14.07,8.765,918.0,461.0,1574.0,813.0,Poor
31.0,12.0,26.0,5.5,7.1,7.3,8.1,408.0,1436.0,1.0,6.0,2.62,15.54,4.0,920.0,21.0,1600.0,2.0,2.0,14.0,19.0,1.5999999999999996,6.3,0.7999999999999998,7.699999999999999,1028.0,922.0,5.0,3.5,12.919999999999998,9.08,916.0,462.0,1579.0,810.5,Poor
31.0,11.0,26.0,3.4,7.1,7.1,8.1,403.0,1611.0,1.0,3.9,3.05,15.31,2.0,540.0,26.0,1600.0,2.0,2.0,15.0,18.5,3.6999999999999997,5.25,1.0,7.6,1208.0,1007.0,2.9,2.45,12.260000000000002,9.18,538.0,271.0,1574.0,813.0,Poor
31.0,11.0,24.0,6.0,7.1,7.5,8.2,329.0,768.0,1.0,3.8,1.86,11.86,4.0,46.0,34.0,920.0,2.0,2.0,13.0,17.5,1.0999999999999996,6.55,0.6999999999999993,7.85,439.0,548.5,2.8,2.4,10.0,6.859999999999999,42.0,25.0,886.0,477.0,Poor
31.0,12.0,24.0,4.0,7.6,7.2,8.1,302.0,1754.0,1.0,24.0,1.4,9.23,2.0,1600.0,12.0,1600.0,2.0,2.0,12.0,18.0,3.5999999999999996,5.8,0.8999999999999995,7.65,1452.0,1028.0,23.0,12.5,7.83,5.315,1598.0,801.0,1588.0,806.0,Poor
31.0,11.0,25.0,3.0,6.9,7.6,8.2,360.0,1913.0,1.0,16.0,1.48,14.24,7.0,1600.0,39.0,1600.0,2.0,9.0,14.0,18.0,3.9000000000000004,4.95,0.5999999999999996,7.8999999999999995,1553.0,1136.5,15.0,8.5,12.76,7.86,1593.0,803.5,1561.0,819.5,Poor
31.0,12.0,24.0,5.2,7.1,7.7,8.3,418.0,1385.0,1.0,5.6,1.93,12.83,4.0,540.0,33.0,1600.0,2.0,2.0,12.0,18.0,1.8999999999999995,6.15,0.6000000000000005,8.0,967.0,901.5,4.6,3.3,10.9,7.38,536.0,272.0,1567.0,816.5,Poor
68.0,19.0,27.0,6.0,6.8,7.6,8.1,330.0,1269.0,3.0,45.0,1.27,5.52,3400.0,490000.0,28000.0,1600000.0,1700.0,4900.0,8.0,23.0,0.7999999999999998,6.4,0.5,7.85,939.0,799.5,42.0,24.0,4.25,3.3949999999999996,486600.0,246700.0,1572000.0,814000.0,Poor
68.0,12.0,29.0,6.5,12.2,7.2,8.3,262.0,554.0,1.0,1.2,0.9,4.7,78.0,460.0,210.0,1100.0,32.2,107.8,17.0,20.5,5.699999999999999,9.35,1.1000000000000005,7.75,292.0,408.0,0.19999999999999996,1.1,3.8000000000000003,2.8000000000000003,382.0,269.0,890.0,655.0,Poor
31.0,10.0,16.0,8.7,9.2,6.7,8.1,64.0,283.0,1.0,1.0,0.37,3.32,2.0,14.0,70.0,1700.0,2.0,2.0,6.0,13.0,0.5,8.95,1.3999999999999995,7.4,219.0,173.5,0.0,1.0,2.9499999999999997,1.845,12.0,8.0,1630.0,885.0,Good
31.0,10.0,27.0,8.0,8.9,7.1,8.3,210.0,385.0,1.0,2.0,0.32,3.22,63.0,1600.0,350.0,1600.0,2.0,2.0,17.0,18.5,0.9000000000000004,8.45,1.200000000000001,7.7,175.0,297.5,1.0,1.5,2.9000000000000004,1.77,1537.0,831.5,1250.0,975.0,Poor
31.0,15.0,20.0,8.6,9.2,7.3,8.2,57.0,294.0,1.0,1.0,0.59,3.1,2.0,40.0,49.0,9200.0,2.0,2.0,5.0,17.5,0.5999999999999996,8.899999999999999,0.8999999999999995,7.75,237.0,175.5,0.0,1.0,2.5100000000000002,1.845,38.0,21.0,9151.0,4624.5,Good
31.0,12.0,22.0,8.5,9.1,7.1,8.5,88.0,283.0,1.0,1.0,0.95,4.18,2.0,45.0,70.0,16000.0,2.0,2.0,10.0,17.0,0.5999999999999996,8.8,1.4000000000000004,7.8,195.0,185.5,0.0,1.0,3.2299999999999995,2.565,43.0,23.5,15930.0,8035.0,Good
31.0,7.0,11.5,9.2,9.7,7.6,8.4,129.0,509.0,1.0,1.0,0.32,0.82,2.0,70.0,2.0,280.0,2.0,2.0,4.5,9.25,0.5,9.45,0.8000000000000007,8.0,380.0,319.0,0.0,1.0,0.49999999999999994,0.57,68.0,36.0,278.0,141.0,Good
31.0,7.0,12.0,9.3,9.8,7.5,8.4,104.0,304.0,1.0,1.0,0.32,1.45,2.0,39.0,9.0,280.0,2.0,2.0,5.0,9.5,0.5,9.55,0.9000000000000004,7.95,200.0,204.0,0.0,1.0,1.13,0.885,37.0,20.5,271.0,144.5,Good
31.0,6.0,10.4,7.6,8.7,7.0,8.4,42.0,136.0,1.0,1.0,0.32,0.66,2.0,20.0,2.0,280.0,2.0,2.0,4.4,8.2,1.0999999999999996,8.149999999999999,1.4000000000000004,7.7,94.0,89.0,0.0,1.0,0.34,0.49,18.0,11.0,278.0,141.0,Good
31.0,12.0,19.0,9.0,9.1,7.5,8.2,79.0,213.0,1.0,1.0,0.69,3.12,2.0,93.0,26.0,5400.0,2.0,2.0,7.0,15.5,0.09999999999999964,9.05,0.6999999999999993,7.85,134.0,146.0,0.0,1.0,2.43,1.905,91.0,47.5,5374.0,2713.0,Good
36.0,11.0,22.0,2.6,7.8,8.1,8.8,280.0,487.0,1.0,2.7,0.0,0.77,500.0,3000.0,1324.0,6960.0,56.0,160.8,11.0,16.5,5.199999999999999,5.2,0.7000000000000011,8.45,207.0,383.5,1.7000000000000002,1.85,0.77,0.385,2500.0,1750.0,5636.0,4142.0,Poor
36.0,11.0,22.0,2.4,6.2,8.0,8.5,264.0,589.0,1.3,3.0,0.0,1.1,700.0,3000.0,1620.0,6420.0,49.0,118.0,11.0,16.5,3.8000000000000003,4.3,0.5,8.25,325.0,426.5,1.7,2.15,1.1,0.55,2300.0,1850.0,4800.0,4020.0,Poor
36.0,7.8,24.0,4.7,7.2,7.3,8.0,234.0,386.0,1.0,2.3,0.0,0.32,700.0,700.0,1520.0,1840.0,172.0,226.0,16.2,15.9,2.5,5.95,0.7000000000000002,7.65,152.0,310.0,1.2999999999999998,1.65,0.32,0.16,0.0,700.0,320.0,1680.0,Poor
36.0,14.0,26.0,3.1,6.5,7.5,8.2,224.0,446.0,1.0,3.7,0.0,0.79,600.0,1000.0,1580.0,2480.0,240.0,368.0,12.0,20.0,3.4,4.8,0.6999999999999993,7.85,222.0,335.0,2.7,2.35,0.79,0.395,400.0,800.0,900.0,2030.0,Poor
36.0,17.0,26.0,6.7,7.2,7.6,8.4,160.0,324.0,1.0,1.0,0.0,0.32,600.0,1300.0,1380.0,2640.0,220.0,356.0,9.0,21.5,0.5,6.95,0.8000000000000007,8.0,164.0,242.0,0.0,1.0,0.32,0.16,700.0,950.0,1260.0,2010.0,Poor
36.0,9.0,16.0,6.8,7.0,7.3,7.9,114.0,227.0,1.1,1.6,0.0,1.19,600.0,1000.0,1400.0,2160.0,210.0,290.0,7.0,12.5,0.20000000000000018,6.9,0.6000000000000005,7.6,113.0,170.5,0.5,1.35,1.19,0.595,400.0,800.0,760.0,1780.0,Poor
36.0,16.0,26.0,3.1,5.3,7.9,8.2,312.0,627.0,2.3,4.4,0.0,4.32,800.0,2000.0,1464.0,3140.0,216.2,604.4,10.0,21.0,2.1999999999999997,4.2,0.29999999999999893,8.05,315.0,469.5,2.1000000000000005,3.35,4.32,2.16,1200.0,1400.0,1676.0,2302.0,Poor
36.0,16.0,26.0,5.8,7.8,7.6,8.3,300.0,542.0,1.0,1.9,0.0,1.55,700.0,3000.0,1620.0,6420.0,49.0,118.0,10.0,21.0,2.0,6.8,0.7000000000000011,7.95,242.0,421.0,0.8999999999999999,1.45,1.55,0.775,2300.0,1850.0,4800.0,4020.0,Poor
36.0,16.0,26.0,5.6,8.0,7.3,8.5,286.0,420.0,1.0,2.0,0.0,0.32,700.0,2000.0,1264.0,3560.0,216.2,604.4,10.0,21.0,2.4000000000000004,6.8,1.2000000000000002,7.9,134.0,353.0,1.0,1.5,0.32,0.16,1300.0,1350.0,2296.0,2412.0,Poor
36.0,17.0,26.0,3.0,7.5,7.9,8.9,185.0,372.0,1.1,4.0,0.0,1.42,700.0,800.0,1600.0,2120.0,172.0,226.0,9.0,21.5,4.5,5.25,1.0,8.4,187.0,278.5,2.9,2.55,1.42,0.71,100.0,750.0,520.0,1860.0,Poor
36.0,17.0,26.0,6.5,7.2,7.9,8.5,156.0,360.0,1.0,1.0,0.0,0.32,500.0,1500.0,1184.0,2280.0,151.8,570.0,9.0,21.5,0.7000000000000002,6.85,0.5999999999999996,8.2,204.0,258.0,0.0,1.0,0.32,0.16,1000.0,1000.0,1096.0,1732.0,Poor
31.0,19.2,32.0,6.6,7.8,7.6,8.0,350.0,494.0,1.0,2.8,0.32,7.11,2.0,6.0,17.0,270.0,2.0,2.0,12.8,25.6,1.2000000000000002,7.199999999999999,0.40000000000000036,7.8,144.0,422.0,1.7999999999999998,1.9,6.79,3.7150000000000003,4.0,4.0,253.0,143.5,Poor
31.0,19.5,31.0,6.5,8.1,7.4,7.8,421.0,484.0,1.0,2.7,0.32,4.06,2.0,6.0,14.0,70.0,2.0,2.0,11.5,25.25,1.5999999999999996,7.3,0.39999999999999947,7.6,63.0,452.5,1.7000000000000002,1.85,3.7399999999999998,2.19,4.0,4.0,56.0,42.0,Poor
31.0,24.0,32.0,5.5,7.2,6.7,8.0,371.0,663.0,1.0,2.8,0.32,2.13,2.0,4.0,13.0,140.0,2.0,2.0,8.0,28.0,1.7000000000000002,6.35,1.2999999999999998,7.35,292.0,517.0,1.7999999999999998,1.9,1.8099999999999998,1.2249999999999999,2.0,3.0,127.0,76.5,Poor
31.0,19.7,32.0,6.8,7.8,7.3,7.9,346.0,520.0,1.0,2.6,0.32,7.81,2.0,4.0,14.0,160.0,2.0,2.0,12.3,25.85,1.0,7.3,0.6000000000000005,7.6,174.0,433.0,1.6,1.8,7.489999999999999,4.0649999999999995,2.0,3.0,146.0,87.0,Poor
31.0,19.0,32.3,6.4,7.6,7.5,8.2,362.0,515.0,1.0,2.6,0.32,6.93,2.0,6.0,13.0,140.0,2.0,2.0,13.299999999999997,25.65,1.1999999999999993,7.0,0.6999999999999993,7.85,153.0,438.5,1.6,1.8,6.609999999999999,3.625,4.0,4.0,127.0,76.5,Poor
31.0,23.0,31.0,5.9,7.3,7.4,7.8,358.0,745.0,1.0,2.5,0.32,2.1,2.0,8.0,13.0,114.0,2.0,2.0,8.0,27.0,1.3999999999999995,6.6,0.39999999999999947,7.6,387.0,551.5,1.5,1.75,1.78,1.21,6.0,5.0,101.0,63.5,Poor
31.0,19.0,31.0,6.4,8.2,7.4,8.0,340.0,476.0,1.0,2.8,0.32,2.52,2.0,4.0,17.0,140.0,2.0,2.0,12.0,25.0,1.799999999999999,7.3,0.5999999999999996,7.7,136.0,408.0,1.7999999999999998,1.9,2.2,1.42,2.0,3.0,123.0,78.5,Poor
68.0,23.0,26.0,3.9,12.0,7.6,8.5,256.0,475.0,2.0,30.0,0.32,5.59,78.0,130000.0,1300.0,350000.0,17.0,11000.0,3.0,24.5,8.1,7.95,0.9000000000000004,8.05,219.0,365.5,28.0,16.0,5.27,2.955,129922.0,65039.0,348700.0,175650.0,Poor
31.0,16.0,32.0,6.1,7.9,7.4,8.2,259.0,498.0,1.0,4.0,0.32,2.42,2.0,6.0,17.0,170.0,2.0,2.0,16.0,24.0,1.8000000000000007,7.0,0.7999999999999989,7.8,239.0,378.5,3.0,2.5,2.1,1.3699999999999999,4.0,4.0,153.0,93.5,Poor
68.0,13.0,32.0,4.0,7.8,6.8,8.2,242.0,421.0,2.0,3.0,1.13,1.9,450.0,1400.0,1700.0,3400.0,272.0,486.0,19.0,22.5,3.8,5.9,1.3999999999999995,7.5,179.0,331.5,1.0,2.5,0.77,1.515,950.0,925.0,1700.0,2550.0,Poor
31.0,11.0,20.0,8.2,9.1,7.5,8.4,59.0,228.0,1.0,1.0,0.41,2.76,2.0,20.0,22.0,3500.0,2.0,2.0,9.0,15.5,0.9000000000000004,8.649999999999999,0.9000000000000004,7.95,169.0,143.5,0.0,1.0,2.3499999999999996,1.585,18.0,11.0,3478.0,1761.0,Good
31.0,12.0,20.0,8.2,9.2,7.6,8.5,59.0,242.0,1.0,1.0,0.49,2.67,2.0,20.0,39.0,5400.0,2.0,2.0,8.0,16.0,1.0,8.7,0.9000000000000004,8.05,183.0,150.5,0.0,1.0,2.1799999999999997,1.58,18.0,11.0,5361.0,2719.5,Good
31.0,12.0,21.0,8.6,9.2,7.3,8.0,74.0,329.0,1.0,1.0,0.3,2.04,2.0,45.0,13.0,9200.0,2.0,2.0,9.0,16.5,0.5999999999999996,8.899999999999999,0.7000000000000002,7.65,255.0,201.5,0.0,1.0,1.74,1.17,43.0,23.5,9187.0,4606.5,Good
31.0,10.0,21.0,8.4,9.3,7.0,8.2,74.0,368.0,1.0,1.0,0.3,2.62,2.0,45.0,22.0,16000.0,2.0,2.0,11.0,15.5,0.9000000000000004,8.850000000000001,1.1999999999999993,7.6,294.0,221.0,0.0,1.0,2.3200000000000003,1.46,43.0,23.5,15978.0,8011.0,Good
31.0,7.0,19.0,7.8,8.5,7.2,8.0,61.0,280.0,1.0,1.0,0.32,4.93,21.0,79.0,79.0,430.0,2.0,2.0,12.0,13.0,0.7000000000000002,8.15,0.7999999999999998,7.6,219.0,170.5,0.0,1.0,4.609999999999999,2.625,58.0,50.0,351.0,254.5,Good
31.0,8.0,18.0,7.2,8.1,7.2,8.3,105.0,800.0,1.0,1.0,0.32,2.34,4.0,220.0,17.0,920.0,2.0,7.0,10.0,13.0,0.8999999999999995,7.65,1.1000000000000005,7.75,695.0,452.5,0.0,1.0,2.02,1.3299999999999998,216.0,112.0,903.0,468.5,Poor
31.0,17.0,33.4,6.9,8.0,7.4,8.3,344.0,517.0,1.0,3.0,0.32,5.94,2.0,6.0,14.0,170.0,2.0,2.0,16.4,25.2,1.0999999999999996,7.45,0.9000000000000004,7.8500000000000005,173.0,430.5,2.0,2.0,5.62,3.1300000000000003,4.0,4.0,156.0,92.0,Poor
31.0,16.0,20.0,8.8,9.4,7.1,8.1,97.0,201.0,1.0,1.0,0.48,3.68,2.0,40.0,33.0,16000.0,2.0,2.0,4.0,18.0,0.5999999999999996,9.100000000000001,1.0,7.6,104.0,149.0,0.0,1.0,3.2,2.08,38.0,21.0,15967.0,8016.5,Good
31.0,16.0,21.0,8.8,9.2,7.3,8.3,95.0,187.0,1.0,1.0,0.57,3.26,2.0,78.0,79.0,16000.0,2.0,2.0,5.0,18.5,0.3999999999999986,9.0,1.0000000000000009,7.800000000000001,92.0,141.0,0.0,1.0,2.69,1.9149999999999998,76.0,40.0,15921.0,8039.5,Good
31.0,12.0,19.0,9.1,9.2,7.6,8.2,74.0,197.0,1.0,1.0,0.3,5.53,2.0,20.0,13.0,3500.0,2.0,2.0,7.0,15.5,0.09999999999999964,9.149999999999999,0.5999999999999996,7.8999999999999995,123.0,135.5,0.0,1.0,5.23,2.915,18.0,11.0,3487.0,1756.5,Good
31.0,11.0,18.0,8.8,9.1,7.7,8.6,67.0,237.0,1.0,1.0,0.3,6.43,2.0,7.0,11.0,790.0,2.0,2.0,7.0,14.5,0.29999999999999893,8.95,0.8999999999999995,8.15,170.0,152.0,0.0,1.0,6.13,3.3649999999999998,5.0,4.5,779.0,400.5,Good
31.0,10.0,18.0,9.0,9.2,7.4,8.4,70.0,196.0,1.0,1.0,0.3,5.96,2.0,20.0,11.0,1300.0,2.0,2.0,8.0,14.0,0.1999999999999993,9.1,1.0,7.9,126.0,133.0,0.0,1.0,5.66,3.13,18.0,11.0,1289.0,655.5,Good
31.0,9.0,17.0,8.9,9.6,7.2,8.0,77.0,480.0,1.0,1.0,0.3,4.12,2.0,20.0,8.0,5400.0,2.0,2.0,8.0,13.0,0.6999999999999993,9.25,0.7999999999999998,7.6,403.0,278.5,0.0,1.0,3.8200000000000003,2.21,18.0,11.0,5392.0,2704.0,Good
31.0,14.0,23.0,5.8,7.1,7.5,8.0,615.0,1384.0,1.0,5.4,1.69,17.26,5.0,220.0,34.0,1600.0,2.0,2.0,9.0,18.5,1.2999999999999998,6.449999999999999,0.5,7.75,769.0,999.5,4.4,3.2,15.570000000000002,9.475000000000001,215.0,112.5,1566.0,817.0,Poor
31.0,9.0,9.0,9.6,9.6,8.3,8.3,87.0,87.0,1.0,1.0,0.61,0.61,11.0,11.0,26.0,26.0,2.0,2.0,0.0,9.0,0.0,9.6,0.0,8.3,0.0,87.0,0.0,1.0,0.0,0.61,0.0,11.0,0.0,26.0,Good
31.0,10.0,16.0,8.8,9.0,7.3,8.0,125.0,259.0,1.0,1.0,0.73,2.68,4.0,45.0,350.0,5400.0,2.0,2.0,6.0,13.0,0.1999999999999993,8.9,0.7000000000000002,7.65,134.0,192.0,0.0,1.0,1.9500000000000002,1.705,41.0,24.5,5050.0,2875.0,Good
31.0,4.0,23.0,8.5,9.6,7.1,8.1,62.0,205.0,1.0,1.0,0.32,1.01,23.0,79.0,170.0,350.0,2.0,2.0,19.0,13.5,1.0999999999999996,9.05,1.0,7.6,143.0,133.5,0.0,1.0,0.69,0.665,56.0,51.0,180.0,260.0,Good
31.0,12.0,27.0,7.0,8.8,7.1,8.2,210.0,414.0,1.0,2.8,0.49,3.25,58.0,920.0,280.0,1600.0,2.0,2.0,15.0,19.5,1.8000000000000007,7.9,1.0999999999999996,7.6499999999999995,204.0,312.0,1.7999999999999998,1.9,2.76,1.87,862.0,489.0,1320.0,940.0,Poor
31.0,5.0,32.0,8.2,9.3,7.2,8.2,185.0,285.0,1.0,1.0,0.32,1.83,11.0,79.0,33.0,350.0,2.0,2.0,27.0,18.5,1.1000000000000014,8.75,0.9999999999999991,7.699999999999999,100.0,235.0,0.0,1.0,1.51,1.075,68.0,45.0,317.0,191.5,Good
31.0,3.0,12.0,7.5,8.9,7.2,8.1,92.0,225.0,1.0,1.0,0.32,0.55,23.0,39.0,140.0,280.0,2.0,2.0,9.0,7.5,1.4000000000000004,8.2,0.8999999999999995,7.65,133.0,158.5,0.0,1.0,0.23000000000000004,0.43500000000000005,16.0,31.0,140.0,210.0,Good
31.0,3.0,10.0,7.6,8.5,7.2,8.1,88.0,221.0,1.0,1.0,0.32,0.64,2.0,39.0,45.0,210.0,2.0,2.0,7.0,6.5,0.9000000000000004,8.05,0.8999999999999995,7.65,133.0,154.5,0.0,1.0,0.32,0.48,37.0,20.5,165.0,127.5,Good
31.0,4.0,12.0,7.6,9.1,7.2,8.2,87.0,218.0,1.0,1.0,0.32,0.95,26.0,47.0,170.0,240.0,2.0,2.0,8.0,8.0,1.5,8.35,0.9999999999999991,7.699999999999999,131.0,152.5,0.0,1.0,0.6299999999999999,0.635,21.0,36.5,70.0,205.0,Good
83.0,7.0,7.0,11.0,11.0,8.4,8.4,84.0,84.0,1.0,1.0,0.32,0.32,2.0,2.0,2.0,2.0,2.0,2.0,0.0,7.0,0.0,11.0,0.0,8.4,0.0,84.0,0.0,1.0,0.0,0.32,0.0,2.0,0.0,2.0,Good
83.0,10.0,10.0,11.4,11.4,8.0,8.0,50.0,50.0,1.0,1.0,0.32,0.32,2.0,2.0,2.0,2.0,2.0,2.0,0.0,10.0,0.0,11.4,0.0,8.0,0.0,50.0,0.0,1.0,0.0,0.32,0.0,2.0,0.0,2.0,Good
83.0,13.5,13.5,11.2,11.2,7.3,7.3,43.0,43.0,1.0,1.0,0.32,0.32,2.0,2.0,2.0,2.0,2.0,2.0,0.0,13.5,0.0,11.2,0.0,7.3,0.0,43.0,0.0,1.0,0.0,0.32,0.0,2.0,0.0,2.0,Good
83.0,15.0,17.0,10.0,10.6,7.6,8.3,47.0,137.0,1.0,1.0,0.32,0.35,2.0,2.0,2.0,4.0,2.0,2.0,2.0,16.0,0.5999999999999996,10.3,0.7000000000000011,7.95,90.0,92.0,0.0,1.0,0.02999999999999997,0.33499999999999996,0.0,2.0,2.0,3.0,Good
83.0,14.0,17.0,9.8,10.8,7.6,7.8,61.0,80.0,1.0,1.0,0.32,0.33,2.0,2.0,2.0,4.0,2.0,2.0,3.0,15.5,1.0,10.3,0.20000000000000018,7.699999999999999,19.0,70.5,0.0,1.0,0.010000000000000009,0.325,0.0,2.0,2.0,3.0,Good
83.0,14.0,17.0,10.2,10.8,7.4,8.2,58.0,122.0,1.0,1.0,0.32,0.33,2.0,2.0,2.0,4.0,2.0,2.0,3.0,15.5,0.6000000000000014,10.5,0.7999999999999989,7.8,64.0,90.0,0.0,1.0,0.010000000000000009,0.325,0.0,2.0,2.0,3.0,Good
83.0,15.0,19.0,10.0,10.6,7.8,8.3,89.0,128.0,1.0,1.0,0.32,0.33,2.0,2.0,2.0,4.0,2.0,2.0,4.0,17.0,0.5999999999999996,10.3,0.5000000000000009,8.05,39.0,108.5,0.0,1.0,0.010000000000000009,0.325,0.0,2.0,2.0,3.0,Good
83.0,16.0,20.0,9.8,10.8,7.8,8.1,76.0,117.0,1.0,1.0,0.32,0.36,2.0,2.0,2.0,2.0,2.0,2.0,4.0,18.0,1.0,10.3,0.2999999999999998,7.949999999999999,41.0,96.5,0.0,1.0,0.03999999999999998,0.33999999999999997,0.0,2.0,0.0,2.0,Good
83.0,15.0,20.0,10.0,10.8,7.5,8.2,87.0,110.0,1.0,1.0,0.32,0.33,2.0,2.0,2.0,4.0,2.0,2.0,5.0,17.5,0.8000000000000007,10.4,0.6999999999999993,7.85,23.0,98.5,0.0,1.0,0.010000000000000009,0.325,0.0,2.0,2.0,3.0,Good
83.0,13.0,24.0,9.0,10.6,7.2,8.4,84.0,265.0,1.0,1.0,0.32,0.43,31.0,48.0,39.0,49.0,2.0,2.0,11.0,18.5,1.5999999999999996,9.8,1.2000000000000002,7.800000000000001,181.0,174.5,0.0,1.0,0.10999999999999999,0.375,17.0,39.5,10.0,44.0,Good
83.0,12.0,23.0,9.6,11.0,7.1,8.3,70.0,154.0,1.0,1.0,0.0,0.37,21.0,43.0,26.0,48.0,2.0,2.0,11.0,17.5,1.4000000000000004,10.3,1.200000000000001,7.7,84.0,112.0,0.0,1.0,0.37,0.185,22.0,32.0,22.0,37.0,Good
83.0,14.0,28.0,8.2,10.2,7.0,8.2,90.0,431.0,1.0,1.7,0.32,0.48,27.0,84.0,34.0,94.0,2.0,26.0,14.0,21.0,2.0,9.2,1.1999999999999993,7.6,341.0,260.5,0.7,1.35,0.15999999999999998,0.4,57.0,55.5,60.0,64.0,Good
83.0,14.0,22.0,9.2,10.8,7.1,8.5,67.0,141.0,1.0,1.2,0.32,0.39,2.0,43.0,2.0,49.0,2.0,2.0,8.0,18.0,1.6000000000000014,10.0,1.4000000000000004,7.8,74.0,104.0,0.19999999999999996,1.1,0.07,0.355,41.0,22.5,47.0,25.5,Good
83.0,13.0,29.0,8.2,10.0,7.1,8.5,157.0,325.0,1.1,1.7,0.32,0.38,33.0,63.0,58.0,94.0,2.0,6.0,16.0,21.0,1.8000000000000007,9.1,1.4000000000000004,7.8,168.0,241.0,0.5999999999999999,1.4,0.06,0.35,30.0,48.0,36.0,76.0,Good
83.0,14.8,26.2,8.0,10.3,7.3,8.3,166.0,351.0,1.0,2.0,0.32,1.65,21.0,79.0,63.0,170.0,9.0,43.0,11.399999999999999,20.5,2.3000000000000007,9.15,1.0000000000000009,7.800000000000001,185.0,258.5,1.0,1.5,1.3299999999999998,0.985,58.0,50.0,107.0,116.5,Poor
83.0,16.8,25.3,7.6,9.8,7.3,8.3,219.0,421.0,1.2,2.6,0.32,1.5,31.0,94.0,79.0,170.0,6.0,46.0,8.5,21.05,2.200000000000001,8.7,1.0000000000000009,7.800000000000001,202.0,320.0,1.4000000000000001,1.9,1.18,0.91,63.0,62.5,91.0,124.5,Poor
83.0,17.9,26.3,7.1,9.9,7.2,8.5,146.0,648.0,1.0,2.6,0.34,1.49,32.0,94.0,70.0,210.0,9.0,63.0,8.400000000000002,22.1,2.8000000000000007,8.5,1.2999999999999998,7.85,502.0,397.0,1.6,1.8,1.15,0.915,62.0,63.0,140.0,140.0,Poor
83.0,18.2,26.4,7.6,9.8,7.2,8.4,178.0,3203.0,1.0,2.4,0.33,1.57,24.0,94.0,79.0,220.0,11.0,43.0,8.2,22.299999999999997,2.200000000000001,8.7,1.2000000000000002,7.800000000000001,3025.0,1690.5,1.4,1.7,1.24,0.9500000000000001,70.0,59.0,141.0,149.5,Poor
83.0,14.7,27.0,7.4,9.7,7.4,8.3,219.0,435.0,1.2,2.4,0.32,1.85,21.0,94.0,79.0,170.0,10.0,63.0,12.3,20.85,2.299999999999999,8.55,0.9000000000000004,7.8500000000000005,216.0,327.0,1.2,1.7999999999999998,1.53,1.085,73.0,57.5,91.0,124.5,Poor
83.0,21.5,30.7,7.0,8.6,7.3,8.0,165.0,273.0,1.2,2.7,0.32,0.41,2.0,490000.0,2000.0,1100000.0,76.4,26766.4,9.2,26.1,1.5999999999999996,7.8,0.7000000000000002,7.65,108.0,219.0,1.5000000000000002,1.9500000000000002,0.08999999999999997,0.365,489998.0,245001.0,1098000.0,551000.0,Poor
82.0,16.0,16.0,7.2,8.5,7.6,8.1,180.0,289.0,1.0,2.0,0.32,0.72,330.0,93000.0,780.0,1400000.0,13.0,1300.0,0.0,16.0,1.2999999999999998,7.85,0.5,7.85,109.0,234.5,1.0,1.5,0.39999999999999997,0.52,92670.0,46665.0,1399220.0,700390.0,Poor
82.0,8.6,9.1,7.6,8.0,221.0,260.0,1.0,1.6,0.0,0.0,460.0,790.0,1100.0,1700.0,2.0,2.0,81.2,210.8,0.5,8.85,0.40000000000000036,7.8,39.0,240.5,0.6000000000000001,1.3,0.0,0.0,330.0,625.0,600.0,1400.0,0.0,2.0,Poor
82.0,8.4,8.9,7.7,7.9,241.0,252.0,1.2,1.6,0.0,0.0,460.0,790.0,1300.0,1700.0,2.0,2.0,81.2,210.8,0.5,8.65,0.20000000000000018,7.800000000000001,11.0,246.5,0.40000000000000013,1.4,0.0,0.0,330.0,625.0,400.0,1500.0,0.0,2.0,Poor
82.0,12.0,30.0,8.5,12.0,7.0,7.6,170.0,252.0,1.0,2.6,0.0,0.49,170.0,920.0,350.0,1600.0,94.0,280.0,18.0,21.0,3.5,10.25,0.5999999999999996,7.3,82.0,211.0,1.6,1.8,0.49,0.245,750.0,545.0,1250.0,975.0,Poor
82.0,12.0,30.0,8.2,11.7,7.3,7.6,174.0,255.0,1.0,2.9,0.3,0.5,240.0,1300.0,540.0,2200.0,130.0,540.0,18.0,21.0,3.5,9.95,0.2999999999999998,7.449999999999999,81.0,214.5,1.9,1.95,0.2,0.4,1060.0,770.0,1660.0,1370.0,Poor
82.0,16.0,32.0,7.1,11.0,7.1,7.3,94.0,198.0,1.0,2.7,0.0,0.0,170.0,920.0,350.0,1600.0,44.8,190.8,16.0,24.0,3.9000000000000004,9.05,0.20000000000000018,7.199999999999999,104.0,146.0,1.7000000000000002,1.85,0.0,0.0,750.0,545.0,1250.0,975.0,Poor
82.0,16.0,31.0,7.2,10.6,7.1,7.4,101.0,179.0,1.0,2.6,0.0,0.0,170.0,1100.0,350.0,1700.0,63.6,248.4,15.0,23.5,3.3999999999999995,8.9,0.3000000000000007,7.25,78.0,140.0,1.6,1.8,0.0,0.0,930.0,635.0,1350.0,1025.0,Poor
82.0,17.0,32.0,7.3,10.4,7.0,7.4,106.0,177.0,1.0,2.8,0.0,0.0,170.0,930.0,350.0,1700.0,54.6,222.8,15.0,24.5,3.1000000000000005,8.85,0.40000000000000036,7.2,71.0,141.5,1.7999999999999998,1.9,0.0,0.0,760.0,550.0,1350.0,1025.0,Poor
82.0,18.0,38.0,8.4,10.9,7.4,7.7,143.0,16350.0,1.1,1.6,0.3,4.2,2.0,480.0,260.0,630.0,2.0,350.0,20.0,28.0,2.5,9.65,0.2999999999999998,7.550000000000001,16207.0,8246.5,0.5,1.35,3.9000000000000004,2.25,478.0,241.0,370.0,445.0,Poor
82.0,14.0,31.0,6.5,10.9,8.0,8.5,181.0,346.0,2.6,3.7,0.0,0.0,1100.0,2600.0,1600.0,3300.0,2.0,2.0,17.0,22.5,4.4,8.7,0.5,8.25,165.0,263.5,1.1,3.1500000000000004,0.0,0.0,1500.0,1850.0,1700.0,2450.0,Poor
82.0,14.0,30.0,6.1,10.9,8.1,8.6,199.0,366.0,3.0,3.9,0.0,0.0,900.0,2700.0,1600.0,4300.0,2.0,2.0,16.0,22.0,4.800000000000001,8.5,0.5,8.35,167.0,282.5,0.8999999999999999,3.45,0.0,0.0,1800.0,1800.0,2700.0,2950.0,Poor
82.0,14.0,31.0,6.3,11.6,8.0,8.5,218.0,388.0,3.2,6.3,0.0,0.0,252.0,3400.0,2700.0,4900.0,2.0,2.0,17.0,22.5,5.3,8.95,0.5,8.25,170.0,303.0,3.0999999999999996,4.75,0.0,0.0,3148.0,1826.0,2200.0,3800.0,Poor
82.0,18.0,23.0,6.6,10.1,8.1,8.5,274.0,376.0,3.0,3.3,0.0,0.0,2300.0,2700.0,3100.0,4600.0,10.4,31.4,5.0,20.5,3.5,8.35,0.40000000000000036,8.3,102.0,325.0,0.2999999999999998,3.15,0.0,0.0,400.0,2500.0,1500.0,3850.0,Poor
82.0,14.0,31.0,6.2,11.2,7.8,8.5,224.0,356.0,3.0,11.6,0.0,0.0,1700.0,2700.0,3100.0,4300.0,2.0,45.0,17.0,22.5,4.999999999999999,8.7,0.7000000000000002,8.15,132.0,290.0,8.6,7.3,0.0,0.0,1000.0,2200.0,1200.0,3700.0,Poor
82.0,14.0,31.0,6.1,10.8,7.8,8.5,226.0,441.0,3.0,4.3,0.0,0.0,2100.0,4900.0,3100.0,7900.0,2.0,78.0,17.0,22.5,4.700000000000001,8.45,0.7000000000000002,8.15,215.0,333.5,1.2999999999999998,3.65,0.0,0.0,2800.0,3500.0,4800.0,5500.0,Poor
82.0,14.0,31.0,6.1,11.1,7.5,8.7,214.0,443.0,3.0,4.4,0.0,0.0,2000.0,3100.0,3100.0,5000.0,2.0,20.0,17.0,22.5,5.0,8.6,1.1999999999999993,8.1,229.0,328.5,1.4000000000000004,3.7,0.0,0.0,1100.0,2550.0,1900.0,4050.0,Poor
82.0,14.0,31.0,6.0,10.9,7.5,8.9,232.0,465.0,3.2,4.6,0.0,0.0,2100.0,3400.0,3800.0,6300.0,2.0,20.0,17.0,22.5,4.9,8.45,1.4000000000000004,8.2,233.0,348.5,1.3999999999999995,3.9,0.0,0.0,1300.0,2750.0,2500.0,5050.0,Poor
82.0,14.0,31.0,5.9,10.6,7.8,8.8,223.0,431.0,3.4,13.2,0.0,0.0,2200.0,4600.0,3100.0,7000.0,2.0,2.0,17.0,22.5,4.699999999999999,8.25,1.0000000000000009,8.3,208.0,327.0,9.799999999999999,8.299999999999999,0.0,0.0,2400.0,3400.0,3900.0,5050.0,Poor
82.0,14.0,30.0,6.0,10.4,7.7,8.5,266.0,630.0,3.4,4.9,0.0,0.0,2100.0,7900.0,3400.0,13000.0,20.0,20.0,16.0,22.0,4.4,8.2,0.7999999999999998,8.1,364.0,448.0,1.5000000000000004,4.15,0.0,0.0,5800.0,5000.0,9600.0,8200.0,Poor
82.0,14.0,31.0,5.6,10.2,7.4,8.6,269.0,645.0,3.7,14.8,0.0,0.0,4100.0,17000.0,7800.0,20000.0,2.0,2.0,17.0,22.5,4.6,7.8999999999999995,1.1999999999999993,8.0,376.0,457.0,11.100000000000001,9.25,0.0,0.0,12900.0,10550.0,12200.0,13900.0,Poor
82.0,15.0,23.0,6.1,10.4,7.8,8.4,232.0,560.0,3.4,3.8,0.0,0.0,2300.0,4300.0,4100.0,7000.0,274.8,674.0,8.0,19.0,4.300000000000001,8.25,0.6000000000000005,8.1,328.0,396.0,0.3999999999999999,3.5999999999999996,0.0,0.0,2000.0,3300.0,2900.0,5550.0,Poor
82.0,26.9,29.8,7.5,8.6,7.8,8.3,253.0,269.0,2.4,2.7,0.62,0.67,610.0,680.0,1500.0,2000.0,200.0,290.0,2.900000000000002,28.35,1.0999999999999996,8.05,0.5000000000000009,8.05,16.0,261.0,0.30000000000000027,2.55,0.050000000000000044,0.645,70.0,645.0,500.0,1750.0,Poor
82.0,21.0,26.0,3.0,10.5,7.7,8.0,268.0,377.0,2.5,3.9,0.78,0.98,1300.0,2400.0,2200.0,3900.0,8.0,22.0,5.0,23.5,7.5,6.75,0.2999999999999998,7.85,109.0,322.5,1.4,3.2,0.19999999999999996,0.88,1100.0,1850.0,1700.0,3050.0,Poor
82.0,21.0,26.0,0.3,10.6,7.8,8.0,265.0,373.0,2.4,3.8,0.76,0.88,1100.0,2300.0,2200.0,3400.0,7.0,22.0,5.0,23.5,10.299999999999999,5.45,0.20000000000000018,7.9,108.0,319.0,1.4,3.0999999999999996,0.12,0.8200000000000001,1200.0,1700.0,1200.0,2800.0,Poor
82.0,20.5,30.7,6.9,9.3,7.7,8.4,246.0,286.0,2.6,2.9,0.64,0.74,400.0,680.0,1300.0,2000.0,144.0,300.0,10.2,25.6,2.4000000000000004,8.100000000000001,0.7000000000000002,8.05,40.0,266.0,0.2999999999999998,2.75,0.09999999999999998,0.69,280.0,540.0,700.0,1650.0,Poor
82.0,24.0,25.0,7.8,8.6,7.8,7.9,271.0,334.0,3.1,3.2,0.76,0.78,1700.0,2200.0,2700.0,3200.0,14.0,20.0,1.0,24.5,0.7999999999999998,8.2,0.10000000000000053,7.85,63.0,302.5,0.10000000000000009,3.1500000000000004,0.020000000000000018,0.77,500.0,1950.0,500.0,2950.0,Poor
82.0,20.4,30.8,7.2,9.2,7.8,8.4,220.0,273.0,2.7,2.9,0.6,0.76,450.0,920.0,1700.0,2400.0,198.0,370.0,10.400000000000002,25.6,1.9999999999999991,8.2,0.6000000000000005,8.1,53.0,246.5,0.19999999999999973,2.8,0.16000000000000003,0.6799999999999999,470.0,685.0,700.0,2050.0,Poor
82.0,20.4,30.8,7.1,9.1,7.8,8.4,258.0,292.0,2.6,3.0,0.53,0.73,680.0,930.0,2200.0,2700.0,200.0,322.0,10.400000000000002,25.6,2.0,8.1,0.6000000000000005,8.1,34.0,275.0,0.3999999999999999,2.8,0.19999999999999996,0.63,250.0,805.0,500.0,2450.0,Poor
82.0,25.8,29.7,7.5,8.7,7.7,8.1,260.0,284.0,2.5,2.9,0.57,0.7,610.0,780.0,1500.0,2100.0,210.0,330.0,3.8999999999999986,27.75,1.1999999999999993,8.1,0.39999999999999947,7.9,24.0,272.0,0.3999999999999999,2.7,0.13,0.635,170.0,695.0,600.0,1800.0,Poor
82.0,20.5,30.7,7.2,8.9,7.4,8.4,260.0,297.0,2.6,3.0,0.61,0.72,610.0,920.0,1500.0,2500.0,232.0,416.0,10.2,25.6,1.7000000000000002,8.05,1.0,7.9,37.0,278.5,0.3999999999999999,2.8,0.10999999999999999,0.665,310.0,765.0,1000.0,2000.0,Poor
82.0,22.5,31.0,7.3,9.4,7.9,8.4,324.0,542.0,2.2,2.9,0.62,124.0,700.0,1300.0,1200.0,2000.0,380.0,700.0,8.5,26.75,2.1000000000000005,8.35,0.5,8.15,218.0,433.0,0.6999999999999997,2.55,123.38,62.31,600.0,1000.0,800.0,1600.0,Poor
82.0,22.5,31.0,6.6,8.5,7.6,8.0,332.0,552.0,3.3,4.5,0.0,1.96,7900.0,14000.0,13000.0,22000.0,3400.0,9400.0,8.5,26.75,1.9000000000000004,7.55,0.40000000000000036,7.8,220.0,442.0,1.2000000000000002,3.9,1.96,0.98,6100.0,10950.0,9000.0,17500.0,Poor
82.0,23.0,31.5,7.0,9.0,7.7,8.2,328.0,548.0,2.8,3.8,0.68,1.88,5800.0,11000.0,8400.0,17000.0,630.0,6300.0,8.5,27.25,2.0,8.0,0.4999999999999991,7.949999999999999,220.0,438.0,1.0,3.3,1.1999999999999997,1.28,5200.0,8400.0,8600.0,12700.0,Poor
82.0,22.5,31.0,7.2,9.6,7.8,8.4,320.0,542.0,2.1,2.8,0.58,1.56,680.0,1100.0,1100.0,2000.0,310.0,550.0,8.5,26.75,2.3999999999999995,8.4,0.6000000000000005,8.1,222.0,431.0,0.6999999999999997,2.45,0.9800000000000001,1.07,420.0,890.0,900.0,1550.0,Poor
82.0,22.5,31.0,6.7,8.5,7.6,8.1,332.0,550.0,3.3,4.5,0.72,2.25,7900.0,17000.0,14000.0,23000.0,4900.0,9200.0,8.5,26.75,1.7999999999999998,7.6,0.5,7.85,218.0,441.0,1.2000000000000002,3.9,1.53,1.4849999999999999,9100.0,12450.0,9000.0,18500.0,Poor
82.0,27.0,29.0,7.0,7.8,7.7,8.0,328.0,540.0,3.2,4.2,0.68,1.86,6300.0,11000.0,9400.0,17000.0,4600.0,6300.0,2.0,28.0,0.7999999999999998,7.4,0.2999999999999998,7.85,212.0,434.0,1.0,3.7,1.1800000000000002,1.27,4700.0,8650.0,7600.0,13200.0,Poor
82.0,23.0,33.5,7.0,8.8,7.8,8.2,324.0,546.0,2.8,3.8,0.65,1.98,4600.0,11000.0,8400.0,17000.0,4100.0,9800.0,10.5,28.25,1.8000000000000007,7.9,0.39999999999999947,8.0,222.0,435.0,1.0,3.3,1.33,1.315,6400.0,7800.0,8600.0,12700.0,Poor
82.0,27.0,29.0,7.4,8.4,7.3,8.2,320.0,536.0,2.8,3.6,0.6,1.76,4600.0,7000.0,6300.0,11000.0,2700.0,4900.0,2.0,28.0,1.0,7.9,0.8999999999999995,7.75,216.0,428.0,0.8000000000000003,3.2,1.1600000000000001,1.18,2400.0,5800.0,4700.0,8650.0,Poor
82.0,23.0,31.5,6.5,8.2,7.7,8.0,336.0,768.0,3.5,4.7,0.78,2.32,9400.0,17000.0,15000.0,26000.0,6300.0,13000.0,8.5,27.25,1.6999999999999993,7.35,0.2999999999999998,7.85,432.0,552.0,1.2000000000000002,4.1,1.5399999999999998,1.5499999999999998,7600.0,13200.0,11000.0,20500.0,Poor
9.0,16.0,33.0,6.9,8.8,7.2,8.2,225.0,617.0,1.0,2.5,0.3,0.3,780.0,92000.0,2300.0,160000.0,2.0,490.0,17.0,24.5,1.9000000000000004,7.8500000000000005,0.9999999999999991,7.699999999999999,392.0,421.0,1.5,1.75,0.0,0.3,91220.0,46390.0,157700.0,81150.0,Poor
9.0,17.0,32.0,7.0,9.0,7.1,8.3,247.0,646.0,1.0,2.1,0.3,0.34,2200.0,54000.0,3300.0,92000.0,2.0,330.0,15.0,24.5,2.0,8.0,1.200000000000001,7.7,399.0,446.5,1.1,1.55,0.040000000000000036,0.32,51800.0,28100.0,88700.0,47650.0,Poor
9.0,16.0,33.0,6.7,8.5,7.3,8.4,243.0,635.0,1.0,2.6,0.3,0.3,1300.0,92000.0,2300.0,160000.0,2.0,1100.0,17.0,24.5,1.7999999999999998,7.6,1.1000000000000005,7.85,392.0,439.0,1.6,1.8,0.0,0.3,90700.0,46650.0,157700.0,81150.0,Poor
9.0,16.0,31.0,6.5,8.9,7.3,8.2,249.0,610.0,1.0,2.6,0.3,0.33,1300.0,54000.0,2300.0,92000.0,2.0,220.0,15.0,23.5,2.4000000000000004,7.7,0.8999999999999995,7.75,361.0,429.5,1.6,1.8,0.030000000000000027,0.315,52700.0,27650.0,89700.0,47150.0,Poor
9.0,17.0,32.0,7.3,8.9,7.2,8.3,219.0,432.0,1.0,2.5,0.3,0.35,130.0,35000.0,230.0,54000.0,2.0,540.0,15.0,24.5,1.6000000000000005,8.1,1.1000000000000005,7.75,213.0,325.5,1.5,1.75,0.04999999999999999,0.32499999999999996,34870.0,17565.0,53770.0,27115.0,Poor
9.0,16.0,32.0,6.6,9.0,7.4,8.4,211.0,483.0,1.0,2.8,0.3,0.32,780.0,92000.0,2300.0,160000.0,2.0,1300.0,16.0,24.0,2.4000000000000004,7.8,1.0,7.9,272.0,347.0,1.7999999999999998,1.9,0.020000000000000018,0.31,91220.0,46390.0,157700.0,81150.0,Poor
9.0,15.0,32.0,6.9,8.8,7.4,8.0,209.0,409.0,1.2,2.6,0.3,0.3,780.0,92000.0,2300.0,160000.0,2.0,790.0,17.0,23.5,1.9000000000000004,7.8500000000000005,0.5999999999999996,7.7,200.0,309.0,1.4000000000000001,1.9,0.0,0.3,91220.0,46390.0,157700.0,81150.0,Poor
9.0,13.0,33.0,6.8,9.9,7.2,8.4,268.0,542.0,1.0,2.2,0.3,0.34,1100.0,54000.0,1400.0,92000.0,2.0,490.0,20.0,23.0,3.1000000000000005,8.35,1.2000000000000002,7.800000000000001,274.0,405.0,1.2000000000000002,1.6,0.040000000000000036,0.32,52900.0,27550.0,90600.0,46700.0,Poor
9.0,13.0,32.0,6.9,9.8,7.2,8.4,251.0,417.0,1.0,2.2,0.3,0.3,2300.0,92000.0,3300.0,160000.0,2.0,490.0,19.0,22.5,2.9000000000000004,8.350000000000001,1.2000000000000002,7.800000000000001,166.0,334.0,1.2000000000000002,1.6,0.0,0.3,89700.0,47150.0,156700.0,81650.0,Poor
9.0,13.0,32.0,6.1,9.5,7.1,8.3,242.0,415.0,1.0,2.5,0.3,0.3,17000.0,92000.0,28000.0,160000.0,2.0,5400.0,19.0,22.5,3.4000000000000004,7.8,1.200000000000001,7.7,173.0,328.5,1.5,1.75,0.0,0.3,75000.0,54500.0,132000.0,94000.0,Poor
9.0,13.0,31.0,6.3,9.0,7.2,8.4,251.0,398.0,1.2,2.5,0.3,0.3,13000.0,92000.0,22000.0,160000.0,2.0,35000.0,18.0,22.0,2.7,7.65,1.2000000000000002,7.800000000000001,147.0,324.5,1.3,1.85,0.0,0.3,79000.0,52500.0,138000.0,91000.0,Poor
9.0,13.0,33.0,6.1,9.4,7.22,8.38,240.0,418.0,1.1,2.6,0.3,0.32,2300.0,92000.0,3300.0,160000.0,1.8,2400.0,20.0,23.0,3.3000000000000007,7.75,1.160000000000001,7.800000000000001,178.0,329.0,1.5,1.85,0.020000000000000018,0.31,89700.0,47150.0,156700.0,81650.0,Poor
9.0,13.0,33.0,6.5,9.3,7.2,8.3,238.0,406.0,1.0,2.9,0.3,0.3,1300.0,92000.0,2300.0,160000.0,2.0,1300.0,20.0,23.0,2.8000000000000007,7.9,1.1000000000000005,7.75,168.0,322.0,1.9,1.95,0.0,0.3,90700.0,46650.0,157700.0,81150.0,Poor
9.0,13.0,32.0,6.3,9.5,7.1,8.4,240.0,410.0,1.0,2.3,0.3,0.3,2300.0,54000.0,4600.0,92000.0,2.0,1300.0,19.0,22.5,3.2,7.9,1.3000000000000007,7.75,170.0,325.0,1.2999999999999998,1.65,0.0,0.3,51700.0,28150.0,87400.0,48300.0,Poor
9.0,14.0,33.0,6.1,8.8,7.2,8.4,232.0,417.0,1.2,2.6,0.3,0.3,2300.0,35000.0,3300.0,92000.0,2.0,490.0,19.0,23.5,2.700000000000001,7.45,1.2000000000000002,7.800000000000001,185.0,324.5,1.4000000000000001,1.9,0.0,0.3,32700.0,18650.0,88700.0,47650.0,Poor
9.0,14.0,33.0,6.0,8.5,7.0,8.3,238.0,502.0,1.3,2.5,0.3,0.31,2300.0,92000.0,3300.0,160000.0,2.0,3500.0,19.0,23.5,2.5,7.25,1.3000000000000007,7.65,264.0,370.0,1.2,1.9,0.010000000000000009,0.305,89700.0,47150.0,156700.0,81650.0,Poor
9.0,15.0,31.0,7.2,9.4,7.4,8.2,199.0,439.0,1.0,2.3,0.3,0.3,130.0,54000.0,230.0,160000.0,2.0,110.0,16.0,23.0,2.2,8.3,0.7999999999999989,7.8,240.0,319.0,1.2999999999999998,1.65,0.0,0.3,53870.0,27065.0,159770.0,80115.0,Poor
9.0,16.0,32.0,7.2,9.1,7.4,8.2,188.0,436.0,1.1,2.5,0.3,0.31,490.0,92000.0,790.0,160000.0,2.0,1300.0,16.0,24.0,1.8999999999999995,8.15,0.7999999999999989,7.8,248.0,312.0,1.4,1.8,0.010000000000000009,0.305,91510.0,46245.0,159210.0,80395.0,Poor
9.0,16.0,32.0,7.3,9.5,7.3,8.2,184.0,457.0,1.0,2.7,0.3,0.3,490.0,92000.0,700.0,160000.0,2.0,490.0,16.0,24.0,2.2,8.4,0.8999999999999995,7.75,273.0,320.5,1.7000000000000002,1.85,0.0,0.3,91510.0,46245.0,159300.0,80350.0,Poor
9.0,17.0,32.0,7.0,8.2,7.4,8.1,179.0,380.0,1.5,2.2,0.3,0.3,2300.0,17000.0,3300.0,22000.0,2.0,170.0,15.0,24.5,1.1999999999999993,7.6,0.6999999999999993,7.75,201.0,279.5,0.7000000000000002,1.85,0.0,0.3,14700.0,9650.0,18700.0,12650.0,Poor
9.0,16.0,33.0,7.2,9.5,7.2,8.4,190.0,435.0,1.0,2.8,0.3,0.3,2300.0,92000.0,3300.0,160000.0,2.0,330.0,17.0,24.5,2.3,8.35,1.2000000000000002,7.800000000000001,245.0,312.5,1.7999999999999998,1.9,0.0,0.3,89700.0,47150.0,156700.0,81650.0,Poor
9.0,12.0,34.0,7.0,9.9,7.1,8.3,226.0,440.0,1.0,2.8,0.3,0.3,1700.0,92000.0,3300.0,160000.0,2.0,330.0,22.0,23.0,2.9000000000000004,8.45,1.200000000000001,7.7,214.0,333.0,1.7999999999999998,1.9,0.0,0.3,90300.0,46850.0,156700.0,81650.0,Poor
9.0,15.0,33.0,6.9,9.4,7.2,8.3,198.0,482.0,1.0,2.6,0.3,0.3,1300.0,92000.0,2300.0,160000.0,2.0,330.0,18.0,24.0,2.5,8.15,1.1000000000000005,7.75,284.0,340.0,1.6,1.8,0.0,0.3,90700.0,46650.0,157700.0,81150.0,Poor
9.0,13.0,34.0,6.7,10.0,7.4,8.3,229.0,413.0,1.0,3.0,0.3,0.3,3300.0,92000.0,7000.0,160000.0,2.0,1300.0,21.0,23.5,3.3,8.35,0.9000000000000004,7.8500000000000005,184.0,321.0,2.0,2.0,0.0,0.3,88700.0,47650.0,153000.0,83500.0,Poor
9.0,13.0,34.0,6.6,9.9,7.4,8.3,227.0,433.0,1.0,2.7,0.3,0.3,2300.0,92000.0,3300.0,160000.0,2.0,1300.0,21.0,23.5,3.3000000000000007,8.25,0.9000000000000004,7.8500000000000005,206.0,330.0,1.7000000000000002,1.85,0.0,0.3,89700.0,47150.0,156700.0,81650.0,Poor
9.0,14.0,38.0,6.7,9.8,7.2,8.3,225.0,440.0,1.0,2.5,0.3,0.3,1300.0,92000.0,2300.0,160000.0,2.0,790.0,24.0,26.0,3.1000000000000005,8.25,1.1000000000000005,7.75,215.0,332.5,1.5,1.75,0.0,0.3,90700.0,46650.0,157700.0,81150.0,Poor
9.0,14.0,37.0,6.3,9.6,7.3,8.3,222.0,414.0,1.0,2.4,0.3,0.31,2300.0,92000.0,3300.0,160000.0,2.0,1300.0,23.0,25.5,3.3,7.949999999999999,1.0000000000000009,7.800000000000001,192.0,318.0,1.4,1.7,0.010000000000000009,0.305,89700.0,47150.0,156700.0,81650.0,Poor
9.0,15.0,30.0,6.4,10.0,7.2,8.2,187.0,479.0,1.0,2.1,0.3,0.3,2300.0,92000.0,3300.0,160000.0,2.0,3500.0,15.0,22.5,3.5999999999999996,8.2,0.9999999999999991,7.699999999999999,292.0,333.0,1.1,1.55,0.0,0.3,89700.0,47150.0,156700.0,81650.0,Poor
9.0,10.0,33.0,6.3,9.0,7.2,8.3,219.0,463.0,1.0,2.9,0.3,0.33,1300.0,54000.0,2300.0,92000.0,2.0,230.0,23.0,21.5,2.7,7.65,1.1000000000000005,7.75,244.0,341.0,1.9,1.95,0.030000000000000027,0.315,52700.0,27650.0,89700.0,47150.0,Poor
9.0,12.0,29.0,5.5,9.7,7.2,8.1,212.0,1240.0,1.0,2.7,0.3,0.31,450.0,54000.0,1300.0,92000.0,2.0,1700.0,17.0,20.5,4.199999999999999,7.6,0.8999999999999995,7.65,1028.0,726.0,1.7000000000000002,1.85,0.010000000000000009,0.305,53550.0,27225.0,90700.0,46650.0,Poor
9.0,12.0,29.0,5.9,12.1,7.2,8.2,211.0,522.0,1.1,5.5,0.3,0.39,1300.0,92000.0,2300.0,160000.0,2.0,3500.0,17.0,20.5,6.199999999999999,9.0,0.9999999999999991,7.699999999999999,311.0,366.5,4.4,3.3,0.09000000000000002,0.345,90700.0,46650.0,157700.0,81150.0,Poor
9.0,16.0,34.0,6.5,9.2,7.0,8.3,214.0,434.0,1.0,2.6,0.3,0.3,1300.0,92000.0,2300.0,160000.0,2.0,920.0,18.0,25.0,2.6999999999999993,7.85,1.3000000000000007,7.65,220.0,324.0,1.6,1.8,0.0,0.3,90700.0,46650.0,157700.0,81150.0,Poor
9.0,16.0,34.0,6.7,9.1,7.4,8.3,218.0,441.0,1.0,2.5,0.3,0.3,2300.0,92000.0,3300.0,160000.0,2.0,490.0,18.0,25.0,2.3999999999999995,7.9,0.9000000000000004,7.8500000000000005,223.0,329.5,1.5,1.75,0.0,0.3,89700.0,47150.0,156700.0,81650.0,Poor
9.0,22.0,28.2,7.9,8.4,7.8,8.5,296.0,700.0,2.1,5.8,0.32,0.69,200.0,13000.0,450.0,3500000.0,576.2,8840.0,6.199999999999999,25.1,0.5,8.15,0.7000000000000002,8.15,404.0,498.0,3.6999999999999997,3.95,0.36999999999999994,0.505,12800.0,6600.0,3499550.0,1750225.0,Poor
88.0,17.0,35.0,5.5,9.8,6.7,9.0,223.0,436.0,1.3,2.9,0.32,0.96,130.0,1700.0,220.0,5400.0,23.0,79.0,18.0,26.0,4.300000000000001,7.65,2.3,7.85,213.0,329.5,1.5999999999999999,2.1,0.6399999999999999,0.64,1570.0,915.0,5180.0,2810.0,Poor
88.0,16.0,36.0,6.4,9.5,6.8,8.7,227.0,429.0,1.4,2.9,0.32,0.71,790.0,17000.0,3300.0,24000.0,110.0,790.0,20.0,26.0,3.0999999999999996,7.95,1.8999999999999995,7.75,202.0,328.0,1.5,2.15,0.38999999999999996,0.515,16210.0,8895.0,20700.0,13650.0,Poor
88.0,16.0,36.0,5.9,9.9,6.7,9.0,219.0,439.0,1.3,2.8,0.32,0.89,1700.0,24000.0,3300.0,49000.0,130.0,1300.0,20.0,26.0,4.0,7.9,2.3,7.85,220.0,329.0,1.4999999999999998,2.05,0.5700000000000001,0.605,22300.0,12850.0,45700.0,26150.0,Poor
88.0,16.0,36.0,6.0,9.8,6.8,8.4,229.0,424.0,1.4,2.9,0.32,0.58,130.0,3500.0,790.0,9200.0,23.0,170.0,20.0,26.0,3.8000000000000007,7.9,1.6000000000000005,7.6,195.0,326.5,1.5,2.15,0.25999999999999995,0.44999999999999996,3370.0,1815.0,8410.0,4995.0,Poor
88.0,16.0,36.0,5.4,9.4,7.0,8.6,246.0,468.0,1.0,2.9,0.32,1.2,210.0,3500.0,1100.0,11000.0,49.0,240.0,20.0,26.0,4.0,7.4,1.5999999999999996,7.8,222.0,357.0,1.9,1.95,0.8799999999999999,0.76,3290.0,1855.0,9900.0,6050.0,Poor
88.0,15.0,36.0,5.1,9.7,6.7,8.5,224.0,427.0,1.0,3.0,0.32,0.62,240.0,5400.0,1100.0,14000.0,23.0,790.0,21.0,25.5,4.6,7.3999999999999995,1.7999999999999998,7.6,203.0,325.5,2.0,2.0,0.3,0.47,5160.0,2820.0,12900.0,7550.0,Poor
88.0,15.0,36.0,5.2,9.9,7.1,8.4,232.0,444.0,1.4,2.9,0.32,0.83,3500.0,49000.0,13000.0,79000.0,330.0,1400.0,21.0,25.5,4.7,7.550000000000001,1.3000000000000007,7.75,212.0,338.0,1.5,2.15,0.51,0.575,45500.0,26250.0,66000.0,46000.0,Poor
88.0,14.0,36.0,5.1,9.6,7.1,8.7,240.0,484.0,1.4,2.9,0.32,0.73,1700.0,49000.0,6300.0,110000.0,130.0,1400.0,22.0,25.0,4.5,7.35,1.5999999999999996,7.8999999999999995,244.0,362.0,1.5,2.15,0.41,0.525,47300.0,25350.0,103700.0,58150.0,Poor
88.0,16.0,36.0,5.3,9.7,7.1,8.4,268.0,4223.0,1.4,2.9,0.32,0.99,5400.0,54000.0,14000.0,79000.0,330.0,9400.0,20.0,26.0,4.3999999999999995,7.5,1.3000000000000007,7.75,3955.0,2245.5,1.5,2.15,0.6699999999999999,0.655,48600.0,29700.0,65000.0,46500.0,Poor
88.0,18.0,35.0,5.0,7.5,6.9,8.1,230.0,451.0,2.4,3.3,0.32,1.33,23000.0,84000.0,79000.0,170000.0,260.0,540.0,17.0,26.5,2.5,6.25,1.1999999999999993,7.5,221.0,340.5,0.8999999999999999,2.8499999999999996,1.01,0.8250000000000001,61000.0,53500.0,91000.0,124500.0,Poor
88.0,20.0,34.0,5.0,7.8,6.8,7.9,222.0,483.0,2.4,3.6,0.35,1.56,31000.0,79000.0,70000.0,140000.0,170.0,490.0,14.0,27.0,2.8,6.4,1.1000000000000005,7.35,261.0,352.5,1.2000000000000002,3.0,1.21,0.9550000000000001,48000.0,55000.0,70000.0,105000.0,Poor
88.0,20.0,36.0,5.0,7.8,6.9,8.0,243.0,469.0,2.0,3.9,0.33,1.84,33000.0,94000.0,70000.0,170000.0,210.0,580.0,16.0,28.0,2.8,6.4,1.0999999999999996,7.45,226.0,356.0,1.9,2.95,1.51,1.085,61000.0,63500.0,100000.0,120000.0,Poor
88.0,23.0,35.0,5.0,6.8,6.8,8.0,254.0,1224.0,2.3,3.1,0.53,1.75,17000.0,34000.0,27000.0,49000.0,110.0,330.0,12.0,29.0,1.7999999999999998,5.9,1.2000000000000002,7.4,970.0,739.0,0.8000000000000003,2.7,1.22,1.1400000000000001,17000.0,25500.0,22000.0,38000.0,Poor
88.0,21.0,37.0,5.2,6.9,6.8,8.2,508.0,10296.0,2.1,3.2,0.61,1.85,1300.0,7800.0,2200.0,11000.0,11.0,110.0,16.0,29.0,1.7000000000000002,6.050000000000001,1.3999999999999995,7.5,9788.0,5402.0,1.1,2.6500000000000004,1.2400000000000002,1.23,6500.0,4550.0,8800.0,6600.0,Poor
88.0,22.0,34.0,5.4,7.5,7.8,8.5,705.0,17930.0,1.0,2.6,0.32,1.87,3600.0,7900.0,7900.0,14000.0,170.0,320.0,12.0,28.0,2.0999999999999996,6.45,0.7000000000000002,8.15,17225.0,9317.5,1.6,1.8,1.55,1.095,4300.0,5750.0,6100.0,10950.0,Poor
83.0,4.0,4.0,11.2,11.2,7.8,7.8,31.0,31.0,1.0,1.0,0.32,0.32,2.0,2.0,2.0,2.0,2.0,2.0,0.0,4.0,0.0,11.2,0.0,7.8,0.0,31.0,0.0,1.0,0.0,0.32,0.0,2.0,0.0,2.0,Good
83.0,10.0,10.0,10.8,10.8,7.6,7.6,56.0,56.0,1.0,1.0,0.33,0.33,2.0,2.0,2.0,2.0,2.0,2.0,0.0,10.0,0.0,10.8,0.0,7.6,0.0,56.0,0.0,1.0,0.0,0.33,0.0,2.0,0.0,2.0,Good
83.0,9.0,21.0,9.4,10.8,7.7,8.4,105.0,214.0,1.0,1.0,0.32,0.6,2.0,2.0,2.0,2.0,2.0,2.0,12.0,15.0,1.4000000000000004,10.100000000000001,0.7000000000000002,8.05,109.0,159.5,0.0,1.0,0.27999999999999997,0.45999999999999996,0.0,2.0,0.0,2.0,Good
83.0,17.0,21.0,9.4,10.8,8.2,8.4,128.0,286.0,1.0,9.0,0.32,0.47,2.0,4000.0,13.0,17000.0,2.0,230.0,4.0,19.0,1.4000000000000004,10.100000000000001,0.20000000000000107,8.3,158.0,207.0,8.0,5.0,0.14999999999999997,0.395,3998.0,2001.0,16987.0,8506.5,Poor
83.0,10.0,22.0,9.2,10.6,7.0,8.1,72.0,186.0,1.0,1.0,0.32,0.37,41.0,84.0,70.0,94.0,6.0,14.0,12.0,16.0,1.4000000000000004,9.899999999999999,1.0999999999999996,7.55,114.0,129.0,0.0,1.0,0.04999999999999999,0.345,43.0,62.5,24.0,82.0,Good
31.0,20.0,24.3,9.0,10.5,8.0,8.4,134.0,518.0,1.0,9.0,0.49,1.32,7.0,7800.0,170.0,33000.0,4.0,2400.0,4.300000000000001,22.15,1.5,9.75,0.40000000000000036,8.2,384.0,326.0,8.0,5.0,0.8300000000000001,0.905,7793.0,3903.5,32830.0,16585.0,Poor
31.0,16.0,23.0,6.3,8.4,7.0,8.4,264.0,702.0,1.0,2.5,0.54,0.9,2.0,94.0,49.0,220.0,2.0,2.0,7.0,19.5,2.1000000000000005,7.35,1.4000000000000004,7.7,438.0,483.0,1.5,1.75,0.36,0.72,92.0,48.0,171.0,134.5,Poor
31.0,16.0,22.0,6.3,8.4,7.7,8.3,243.0,666.0,1.6,3.6,0.54,0.9,2.0,220.0,94.0,540.0,2.0,2.0,6.0,19.0,2.1000000000000005,7.35,0.6000000000000005,8.0,423.0,454.5,2.0,2.6,0.36,0.72,218.0,111.0,446.0,317.0,Poor
31.0,15.0,23.0,6.4,8.5,7.4,8.3,257.0,587.0,1.3,2.9,0.54,0.92,40.0,240.0,170.0,350.0,2.0,2.0,8.0,19.0,2.0999999999999996,7.45,0.9000000000000004,7.8500000000000005,330.0,422.0,1.5999999999999999,2.1,0.38,0.73,200.0,140.0,180.0,260.0,Poor
31.0,16.0,24.0,6.4,8.4,7.7,8.4,301.0,550.0,1.2,3.5,0.0,0.92,46.0,350.0,280.0,920.0,2.0,2.0,8.0,20.0,2.0,7.4,0.7000000000000002,8.05,249.0,425.5,2.3,2.35,0.92,0.46,304.0,198.0,640.0,600.0,Poor
30.0,17.5,27.5,7.9,8.8,8.0,8.4,211.0,358.0,1.0,15.0,0.53,0.89,110.0,4900.0,790.0,92000.0,2.0,490.0,10.0,22.5,0.9000000000000004,8.350000000000001,0.40000000000000036,8.2,147.0,284.5,14.0,8.0,0.36,0.71,4790.0,2505.0,91210.0,46395.0,Poor
30.0,14.0,20.0,7.6,9.8,7.8,8.3,208.0,390.0,1.0,6.0,0.79,1.07,14.0,1300.0,79.0,13000.0,5.0,330.0,6.0,17.0,2.200000000000001,8.7,0.5000000000000009,8.05,182.0,299.0,5.0,3.5,0.28,0.93,1286.0,657.0,12921.0,6539.5,Poor
30.0,6.8,7.8,7.3,8.2,181.0,953.0,1.0,4.2,0.3,0.3,2.0,200.0,200.0,900.0,2.0,90.0,3.2,42.0,1.0,7.3,0.8999999999999995,7.75,772.0,567.0,3.2,2.6,0.0,0.3,198.0,101.0,700.0,550.0,88.0,46.0,Poor
30.0,6.0,7.9,7.1,8.2,210.0,954.0,1.0,6.2,0.3,0.3,100.0,400.0,300.0,1200.0,2.0,200.0,56.6,165.8,1.9000000000000004,6.95,1.0999999999999996,7.6499999999999995,744.0,582.0,5.2,3.6,0.0,0.3,300.0,250.0,900.0,750.0,198.0,101.0,Poor
30.0,5.2,7.8,6.9,8.1,238.0,864.0,1.2,30.0,0.0,0.3,100.0,1500.0,400.0,4200.0,2.0,580.0,20.4,185.6,2.5999999999999996,6.5,1.1999999999999993,7.5,626.0,551.0,28.8,15.6,0.3,0.15,1400.0,800.0,3800.0,2300.0,578.0,291.0,Poor
30.0,6.8,10.2,7.7,8.6,221.0,413.0,1.0,6.0,0.52,1.66,45.0,4900.0,700.0,11000.0,2.0,1100.0,17.0,28.6,3.3999999999999995,8.5,0.8999999999999995,8.15,192.0,317.0,5.0,3.5,1.14,1.0899999999999999,4855.0,2472.5,10300.0,5850.0,1098.0,551.0,Poor
30.0,3.8,7.4,6.9,7.8,189.0,989.0,1.2,6.8,0.3,0.3,100.0,600.0,600.0,1700.0,2.0,200.0,78.2,194.4,3.6000000000000005,5.6,0.8999999999999995,7.35,800.0,589.0,5.6,4.0,0.0,0.3,500.0,350.0,1100.0,1150.0,198.0,101.0,Poor
30.0,6.3,8.6,7.7,8.7,299.0,620.0,1.0,8.0,0.66,1.99,92.0,2300.0,270.0,4900.0,11.0,1400.0,383.2,439.2,2.3,7.449999999999999,0.9999999999999991,8.2,321.0,459.5,7.0,4.5,1.33,1.325,2208.0,1196.0,4630.0,2585.0,1389.0,705.5,Poor
30.0,6.0,7.8,6.1,8.1,195.0,350.0,1.0,6.2,0.3,0.32,2.0,1000.0,200.0,10000.0,2.0,200.0,55.6,120.2,1.7999999999999998,6.9,2.0,7.1,155.0,272.5,5.2,3.6,0.020000000000000018,0.31,998.0,501.0,9800.0,5100.0,198.0,101.0,Poor
30.0,5.2,7.8,5.5,8.2,235.0,1080.0,1.8,6.8,0.0,0.3,100.0,1100.0,400.0,3400.0,2.0,200.0,20.4,185.6,2.5999999999999996,6.5,2.6999999999999993,6.85,845.0,657.5,5.0,4.3,0.3,0.15,1000.0,600.0,3000.0,1900.0,198.0,101.0,Poor
18.0,16.0,16.0,11.2,11.2,7.5,7.5,1172.0,1172.0,13.0,13.0,2.0,2.0,1400.0,1400.0,2200.0,2200.0,33.0,33.0,0.0,16.0,0.0,11.2,0.0,7.5,0.0,1172.0,0.0,13.0,0.0,2.0,0.0,1400.0,0.0,2200.0,Poor
18.0,6.2,9.2,7.4,8.2,346.0,1265.0,1.0,16.0,0.32,2.31,200.0,2600000.0,54000.0,7000000.0,230.0,17000.0,629.2,27386.4,2.999999999999999,7.699999999999999,0.7999999999999989,7.8,919.0,805.5,15.0,8.5,1.99,1.315,2599800.0,1300100.0,6946000.0,3527000.0,16770.0,8615.0,Poor
82.0,0.3,5.4,7.4,7.7,517.0,1878.0,14.0,94.0,0.33,2.66,7800.0,14000000.0,23000.0,21000000.0,680.0,2400000.0,4035.0,60260.0,5.1000000000000005,2.85,0.2999999999999998,7.550000000000001,1361.0,1197.5,80.0,54.0,2.33,1.495,13992200.0,7003900.0,20977000.0,10511500.0,2399320.0,1200340.0,Poor
30.0,16.0,30.0,0.3,6.0,7.6,8.7,1034.0,1358.0,11.0,36.0,0.32,0.67,1700.0,490000.0,6300.0,790000.0,330.0,130000.0,14.0,23.0,5.7,3.15,1.0999999999999996,8.149999999999999,324.0,1196.0,25.0,23.5,0.35000000000000003,0.495,488300.0,245850.0,783700.0,398150.0,Poor
30.0,15.0,28.0,0.3,1.7,7.5,8.2,1101.0,1385.0,12.0,55.0,0.37,3.8,130000.0,1700000.0,130000.0,9400000.0,17000.0,130000.0,13.0,21.5,1.4,1.0,0.6999999999999993,7.85,284.0,1243.0,43.0,33.5,3.4299999999999997,2.085,1570000.0,915000.0,9270000.0,4765000.0,Poor
82.0,12.0,28.0,4.2,7.2,7.6,8.1,692.0,734.0,9.2,15.6,0.0,0.0,23000.0,49000.0,58000.0,110000.0,278.4,832.0,16.0,20.0,3.0,5.7,0.5,7.85,42.0,713.0,6.4,12.399999999999999,0.0,0.0,26000.0,36000.0,52000.0,84000.0,Poor
82.0,11.0,28.0,4.0,7.4,7.6,8.2,614.0,642.0,7.6,11.6,0.0,0.0,22000.0,33000.0,49000.0,94000.0,218.4,2582.0,17.0,19.5,3.4000000000000004,5.7,0.5999999999999996,7.8999999999999995,28.0,628.0,4.0,9.6,0.0,0.0,11000.0,27500.0,45000.0,71500.0,Poor
82.0,11.0,28.0,4.6,6.6,7.6,8.2,543.0,628.0,7.8,12.2,0.0,0.0,12000.0,33000.0,39000.0,94000.0,189.0,2598.0,17.0,19.5,2.0,5.6,0.5999999999999996,7.8999999999999995,85.0,585.5,4.3999999999999995,10.0,0.0,0.0,21000.0,22500.0,55000.0,66500.0,Poor
82.0,11.0,28.0,4.2,6.8,7.6,8.2,572.0,652.0,8.0,13.2,0.0,0.0,14000.0,33000.0,41000.0,120000.0,38.8,590.0,17.0,19.5,2.5999999999999996,5.5,0.5999999999999996,7.8999999999999995,80.0,612.0,5.199999999999999,10.6,0.0,0.0,19000.0,23500.0,79000.0,80500.0,Poor
82.0,11.0,28.0,4.0,6.4,7.8,8.2,618.0,668.0,8.8,14.0,0.0,0.0,572.0,38000.0,640.0,150000.0,116.2,3456.0,17.0,19.5,2.4000000000000004,5.2,0.39999999999999947,8.0,50.0,643.0,5.199999999999999,11.4,0.0,0.0,37428.0,19286.0,149360.0,75320.0,Poor
82.0,24.0,28.0,7.0,8.0,7.5,7.8,406.0,1800.0,6.4,14.4,0.0,0.0,4000.0,7000.0,7800.0,11000.0,977.4,1980.4,4.0,26.0,1.0,7.5,0.2999999999999998,7.65,1394.0,1103.0,8.0,10.4,0.0,0.0,3000.0,5500.0,3200.0,9400.0,Poor
82.0,24.0,28.0,6.6,7.0,6.7,7.5,512.0,2045.0,7.2,15.6,0.0,0.0,6800.0,17000.0,11000.0,33000.0,2925.4,6383.8,4.0,26.0,0.40000000000000036,6.8,0.7999999999999998,7.1,1533.0,1278.5,8.399999999999999,11.4,0.0,0.0,10200.0,11900.0,22000.0,22000.0,Poor
82.0,23.0,28.0,6.0,7.2,7.4,7.8,1022.0,2512.0,8.0,9.6,0.0,0.0,6800.0,17000.0,9300.0,25000.0,3400.4,8000.4,5.0,25.5,1.2000000000000002,6.6,0.39999999999999947,7.6,1490.0,1767.0,1.5999999999999996,8.8,0.0,0.0,10200.0,11900.0,15700.0,17150.0,Poor
82.0,16.8,36.8,5.1,7.1,7.5,7.9,487.0,2438.0,8.4,22.0,0.0,0.0,7000.0,46000.0,21000.0,160000.0,116.2,3456.0,19.999999999999996,26.799999999999997,2.0,6.1,0.40000000000000036,7.7,1951.0,1462.5,13.6,15.2,0.0,0.0,39000.0,26500.0,139000.0,90500.0,Poor
82.0,17.1,36.4,4.9,6.5,7.4,7.8,434.0,2418.0,7.2,18.8,0.0,0.0,4900.0,40000.0,14000.0,94000.0,54.6,706.8,19.299999999999997,26.75,1.5999999999999996,5.7,0.39999999999999947,7.6,1984.0,1426.0,11.600000000000001,13.0,0.0,0.0,35100.0,22450.0,80000.0,54000.0,Poor
82.0,17.2,36.6,5.2,6.0,7.5,8.0,460.0,2722.0,7.6,18.0,0.0,0.0,5800.0,43000.0,17000.0,94000.0,74.6,756.0,19.400000000000002,26.9,0.7999999999999998,5.6,0.5,7.75,2262.0,1591.0,10.4,12.8,0.0,0.0,37200.0,24400.0,77000.0,55500.0,Poor
82.0,18.6,37.9,6.2,7.4,7.5,7.8,407.0,2532.0,6.4,16.0,0.0,0.0,4100.0,27000.0,13000.0,70000.0,59.8,536.0,19.299999999999997,28.25,1.2000000000000002,6.800000000000001,0.2999999999999998,7.65,2125.0,1469.5,9.6,11.2,0.0,0.0,22900.0,15550.0,57000.0,41500.0,Poor
82.0,18.0,32.0,6.2,9.3,7.2,8.8,602.0,1633.0,3.9,15.7,3.09,21.93,2.0,79000.0,4500.0,240000.0,6.0,506.0,14.0,25.0,3.1000000000000005,7.75,1.6000000000000005,8.0,1031.0,1117.5,11.799999999999999,9.799999999999999,18.84,12.51,78998.0,39501.0,235500.0,122250.0,Poor
82.0,18.0,31.0,7.1,9.0,7.3,8.9,447.0,1091.0,2.1,8.1,0.32,5.89,2.0,33000.0,2.0,490000.0,2.0,2.0,13.0,24.5,1.9000000000000004,8.05,1.6000000000000005,8.1,644.0,769.0,6.0,5.1,5.569999999999999,3.105,32998.0,16501.0,489998.0,245001.0,Poor
82.0,17.0,28.0,4.9,7.1,7.4,7.8,659.0,848.0,2.6,5.2,0.0,0.0,9300.0,23000.0,17000.0,79000.0,57.8,780.0,11.0,22.5,2.1999999999999993,6.0,0.39999999999999947,7.6,189.0,753.5,2.6,3.9000000000000004,0.0,0.0,13700.0,16150.0,62000.0,48000.0,Poor
82.0,20.7,30.7,6.8,8.4,7.7,8.3,318.0,397.0,2.5,2.7,0.55,0.68,400.0,680.0,1400.0,1700.0,156.0,260.0,10.0,25.7,1.6000000000000005,7.6,0.6000000000000005,8.0,79.0,357.5,0.20000000000000018,2.6,0.13,0.615,280.0,540.0,300.0,1550.0,Poor
31.0,6.8,10.6,7.9,9.3,7.3,7.9,35.0,105.0,1.0,1.0,0.32,1.31,2.0,20.0,7.0,920.0,2.0,2.0,3.8,8.7,1.4000000000000004,8.600000000000001,0.6000000000000005,7.6,70.0,70.0,0.0,1.0,0.99,0.8150000000000001,18.0,11.0,913.0,463.5,Good
83.0,16.5,24.0,9.4,10.4,8.2,8.5,121.0,318.0,1.0,13.0,0.32,0.44,2.0,7900.0,17.0,13000.0,2.0,1300.0,7.5,20.25,1.0,9.9,0.3000000000000007,8.35,197.0,219.5,12.0,7.0,0.12,0.38,7898.0,3951.0,12983.0,6508.5,Poor
31.0,18.0,25.0,7.8,8.4,7.6,8.4,292.0,421.0,1.2,2.1,0.66,0.89,22.0,110.0,130.0,280.0,2.0,2.0,7.0,21.5,0.6000000000000005,8.1,0.8000000000000007,8.0,129.0,356.5,0.9000000000000001,1.65,0.22999999999999998,0.775,88.0,66.0,150.0,205.0,Poor
31.0,18.0,25.0,7.7,8.2,7.6,8.4,296.0,421.0,1.1,2.2,0.59,0.9,26.0,130.0,130.0,350.0,2.0,2.0,7.0,21.5,0.4999999999999991,7.949999999999999,0.8000000000000007,8.0,125.0,358.5,1.1,1.6500000000000001,0.31000000000000005,0.745,104.0,78.0,220.0,240.0,Poor
31.0,6.0,8.0,6.7,8.8,7.7,8.4,216.0,366.0,1.0,1.0,1.78,6.64,2.0,8.0,21.0,140.0,2.0,2.0,2.0,7.0,2.1000000000000005,7.75,0.7000000000000002,8.05,150.0,291.0,0.0,1.0,4.859999999999999,4.21,6.0,5.0,119.0,80.5,Good
31.0,6.0,18.0,7.6,9.3,7.5,8.3,208.0,446.0,1.0,1.0,0.32,5.25,2.0,11.0,12.0,220.0,2.0,2.0,12.0,12.0,1.700000000000001,8.45,0.8000000000000007,7.9,238.0,327.0,0.0,1.0,4.93,2.785,9.0,6.5,208.0,116.0,Good
31.0,18.0,25.0,6.5,8.6,7.3,8.2,348.0,927.0,1.0,2.6,0.47,0.97,13.0,70.0,33.0,280.0,2.0,2.0,7.0,21.5,2.0999999999999996,7.55,0.8999999999999995,7.75,579.0,637.5,1.6,1.8,0.5,0.72,57.0,41.5,247.0,156.5,Poor
31.0,17.0,25.0,6.5,8.5,7.9,8.3,346.0,889.0,1.1,3.2,0.0,3.14,33.0,130.0,110.0,350.0,2.0,2.0,8.0,21.0,2.0,7.5,0.40000000000000036,8.100000000000001,543.0,617.5,2.1,2.1500000000000004,3.14,1.57,97.0,81.5,240.0,230.0,Poor
31.0,8.0,12.1,7.2,8.0,7.2,8.1,76.0,282.0,1.0,1.0,0.65,2.22,4.0,110.0,39.0,280.0,2.0,2.0,4.1,10.05,0.7999999999999998,7.6,0.8999999999999995,7.65,206.0,179.0,0.0,1.0,1.5700000000000003,1.435,106.0,57.0,241.0,159.5,Poor
31.0,8.0,12.2,7.2,8.1,7.2,8.1,72.0,288.0,1.0,1.0,0.63,2.18,7.0,70.0,27.0,1600.0,2.0,2.0,4.199999999999999,10.1,0.8999999999999995,7.65,0.8999999999999995,7.65,216.0,180.0,0.0,1.0,1.5500000000000003,1.405,63.0,38.5,1573.0,813.5,Good
31.0,17.0,24.0,6.4,8.7,7.3,8.2,390.0,899.0,1.0,2.8,0.49,0.79,21.0,70.0,70.0,280.0,2.0,2.0,7.0,20.5,2.299999999999999,7.55,0.8999999999999995,7.75,509.0,644.5,1.7999999999999998,1.9,0.30000000000000004,0.64,49.0,45.5,210.0,175.0,Poor
31.0,8.0,11.4,7.4,8.3,7.2,8.1,69.0,250.0,1.0,1.0,0.62,2.32,4.0,26.0,17.0,220.0,2.0,2.0,3.4000000000000004,9.7,0.9000000000000004,7.8500000000000005,0.8999999999999995,7.65,181.0,159.5,0.0,1.0,1.6999999999999997,1.47,22.0,15.0,203.0,118.5,Good
31.0,15.0,25.0,7.6,8.1,7.6,8.3,318.0,443.0,1.0,2.3,0.59,0.89,26.0,70.0,130.0,280.0,2.0,2.0,10.0,20.0,0.5,7.85,0.7000000000000011,7.95,125.0,380.5,1.2999999999999998,1.65,0.30000000000000004,0.74,44.0,48.0,150.0,205.0,Poor
31.0,15.0,25.0,7.6,8.2,7.0,8.4,303.0,449.0,1.2,2.5,0.61,0.86,27.0,94.0,170.0,350.0,2.0,2.0,10.0,20.0,0.5999999999999996,7.8999999999999995,1.4000000000000004,7.7,146.0,376.0,1.3,1.85,0.25,0.735,67.0,60.5,180.0,260.0,Poor
31.0,17.0,24.0,7.1,8.0,7.8,8.4,302.0,4563.0,1.1,2.6,0.6,0.9,32.0,140.0,170.0,350.0,2.0,2.0,7.0,20.5,0.9000000000000004,7.55,0.6000000000000005,8.1,4261.0,2432.5,1.5,1.85,0.30000000000000004,0.75,108.0,86.0,180.0,260.0,Poor
31.0,6.1,10.3,7.3,9.0,7.2,8.0,71.0,264.0,1.0,1.0,0.83,2.08,2.0,220.0,9.0,1600.0,2.0,2.0,4.200000000000001,8.2,1.7000000000000002,8.15,0.7999999999999998,7.6,193.0,167.5,0.0,1.0,1.25,1.455,218.0,111.0,1591.0,804.5,Poor
31.0,6.0,8.0,6.7,9.5,7.6,8.3,210.0,476.0,1.0,1.2,1.65,5.16,2.0,25.0,24.0,540.0,2.0,2.0,2.0,7.0,2.8,8.1,0.7000000000000011,7.95,266.0,343.0,0.19999999999999996,1.1,3.5100000000000002,3.4050000000000002,23.0,13.5,516.0,282.0,Good
31.0,5.8,8.0,8.0,9.2,7.2,8.0,42.0,145.0,1.0,1.0,0.33,3.86,2.0,17.0,9.0,280.0,2.0,2.0,2.2,6.9,1.1999999999999993,8.6,0.7999999999999998,7.6,103.0,93.5,0.0,1.0,3.53,2.0949999999999998,15.0,9.5,271.0,144.5,Good
31.0,5.9,10.0,7.9,9.1,7.2,8.3,49.0,110.0,1.0,1.0,0.34,1.26,2.0,27.0,5.0,350.0,2.0,2.0,4.1,7.95,1.1999999999999993,8.5,1.1000000000000005,7.75,61.0,79.5,0.0,1.0,0.9199999999999999,0.8,25.0,14.5,345.0,177.5,Good
31.0,6.3,10.0,7.7,8.9,7.0,8.4,37.0,132.0,1.0,1.0,0.32,1.36,7.0,47.0,26.0,350.0,2.0,2.0,3.7,8.15,1.2000000000000002,8.3,1.4000000000000004,7.7,95.0,84.5,0.0,1.0,1.04,0.8400000000000001,40.0,27.0,324.0,188.0,Good
31.0,6.0,10.0,7.2,8.7,7.2,8.2,34.0,109.0,1.0,1.0,0.32,1.31,2.0,220.0,11.0,920.0,2.0,4.0,4.0,8.0,1.4999999999999991,7.949999999999999,0.9999999999999991,7.699999999999999,75.0,71.5,0.0,1.0,0.99,0.8150000000000001,218.0,111.0,909.0,465.5,Poor
31.0,8.0,9.0,6.2,7.2,7.1,7.8,35.0,105.0,1.0,1.0,0.41,1.42,2.0,21.0,2.0,170.0,2.0,2.0,1.0,8.5,1.0,6.7,0.7000000000000002,7.449999999999999,70.0,70.0,0.0,1.0,1.01,0.9149999999999999,19.0,11.5,168.0,86.0,Good
31.0,6.0,10.4,7.6,8.7,7.0,8.4,42.0,136.0,1.0,1.0,0.32,0.66,2.0,20.0,2.0,280.0,2.0,2.0,4.4,8.2,1.0999999999999996,8.149999999999999,1.4000000000000004,7.7,94.0,89.0,0.0,1.0,0.34,0.49,18.0,11.0,278.0,141.0,Good
31.0,6.0,9.0,6.7,8.5,7.7,8.5,260.0,518.0,1.0,1.4,2.02,13.06,2.0,21.0,21.0,540.0,2.0,2.0,3.0,7.5,1.7999999999999998,7.6,0.7999999999999998,8.1,258.0,389.0,0.3999999999999999,1.2,11.040000000000001,7.54,19.0,11.5,519.0,280.5,Good
31.0,14.0,24.0,6.3,8.6,7.1,8.2,261.0,633.0,1.1,2.6,0.58,0.86,2.0,70.0,70.0,350.0,2.0,2.0,10.0,19.0,2.3,7.449999999999999,1.0999999999999996,7.6499999999999995,372.0,447.0,1.5,1.85,0.28,0.72,68.0,36.0,280.0,210.0,Poor
31.0,15.0,23.0,6.4,8.3,7.4,8.3,237.0,620.0,1.2,2.6,0.59,0.84,32.0,130.0,140.0,430.0,2.0,2.0,8.0,19.0,1.9000000000000004,7.3500000000000005,0.9000000000000004,7.8500000000000005,383.0,428.5,1.4000000000000001,1.9,0.25,0.715,98.0,81.0,290.0,285.0,Poor
31.0,9.0,19.5,7.0,8.7,5.5,8.3,81.0,422.0,1.0,3.1,0.33,11.06,8.0,110.0,70.0,1600.0,2.0,24.0,10.5,14.25,1.6999999999999993,7.85,2.8000000000000007,6.9,341.0,251.5,2.1,2.05,10.73,5.695,102.0,59.0,1530.0,835.0,Poor
31.0,9.0,22.7,6.9,8.2,6.8,8.2,102.0,473.0,1.0,6.8,0.32,7.32,7.0,540.0,17.0,1600.0,4.0,40.0,13.7,15.85,1.299999999999999,7.55,1.3999999999999995,7.5,371.0,287.5,5.8,3.9,7.0,3.8200000000000003,533.0,273.5,1583.0,808.5,Poor
31.0,7.0,18.0,6.7,11.0,7.2,8.2,166.0,530.0,1.0,1.0,1.87,5.8,2.0,9.0,21.0,220.0,2.0,2.0,11.0,12.5,4.3,8.85,0.9999999999999991,7.699999999999999,364.0,348.0,0.0,1.0,3.9299999999999997,3.835,7.0,5.5,199.0,120.5,Good
31.0,7.0,20.0,6.2,10.0,7.1,8.1,145.0,769.0,1.0,1.0,2.38,6.61,2.0,11.0,26.0,220.0,2.0,2.0,13.0,13.5,3.8,8.1,1.0,7.6,624.0,457.0,0.0,1.0,4.23,4.495,9.0,6.5,194.0,123.0,Good
31.0,7.8,30.0,6.8,8.0,7.6,8.3,51.0,343.0,1.0,1.8,0.32,1.9,2.0,33.0,34.0,920.0,2.0,2.0,22.2,18.9,1.2000000000000002,7.4,0.7000000000000011,7.95,292.0,197.0,0.8,1.4,1.5799999999999998,1.1099999999999999,31.0,17.5,886.0,477.0,Good
83.0,21.6,31.2,0.4,6.8,7.2,7.5,366.0,614.0,1.6,3.1,0.32,1.05,2.0,790000.0,2000.0,2400000.0,416.0,27746.0,9.599999999999998,26.4,6.3999999999999995,3.6,0.2999999999999998,7.35,248.0,490.0,1.5,2.35,0.73,0.685,789998.0,395001.0,2398000.0,1201000.0,Poor
82.0,21.6,31.2,5.0,7.8,7.3,7.6,359.0,518.0,1.0,2.6,0.32,1.65,2.0,330000.0,2.0,790000.0,2.0,2.0,9.599999999999998,26.4,2.8,6.4,0.2999999999999998,7.449999999999999,159.0,438.5,1.6,1.8,1.3299999999999998,0.985,329998.0,165001.0,789998.0,395001.0,Poor
82.0,18.0,27.0,1.2,4.5,6.5,7.5,330.0,530.0,15.0,20.0,0.4,0.46,130000.0,260000.0,170000.0,790000.0,293.8,26726.4,9.0,22.5,3.3,2.85,1.0,7.0,200.0,430.0,5.0,17.5,0.06,0.43000000000000005,130000.0,195000.0,620000.0,480000.0,Poor
82.0,18.0,28.0,2.1,6.5,6.8,7.6,330.0,746.0,10.0,20.0,0.35,0.48,110000.0,340000.0,140000.0,470000.0,224.6,2900.8,10.0,23.0,4.4,4.3,0.7999999999999998,7.199999999999999,416.0,538.0,10.0,15.0,0.13,0.415,230000.0,225000.0,330000.0,305000.0,Poor
82.0,18.0,28.0,1.1,5.5,6.2,7.6,316.0,589.0,12.0,24.0,0.41,0.55,170000.0,350000.0,210000.0,920000.0,293.8,26726.4,10.0,23.0,4.4,3.3,1.3999999999999995,6.9,273.0,452.5,12.0,18.0,0.14000000000000007,0.48,180000.0,260000.0,710000.0,565000.0,Poor
82.0,16.0,22.0,0.3,0.3,7.5,7.8,710.0,900.0,42.0,62.0,24.0,34.0,100000.0,140000.0,140000.0,210000.0,185.8,458.0,6.0,19.0,0.0,0.3,0.2999999999999998,7.65,190.0,805.0,20.0,52.0,10.0,29.0,40000.0,120000.0,70000.0,175000.0,Poor
82.0,16.0,21.0,0.3,0.3,7.4,7.7,630.0,820.0,38.0,56.0,22.0,30.0,82000.0,120000.0,120000.0,170000.0,185.8,458.0,5.0,18.5,0.0,0.3,0.2999999999999998,7.550000000000001,190.0,725.0,18.0,47.0,8.0,26.0,38000.0,101000.0,50000.0,145000.0,Poor
82.0,17.0,22.0,0.3,0.3,7.5,7.8,750.0,1000.0,44.0,68.0,30.0,38.0,100000.0,170000.0,150000.0,220000.0,371.8,840.0,5.0,19.5,0.0,0.3,0.2999999999999998,7.65,250.0,875.0,24.0,56.0,8.0,34.0,70000.0,135000.0,70000.0,185000.0,Poor
82.0,15.0,22.0,0.3,0.3,7.6,7.8,750.0,990.0,48.0,68.0,32.0,40.0,14000.0,170000.0,17000.0,240000.0,255.4,794.0,7.0,18.5,0.0,0.3,0.20000000000000018,7.699999999999999,240.0,870.0,20.0,58.0,8.0,36.0,156000.0,92000.0,223000.0,128500.0,Poor
82.0,20.0,25.0,0.3,8.8,6.4,8.4,304.0,1375.0,3.2,48.0,0.75,0.96,2100.0,340000.0,3800.0,470000.0,1100.0,1100.0,5.0,22.5,8.5,4.550000000000001,2.0,7.4,1071.0,839.5,44.8,25.6,0.20999999999999996,0.855,337900.0,171050.0,466200.0,236900.0,Poor
82.0,1.4,4.1,6.9,8.2,755.0,861.0,15.0,22.0,0.0,0.62,230000.0,3400000.0,310000.0,4000000.0,98341.8,20143400.0,3629.8,33299.0,2.6999999999999997,2.75,1.299999999999999,7.55,106.0,808.0,7.0,18.5,0.62,0.31,3170000.0,1815000.0,3690000.0,2155000.0,20045058.2,10120870.9,Poor
82.0,26.0,26.0,1.1,4.8,7.0,7.9,450.0,1082.0,12.0,27.0,0.0,0.42,170000.0,2700000.0,270000.0,3800000.0,637.6,34520.0,0.0,26.0,3.6999999999999997,2.95,0.9000000000000004,7.45,632.0,766.0,15.0,19.5,0.42,0.21,2530000.0,1435000.0,3530000.0,2035000.0,Poor
49.0,21.0,31.0,6.4,9.2,7.2,8.0,229.0,354.0,1.0,2.2,0.33,1.62,2.0,2.0,31.0,41.0,2.0,2.0,10.0,26.0,2.799999999999999,7.8,0.7999999999999998,7.6,125.0,291.5,1.2000000000000002,1.6,1.29,0.9750000000000001,0.0,2.0,10.0,36.0,Poor
82.0,17.0,24.0,5.4,7.6,7.2,7.9,344.0,3400.0,2.2,3.1,0.0,0.0,7800.0,9300.0,13000.0,17000.0,2546.4,6360.4,7.0,20.5,2.1999999999999993,6.5,0.7000000000000002,7.550000000000001,3056.0,1872.0,0.8999999999999999,2.6500000000000004,0.0,0.0,1500.0,8550.0,4000.0,15000.0,Poor
82.0,21.9,30.0,7.4,8.5,7.7,8.9,267.0,559.0,1.0,1.5,0.32,0.32,2.0,4500.0,2.0,23000.0,2.0,2.0,8.100000000000001,25.95,1.0999999999999996,7.95,1.2000000000000002,8.3,292.0,413.0,0.5,1.25,0.0,0.32,4498.0,2251.0,22998.0,11501.0,Poor
49.0,19.0,30.0,8.1,11.0,8.1,8.8,350.0,643.0,1.0,3.6,0.32,0.32,2.0,170000.0,7800.0,1100000.0,76.4,26766.4,11.0,24.5,2.9000000000000004,9.55,0.7000000000000011,8.45,293.0,496.5,2.6,2.3,0.0,0.32,169998.0,85001.0,1092200.0,553900.0,Poor
49.0,12.0,28.0,6.5,10.6,7.5,8.3,200.0,740.0,1.0,2.9,2.2,7.31,4.0,94.0,110.0,350.0,2.0,2.0,16.0,20.0,4.1,8.55,0.8000000000000007,7.9,540.0,470.0,1.9,1.95,5.109999999999999,4.755,90.0,49.0,240.0,230.0,Poor
49.0,12.0,28.0,6.5,10.6,7.5,8.3,200.0,740.0,1.0,2.9,2.2,7.31,4.0,94.0,110.0,350.0,2.0,2.0,16.0,20.0,4.1,8.55,0.8000000000000007,7.9,540.0,470.0,1.9,1.95,5.109999999999999,4.755,90.0,49.0,240.0,230.0,Poor
49.0,21.0,29.0,7.1,8.5,7.4,8.3,287.0,492.0,1.0,1.8,0.33,1.37,2.0,2.0,26.0,58.0,2.0,2.0,8.0,25.0,1.4000000000000004,7.8,0.9000000000000004,7.8500000000000005,205.0,389.5,0.8,1.4,1.04,0.8500000000000001,0.0,2.0,32.0,42.0,Good
49.0,21.0,29.0,7.2,7.5,7.4,8.3,294.0,472.0,1.0,1.9,0.38,1.4,2.0,2.0,31.0,58.0,2.0,2.0,8.0,25.0,0.2999999999999998,7.35,0.9000000000000004,7.8500000000000005,178.0,383.0,0.8999999999999999,1.45,1.02,0.8899999999999999,0.0,2.0,27.0,44.5,Good
49.0,21.0,28.0,4.2,7.8,6.4,8.1,342.0,1978.0,2.4,4.7,3.27,7.64,21.0,110.0,210.0,920.0,2.0,2.0,7.0,24.5,3.5999999999999996,6.0,1.6999999999999993,7.25,1636.0,1160.0,2.3000000000000003,3.55,4.369999999999999,5.455,89.0,65.5,710.0,565.0,Poor
49.0,17.0,33.0,7.3,8.3,7.2,8.2,304.0,685.0,1.5,2.7,2.26,5.32,14.0,38.0,110.0,350.0,2.0,2.0,16.0,25.0,1.0000000000000009,7.800000000000001,0.9999999999999991,7.699999999999999,381.0,494.5,1.2000000000000002,2.1,3.0600000000000005,3.79,24.0,26.0,240.0,230.0,Poor
49.0,18.0,33.0,7.2,8.3,7.3,8.3,288.0,686.0,1.3,2.3,1.22,3.72,13.0,43.0,150.0,280.0,2.0,2.0,15.0,25.5,1.1000000000000005,7.75,1.0000000000000009,7.800000000000001,398.0,487.0,0.9999999999999998,1.7999999999999998,2.5,2.47,30.0,28.0,130.0,215.0,Poor
49.0,13.0,28.0,3.9,11.6,7.5,8.2,219.0,912.0,1.1,10.4,4.31,16.81,6.0,120.0,170.0,430.0,2.0,2.0,15.0,20.5,7.699999999999999,7.75,0.6999999999999993,7.85,693.0,565.5,9.3,5.75,12.5,10.559999999999999,114.0,63.0,260.0,300.0,Poor
49.0,13.0,27.0,5.6,10.6,7.5,8.5,228.0,949.0,1.2,4.5,1.7,15.74,6.0,84.0,170.0,430.0,2.0,2.0,14.0,20.0,5.0,8.1,1.0,8.0,721.0,588.5,3.3,2.85,14.040000000000001,8.72,78.0,45.0,260.0,300.0,Poor
49.0,19.0,32.0,7.2,9.2,7.6,7.9,266.0,428.0,1.0,2.1,0.33,0.36,2.0,2.0,26.0,49.0,2.0,2.0,13.0,25.5,1.9999999999999991,8.2,0.3000000000000007,7.75,162.0,347.0,1.1,1.55,0.02999999999999997,0.345,0.0,2.0,23.0,37.5,Poor
71.0,21.0,32.0,4.7,6.3,8.1,8.8,309.0,873.0,1.0,2.5,0.82,2.72,63.0,170.0,140.0,350.0,23.0,33.0,11.0,26.5,1.5999999999999996,5.5,0.7000000000000011,8.45,564.0,591.0,1.5,1.75,1.9000000000000004,1.77,107.0,116.5,210.0,245.0,Moderate
71.0,18.0,33.0,4.4,6.1,8.2,8.9,299.0,1046.0,1.0,2.4,1.42,3.43,70.0,170.0,150.0,280.0,21.0,38.0,15.0,25.5,1.6999999999999993,5.25,0.7000000000000011,8.55,747.0,672.5,1.4,1.7,2.0100000000000002,2.425,100.0,120.0,130.0,215.0,Moderate
49.0,23.0,29.0,7.0,7.6,7.3,7.9,206.0,639.0,1.8,2.0,0.32,1.0,2.0,4.0,43.0,58.0,2.0,2.0,6.0,26.0,0.5999999999999996,7.3,0.6000000000000005,7.6,433.0,422.5,0.19999999999999996,1.9,0.6799999999999999,0.66,2.0,3.0,15.0,50.5,Poor
49.0,18.9,29.7,6.8,7.5,7.6,7.8,319.0,597.0,1.1,1.5,0.69,1.02,2.0,2.0,41.0,46.0,2.0,2.0,10.8,24.299999999999997,0.7000000000000002,7.15,0.20000000000000018,7.699999999999999,278.0,458.0,0.3999999999999999,1.3,0.33000000000000007,0.855,0.0,2.0,5.0,43.5,Good
49.0,18.5,29.8,6.8,7.1,7.7,8.2,323.0,702.0,1.3,1.8,0.68,1.17,2.0,2.0,43.0,58.0,2.0,2.0,11.3,24.15,0.2999999999999998,6.949999999999999,0.4999999999999991,7.949999999999999,379.0,512.5,0.5,1.55,0.4899999999999999,0.925,0.0,2.0,15.0,50.5,Good
49.0,23.0,28.0,6.4,7.6,7.4,8.0,202.0,562.0,1.8,2.0,0.32,2.83,2.0,2.0,47.0,49.0,2.0,2.0,5.0,25.5,1.1999999999999993,7.0,0.5999999999999996,7.7,360.0,382.0,0.19999999999999996,1.9,2.5100000000000002,1.575,0.0,2.0,2.0,48.0,Poor
49.0,15.0,26.0,5.9,10.5,7.3,8.4,274.0,413.0,1.0,2.3,1.85,11.8,2.0,94.0,120.0,430.0,2.0,2.0,11.0,20.5,4.6,8.2,1.1000000000000005,7.85,139.0,343.5,1.2999999999999998,1.65,9.950000000000001,6.825,92.0,48.0,310.0,275.0,Poor
49.0,22.0,30.0,6.1,7.8,6.9,8.3,240.0,438.0,1.1,1.9,0.33,0.84,2.0,2.0,32.0,46.0,2.0,2.0,8.0,26.0,1.7000000000000002,6.949999999999999,1.4000000000000004,7.6000000000000005,198.0,339.0,0.7999999999999998,1.5,0.51,0.585,0.0,2.0,14.0,39.0,Good
49.0,19.0,27.0,5.8,8.5,7.4,8.7,186.0,300.0,1.0,2.2,1.49,3.5,2.0,22.0,2.0,540.0,2.0,2.0,8.0,23.0,2.7,7.15,1.299999999999999,8.05,114.0,243.0,1.2000000000000002,1.6,2.01,2.495,20.0,12.0,538.0,271.0,Poor
49.0,23.0,28.0,5.7,7.2,7.2,8.2,512.0,1696.0,4.5,12.0,1.22,2.49,14.0,1600.0,920.0,1600.0,11.0,11.0,5.0,25.5,1.5,6.45,0.9999999999999991,7.699999999999999,1184.0,1104.0,7.5,8.25,1.2700000000000002,1.855,1586.0,807.0,680.0,1260.0,Poor
49.0,27.4,32.5,3.4,7.4,7.1,8.0,354.0,6783.0,1.0,2.1,0.0,0.0,2.0,2.0,4.0,72.0,2.0,2.0,5.100000000000001,29.95,4.0,5.4,0.9000000000000004,7.55,6429.0,3568.5,1.1,1.55,0.0,0.0,0.0,2.0,68.0,38.0,Poor
49.0,18.0,29.0,7.0,7.9,7.1,7.7,220.0,690.0,1.2,1.8,0.52,2.42,2.0,3.0,26.0,42.0,2.0,2.0,11.0,23.5,0.9000000000000004,7.45,0.6000000000000005,7.4,470.0,455.0,0.6000000000000001,1.5,1.9,1.47,1.0,2.5,16.0,34.0,Good
71.0,16.0,30.0,4.0,6.3,6.9,7.8,443.0,627.0,2.2,3.0,1.22,3.19,84.0,170.0,150.0,300.0,14.0,21.0,14.0,23.0,2.3,5.15,0.8999999999999995,7.35,184.0,535.0,0.7999999999999998,2.6,1.97,2.205,86.0,127.0,150.0,225.0,Moderate
71.0,18.0,33.0,5.3,6.8,7.9,8.5,339.0,481.0,1.0,1.3,0.62,1.22,26.0,49.0,46.0,120.0,14.0,26.0,15.0,25.5,1.5,6.05,0.5999999999999996,8.2,142.0,410.0,0.30000000000000004,1.15,0.6,0.9199999999999999,23.0,37.5,74.0,83.0,Good
71.0,19.0,34.0,4.1,5.9,7.9,8.9,382.0,900.0,1.3,2.8,0.82,2.72,220.0,350.0,350.0,540.0,47.0,130.0,15.0,26.5,1.8000000000000007,5.0,1.0,8.4,518.0,641.0,1.4999999999999998,2.05,1.9000000000000004,1.77,130.0,285.0,190.0,445.0,Moderate
71.0,15.0,33.0,4.1,6.3,8.2,8.7,382.0,945.0,1.2,2.8,1.07,3.63,170.0,350.0,350.0,540.0,31.0,79.0,18.0,24.0,2.2,5.199999999999999,0.5,8.45,563.0,663.5,1.5999999999999999,2.0,2.5599999999999996,2.35,180.0,260.0,190.0,445.0,Moderate
71.0,15.0,34.0,3.3,6.1,8.1,8.9,388.0,1362.0,1.9,3.8,1.14,4.94,240.0,350.0,350.0,920.0,49.0,79.0,19.0,24.5,2.8,4.699999999999999,0.8000000000000007,8.5,974.0,875.0,1.9,2.8499999999999996,3.8000000000000007,3.04,110.0,295.0,570.0,635.0,Moderate
71.0,12.0,31.0,4.7,6.3,7.0,8.5,370.0,775.0,1.0,3.1,0.64,5.63,22.0,140.0,40.0,280.0,6.0,28.0,19.0,21.5,1.5999999999999996,5.5,1.5,7.75,405.0,572.5,2.1,2.05,4.99,3.135,118.0,81.0,240.0,160.0,Moderate
82.0,18.0,31.0,7.4,9.3,7.1,8.0,343.0,663.0,1.7,6.5,0.32,0.7,2.0,33000.0,2.0,49000.0,2.0,2.0,13.0,24.5,1.9000000000000004,8.350000000000001,0.9000000000000004,7.55,320.0,503.0,4.8,4.1,0.37999999999999995,0.51,32998.0,16501.0,48998.0,24501.0,Poor
49.0,20.0,33.0,7.4,10.7,7.7,8.2,174.0,445.0,1.2,2.6,0.32,0.51,2.0,15.0,68.0,120.0,2.0,2.0,13.0,26.5,3.299999999999999,9.05,0.4999999999999991,7.949999999999999,271.0,309.5,1.4000000000000001,1.9,0.19,0.41500000000000004,13.0,8.5,52.0,94.0,Poor
49.0,22.0,28.0,7.4,7.5,7.6,7.9,304.0,324.0,1.8,2.0,0.51,0.93,2.0,2.0,47.0,49.0,2.0,2.0,6.0,25.0,0.09999999999999964,7.45,0.3000000000000007,7.75,20.0,314.0,0.19999999999999996,1.9,0.42000000000000004,0.72,0.0,2.0,2.0,48.0,Poor
49.0,22.0,28.0,7.0,7.8,7.3,8.5,277.0,2449.0,1.6,3.4,0.32,4.98,2.0,25.0,43.0,1600.0,2.0,2.0,6.0,25.0,0.7999999999999998,7.4,1.2000000000000002,7.9,2172.0,1363.0,1.7999999999999998,2.5,4.66,2.6500000000000004,23.0,13.5,1557.0,821.5,Poor
49.0,22.0,27.0,6.9,7.9,7.3,8.1,405.0,907.0,1.8,2.0,0.64,1.07,2.0,4.0,43.0,49.0,2.0,2.0,5.0,24.5,1.0,7.4,0.7999999999999998,7.699999999999999,502.0,656.0,0.19999999999999996,1.9,0.43000000000000005,0.855,2.0,3.0,6.0,46.0,Poor
49.0,22.0,27.0,0.3,7.6,3.4,8.1,653.0,8763.0,6.0,28.0,0.94,11.29,40.0,1600.0,1600.0,1600.0,14.0,540.0,5.0,24.5,7.3,3.9499999999999997,4.699999999999999,5.75,8110.0,4708.0,22.0,17.0,10.35,6.114999999999999,1560.0,820.0,0.0,1600.0,Poor
49.0,15.0,25.0,7.0,8.1,7.1,7.8,315.0,718.0,1.0,2.3,0.3,1.85,2.0,6.0,12.0,28.0,2.0,2.0,10.0,20.0,1.0999999999999996,7.55,0.7000000000000002,7.449999999999999,403.0,516.5,1.2999999999999998,1.65,1.55,1.075,4.0,4.0,16.0,20.0,Poor
49.0,20.5,21.0,6.9,7.2,7.5,7.9,360.0,439.0,1.0,1.1,1.54,2.01,2.0,2.0,24.0,34.0,2.0,2.0,0.5,20.75,0.2999999999999998,7.050000000000001,0.40000000000000036,7.7,79.0,399.5,0.10000000000000009,1.05,0.46999999999999975,1.775,0.0,2.0,10.0,29.0,Good
49.0,18.0,27.0,7.0,8.2,7.2,7.8,380.0,600.0,1.4,1.9,0.3,1.4,2.0,6.0,20.0,26.0,2.0,2.0,9.0,22.5,1.1999999999999993,7.6,0.5999999999999996,7.5,220.0,490.0,0.5,1.65,1.0999999999999999,0.85,4.0,4.0,6.0,23.0,Good
49.0,22.0,30.0,7.2,7.6,7.4,7.9,298.0,384.0,1.8,2.0,0.55,0.98,2.0,4.0,48.0,49.0,2.0,2.0,8.0,26.0,0.39999999999999947,7.4,0.5,7.65,86.0,341.0,0.19999999999999996,1.9,0.42999999999999994,0.765,2.0,3.0,1.0,48.5,Poor
71.0,17.0,33.0,4.7,5.8,8.1,8.9,311.0,1092.0,1.0,2.0,1.22,2.52,70.0,150.0,140.0,350.0,21.0,26.0,16.0,25.0,1.0999999999999996,5.25,0.8000000000000007,8.5,781.0,701.5,1.0,1.5,1.3,1.87,80.0,110.0,210.0,245.0,Moderate
49.0,15.0,31.0,7.0,8.8,7.2,7.9,290.0,511.0,1.4,2.1,0.32,1.4,2.0,6.0,24.0,34.0,2.0,2.0,16.0,23.0,1.8000000000000007,7.9,0.7000000000000002,7.550000000000001,221.0,400.5,0.7000000000000002,1.75,1.0799999999999998,0.86,4.0,4.0,10.0,29.0,Poor
49.0,15.0,26.0,5.8,11.7,7.4,8.1,371.0,715.0,1.0,4.6,5.05,30.72,6.0,110.0,220.0,480.0,2.0,2.0,11.0,20.5,5.8999999999999995,8.75,0.6999999999999993,7.75,344.0,543.0,3.5999999999999996,2.8,25.669999999999998,17.884999999999998,104.0,58.0,260.0,350.0,Poor
49.0,15.0,32.0,7.0,8.5,7.2,7.6,270.0,507.0,1.6,1.9,0.5,1.83,2.0,6.0,2.0,34.0,2.0,2.0,17.0,23.5,1.5,7.75,0.39999999999999947,7.4,237.0,388.5,0.2999999999999998,1.75,1.33,1.165,4.0,4.0,32.0,18.0,Good
49.0,20.0,22.5,0.3,0.3,7.2,8.1,982.0,1485.0,10.0,36.0,2.13,4.78,32.0,5400.0,920.0,12000.0,8.0,1800.0,2.5,21.25,0.0,0.3,0.8999999999999995,7.65,503.0,1233.5,26.0,23.0,2.6500000000000004,3.455,5368.0,2716.0,11080.0,6460.0,Poor
49.0,19.0,22.0,0.3,0.3,7.2,8.2,973.0,1418.0,14.0,38.0,2.14,7.35,2.0,6300.0,1400.0,17000.0,5.0,2100.0,3.0,20.5,0.0,0.3,0.9999999999999991,7.699999999999999,445.0,1195.5,24.0,26.0,5.209999999999999,4.745,6298.0,3151.0,15600.0,9200.0,Poor
49.0,19.5,22.5,4.0,6.4,7.4,8.4,880.0,1330.0,1.0,8.0,1.24,3.17,10.0,700.0,430.0,1600.0,2.0,340.0,3.0,21.0,2.4000000000000004,5.2,1.0,7.9,450.0,1105.0,7.0,4.5,1.93,2.205,690.0,355.0,1170.0,1015.0,Poor
49.0,22.7,33.0,2.8,9.1,6.8,7.9,612.0,5952.0,2.0,3.7,0.0,0.0,2.0,15.0,70.0,120.0,2.0,2.0,10.3,27.85,6.3,5.949999999999999,1.1000000000000005,7.35,5340.0,3282.0,1.7000000000000002,2.85,0.0,0.0,13.0,8.5,50.0,95.0,Poor
49.0,22.0,27.0,6.2,7.8,7.1,7.9,386.0,1064.0,3.4,10.0,0.32,2.8,350.0,1600.0,1600.0,1600.0,6.0,170.0,5.0,24.5,1.5999999999999996,7.0,0.8000000000000007,7.5,678.0,725.0,6.6,6.7,2.48,1.5599999999999998,1250.0,975.0,0.0,1600.0,Poor
49.0,22.0,27.0,7.0,7.6,7.4,7.9,333.0,1039.0,2.4,6.0,0.32,1.94,2.0,1600.0,210.0,1600.0,2.0,6.0,5.0,24.5,0.5999999999999996,7.3,0.5,7.65,706.0,686.0,3.6,4.2,1.6199999999999999,1.13,1598.0,801.0,1390.0,905.0,Poor
49.0,22.0,27.0,6.8,7.6,7.3,8.0,493.0,1254.0,8.0,12.0,0.93,3.47,920.0,1600.0,1600.0,1600.0,10.0,25.0,5.0,24.5,0.7999999999999998,7.199999999999999,0.7000000000000002,7.65,761.0,873.5,4.0,10.0,2.54,2.2,680.0,1260.0,0.0,1600.0,Poor
49.0,22.0,26.0,7.0,7.5,7.1,7.9,370.0,1041.0,2.4,8.0,0.32,2.24,2.0,1600.0,280.0,1600.0,2.0,6.0,4.0,24.0,0.5,7.25,0.8000000000000007,7.5,671.0,705.5,5.6,5.2,1.9200000000000002,1.28,1598.0,801.0,1320.0,940.0,Poor
49.0,23.0,29.0,6.8,8.0,7.5,8.2,388.0,1068.0,1.4,3.6,0.32,1.0,2.0,6.0,46.0,1600.0,2.0,2.0,6.0,26.0,1.2000000000000002,7.4,0.6999999999999993,7.85,680.0,728.0,2.2,2.5,0.6799999999999999,0.66,4.0,4.0,1554.0,823.0,Poor
49.0,22.0,26.0,7.1,7.6,7.4,8.0,288.0,585.0,1.8,2.0,0.63,0.98,2.0,4.0,47.0,49.0,2.0,2.0,4.0,24.0,0.5,7.35,0.5999999999999996,7.7,297.0,436.5,0.19999999999999996,1.9,0.35,0.8049999999999999,2.0,3.0,2.0,48.0,Poor
83.0,15.0,24.0,1.4,4.0,6.8,7.8,321.0,601.0,20.0,34.0,0.33,0.53,1400.0,28000.0,1600.0,160000.0,540.0,16000.0,9.0,19.5,2.6,2.7,1.0,7.3,280.0,461.0,14.0,27.0,0.2,0.43000000000000005,26600.0,14700.0,158400.0,80800.0,Poor
83.0,13.0,30.0,5.6,7.7,7.2,7.8,181.0,316.0,2.0,3.0,0.35,0.83,130.0,540.0,170.0,920.0,46.0,210.0,17.0,21.5,2.1000000000000005,6.65,0.5999999999999996,7.5,135.0,248.5,1.0,2.5,0.48,0.59,410.0,335.0,750.0,545.0,Poor
83.0,13.0,32.0,1.4,4.4,6.7,7.7,216.0,636.0,12.0,28.0,0.37,1.15,240.0,920.0,540.0,1600.0,94.0,350.0,19.0,22.5,3.0000000000000004,2.9000000000000004,1.0,7.2,420.0,426.0,16.0,20.0,0.7799999999999999,0.76,680.0,580.0,1060.0,1070.0,Poor
83.0,13.0,34.0,6.0,7.6,6.8,7.9,236.0,596.0,2.6,3.0,0.34,0.82,220.0,920.0,280.0,1600.0,47.0,130.0,21.0,23.5,1.5999999999999996,6.8,1.1000000000000005,7.35,360.0,416.0,0.3999999999999999,2.8,0.4799999999999999,0.58,700.0,570.0,1320.0,940.0,Poor
83.0,12.0,33.0,1.2,4.1,7.0,7.7,298.0,1254.0,14.0,38.0,0.39,1.29,350.0,1600.0,540.0,1600.0,70.0,220.0,21.0,22.5,2.8999999999999995,2.65,0.7000000000000002,7.35,956.0,776.0,24.0,26.0,0.9,0.8400000000000001,1250.0,975.0,1060.0,1070.0,Poor
83.0,20.6,32.0,4.5,8.3,7.1,7.8,238.0,813.0,1.0,7.1,0.32,0.37,13000.0,130000.0,70000.0,490000.0,5.0,2681.2,11.399999999999999,26.3,3.8000000000000007,6.4,0.7000000000000002,7.449999999999999,575.0,525.5,6.1,4.05,0.04999999999999999,0.345,117000.0,71500.0,420000.0,280000.0,Poor
83.0,13.0,31.0,6.8,7.8,7.4,7.9,211.0,628.0,2.0,3.8,0.33,0.66,120.0,280.0,170.0,350.0,17.0,84.0,18.0,22.0,1.0,7.3,0.5,7.65,417.0,419.5,1.7999999999999998,2.9,0.33,0.495,160.0,200.0,180.0,260.0,Poor
83.0,21.0,30.2,6.2,8.8,7.5,7.6,295.0,714.0,1.0,2.8,0.32,0.9,7800.0,330000.0,13000.0,790000.0,293.8,26726.4,9.2,25.6,2.6000000000000005,7.5,0.09999999999999964,7.55,419.0,504.5,1.7999999999999998,1.9,0.5800000000000001,0.61,322200.0,168900.0,777000.0,401500.0,Poor
83.0,13.0,23.0,7.4,8.8,7.3,8.2,230.0,280.0,1.4,2.4,0.32,0.4,63.0,170.0,84.0,210.0,4.0,13.0,10.0,18.0,1.4000000000000004,8.100000000000001,0.8999999999999995,7.75,50.0,255.0,1.0,1.9,0.08000000000000002,0.36,107.0,116.5,126.0,147.0,Poor
83.0,12.0,32.0,5.0,7.0,7.2,7.9,265.0,672.0,3.0,7.8,0.0,0.88,170.0,540.0,280.0,920.0,48.0,150.0,20.0,22.0,2.0,6.0,0.7000000000000002,7.550000000000001,407.0,468.5,4.8,5.4,0.88,0.44,370.0,355.0,640.0,600.0,Poor
83.0,20.2,30.9,0.3,6.2,7.6,7.9,380.0,1030.0,7.5,13.0,0.32,1.74,2300.0,170000.0,7900.0,1300000.0,350.4,1746.4,10.7,25.549999999999997,5.9,3.25,0.3000000000000007,7.75,650.0,705.0,5.5,10.25,1.42,1.03,167700.0,86150.0,1292100.0,653950.0,Poor
83.0,12.0,31.0,2.4,7.2,7.2,7.8,221.0,918.0,2.0,12.0,0.33,0.97,220.0,920.0,350.0,1600.0,79.0,170.0,19.0,21.5,4.800000000000001,4.8,0.5999999999999996,7.5,697.0,569.5,10.0,7.0,0.6399999999999999,0.65,700.0,570.0,1250.0,975.0,Poor
82.0,21.0,31.6,6.5,8.3,7.5,8.0,121.0,745.0,1.0,2.4,0.32,0.98,4500.0,130000.0,7800.0,490000.0,5.0,2681.2,10.600000000000001,26.3,1.8000000000000007,7.4,0.5,7.75,624.0,433.0,1.4,1.7,0.6599999999999999,0.65,125500.0,67250.0,482200.0,248900.0,Poor
82.0,20.3,31.2,0.3,8.9,6.2,7.8,217.0,715.0,1.4,145.0,0.32,0.37,200.0,1300000.0,780.0,9200000.0,3969.4,34269.0,10.899999999999999,25.75,8.6,4.6000000000000005,1.5999999999999996,7.0,498.0,466.0,143.6,73.2,0.04999999999999999,0.345,1299800.0,650100.0,9199220.0,4600390.0,Poor
83.0,12.0,31.0,7.2,9.2,7.5,7.9,165.0,220.0,1.6,2.2,0.35,0.49,210.0,540.0,350.0,920.0,63.0,170.0,19.0,21.5,1.9999999999999991,8.2,0.40000000000000036,7.7,55.0,192.5,0.6000000000000001,1.9000000000000001,0.14,0.42,330.0,375.0,570.0,635.0,Poor
83.0,12.0,32.0,6.9,8.6,7.4,7.9,183.0,336.0,2.4,3.0,0.36,0.84,350.0,1600.0,920.0,1700.0,94.0,920.0,20.0,22.0,1.6999999999999993,7.75,0.5,7.65,153.0,259.5,0.6000000000000001,2.7,0.48,0.6,1250.0,975.0,780.0,1310.0,Poor
83.0,13.0,30.0,5.0,7.2,7.1,7.8,322.0,482.0,2.4,3.0,0.34,0.55,220.0,920.0,350.0,1600.0,79.0,540.0,17.0,21.5,2.2,6.1,0.7000000000000002,7.449999999999999,160.0,402.0,0.6000000000000001,2.7,0.21000000000000002,0.44500000000000006,700.0,570.0,1250.0,975.0,Poor
83.0,12.0,33.0,1.6,4.4,6.8,7.5,396.0,625.0,12.0,30.0,0.35,1.47,540.0,1600.0,920.0,1700.0,170.0,540.0,21.0,22.5,2.8000000000000003,3.0,0.7000000000000002,7.15,229.0,510.5,18.0,21.0,1.12,0.9099999999999999,1060.0,1070.0,780.0,1310.0,Poor
82.0,22.0,30.2,6.5,9.1,7.2,7.9,221.0,730.0,1.0,3.4,0.32,0.36,2.0,49000.0,2.0,330000.0,2.0,2.0,8.2,26.1,2.5999999999999996,7.8,0.7000000000000002,7.550000000000001,509.0,475.5,2.4,2.2,0.03999999999999998,0.33999999999999997,48998.0,24501.0,329998.0,165001.0,Poor
83.0,21.5,28.8,7.4,9.5,7.1,7.8,176.0,584.0,1.2,9.5,0.32,10.14,2.0,790000.0,4500.0,3500000.0,574.4,8706.0,7.300000000000001,25.15,2.0999999999999996,8.45,0.7000000000000002,7.449999999999999,408.0,380.0,8.3,5.35,9.82,5.23,789998.0,395001.0,3495500.0,1752250.0,Poor
82.0,22.0,30.2,6.5,9.1,7.2,7.9,221.0,730.0,1.0,3.4,0.32,0.36,2.0,49000.0,2.0,330000.0,2.0,2.0,8.2,26.1,2.5999999999999996,7.8,0.7000000000000002,7.550000000000001,509.0,475.5,2.4,2.2,0.03999999999999998,0.33999999999999997,48998.0,24501.0,329998.0,165001.0,Poor
82.0,14.0,30.0,5.9,11.2,8.0,8.5,256.0,589.0,3.8,5.6,0.0,0.0,4300.0,6300.0,7500.0,13000.0,2.0,2.0,16.0,22.0,5.299999999999999,8.55,0.5,8.25,333.0,422.5,1.7999999999999998,4.699999999999999,0.0,0.0,2000.0,5300.0,5500.0,10250.0,Poor
82.0,14.0,30.0,5.4,8.7,7.4,8.2,240.0,496.0,5.0,6.4,0.0,0.0,4600.0,9800.0,8900.0,17000.0,2.0,2.0,16.0,22.0,3.299999999999999,7.05,0.7999999999999989,7.8,256.0,368.0,1.4000000000000004,5.7,0.0,0.0,5200.0,7200.0,8100.0,12950.0,Poor
82.0,19.0,31.0,0.3,0.3,7.6,7.9,403.0,558.0,46.0,62.0,0.0,0.0,2200000.0,4100000.0,3200000.0,5800000.0,3971.6,34520.0,12.0,25.0,0.0,0.3,0.3000000000000007,7.75,155.0,480.5,16.0,54.0,0.0,0.0,1900000.0,3150000.0,2600000.0,4500000.0,Poor
82.0,14.0,21.0,0.3,0.3,7.5,7.7,480.0,940.0,32.0,56.0,22.0,32.0,63000.0,130000.0,94000.0,170000.0,185.8,458.0,7.0,17.5,0.0,0.3,0.20000000000000018,7.6,460.0,710.0,24.0,44.0,10.0,27.0,67000.0,96500.0,76000.0,132000.0,Poor
82.0,23.5,29.0,7.1,8.2,8.0,8.4,312.0,480.0,2.8,3.8,0.6,0.96,1100.0,2300.0,1700.0,3300.0,380.0,840.0,5.5,26.25,1.0999999999999996,7.6499999999999995,0.40000000000000036,8.2,168.0,396.0,1.0,3.3,0.36,0.78,1200.0,1700.0,1600.0,2500.0,Poor
82.0,23.5,29.5,3.0,4.8,7.2,7.6,524.0,664.0,8.6,12.8,1.72,260.0,17000.0,22000.0,27000.0,33000.0,7900.0,17000.0,6.0,26.5,1.7999999999999998,3.9,0.39999999999999947,7.4,140.0,594.0,4.200000000000001,10.7,258.28,130.86,5000.0,19500.0,6000.0,30000.0,Poor
82.0,18.0,26.7,5.5,7.3,7.5,7.8,140.0,170.0,1.8,2.8,0.0,0.0,700.0,1100.0,1000.0,1700.0,182.0,290.0,8.7,22.35,1.7999999999999998,6.4,0.2999999999999998,7.65,30.0,155.0,0.9999999999999998,2.3,0.0,0.0,400.0,900.0,700.0,1350.0,Poor
82.0,18.0,32.0,3.5,8.0,7.7,8.2,324.0,531.0,3.0,4.3,0.3,1.38,2300.0,4900.0,4700.0,7900.0,292.8,710.0,14.0,25.0,4.5,5.75,0.4999999999999991,7.949999999999999,207.0,427.5,1.2999999999999998,3.65,1.0799999999999998,0.84,2600.0,3600.0,3200.0,6300.0,Poor
82.0,24.0,29.5,7.3,8.6,8.1,8.4,316.0,446.0,2.4,3.4,0.55,0.92,2100.0,5800.0,4600.0,8400.0,1300.0,3100.0,5.5,26.75,1.2999999999999998,7.949999999999999,0.3000000000000007,8.25,130.0,381.0,1.0,2.9,0.37,0.7350000000000001,3700.0,3950.0,3800.0,6500.0,Poor
82.0,24.0,29.0,7.2,8.6,7.9,8.4,318.0,484.0,3.0,4.0,0.56,1.34,3100.0,9300.0,7000.0,13000.0,2000.0,4600.0,5.0,26.5,1.3999999999999995,7.9,0.5,8.15,166.0,401.0,1.0,3.5,0.78,0.9500000000000001,6200.0,6200.0,6000.0,10000.0,Poor
82.0,6.4,12.2,7.8,8.5,238.0,422.0,2.0,4.4,0.0,1.62,450.0,1400.0,1400.0,2800.0,1081.2,1680.8,123.0,894.6,5.799999999999999,9.3,0.7000000000000002,8.15,184.0,330.0,2.4000000000000004,3.2,1.62,0.81,950.0,925.0,1400.0,2100.0,599.5999999999999,1381.0,Poor
82.0,4.2,10.9,7.4,8.4,311.0,512.0,2.9,4.0,0.61,0.88,210.0,4900.0,4700.0,7800.0,6100.4,10620.0,941.2,1901.2,6.7,7.550000000000001,1.0,7.9,201.0,411.5,1.1,3.45,0.27,0.745,4690.0,2555.0,3100.0,6250.0,4519.6,8360.2,Poor
82.0,0.9,2.4,7.0,7.8,404.0,807.0,10.5,13.8,0.3,2.68,70000.0,170000.0,110000.0,240000.0,124400.0,446000.0,42.8,479.0,1.5,1.65,0.7999999999999998,7.4,403.0,605.5,3.3000000000000007,12.15,2.3800000000000003,1.49,100000.0,120000.0,130000.0,175000.0,321600.0,285200.0,Poor
82.0,24.0,29.5,7.0,8.0,7.8,8.5,322.0,490.0,3.2,4.3,0.6,1.42,3300.0,14000.0,8400.0,21000.0,2400.0,8400.0,5.5,26.75,1.0,7.5,0.7000000000000002,8.15,168.0,406.0,1.0999999999999996,3.75,0.82,1.01,10700.0,8650.0,12600.0,14700.0,Poor
82.0,6.2,12.0,7.8,8.5,247.0,429.0,2.1,2.8,0.55,0.75,680.0,1700.0,1700.0,3400.0,1280.8,2676.0,15.8,684.2,5.8,9.1,0.7000000000000002,8.15,182.0,338.0,0.6999999999999997,2.45,0.19999999999999996,0.65,1020.0,1190.0,1700.0,2550.0,1395.2,1978.4,Poor
82.0,5.8,11.6,7.7,8.4,262.0,440.0,2.3,3.2,0.58,0.78,780.0,2400.0,2100.0,4000.0,1443.0,3236.0,21.2,49.0,5.8,8.7,0.7000000000000002,8.05,178.0,351.0,0.9000000000000004,2.75,0.20000000000000007,0.6799999999999999,1620.0,1590.0,1900.0,3050.0,1793.0,2339.5,Poor
82.0,5.6,11.4,7.7,8.4,274.0,458.0,2.4,3.4,1.1,1.64,780.0,2600.0,2000.0,4500.0,2023.0,7836.0,20.2,375.4,5.800000000000001,8.5,0.7000000000000002,8.05,184.0,366.0,1.0,2.9,0.5399999999999998,1.37,1820.0,1690.0,2500.0,3250.0,5813.0,4929.5,Poor
82.0,4.7,10.8,7.6,8.4,291.0,481.0,2.7,3.8,1.2,1.82,1400.0,3300.0,2800.0,5400.0,3602.6,10676.0,281.6,996.0,6.1000000000000005,7.75,0.8000000000000007,8.0,190.0,386.0,1.0999999999999996,3.25,0.6200000000000001,1.51,1900.0,2350.0,2600.0,4100.0,7073.4,7139.3,Poor
82.0,4.2,11.0,7.4,8.4,310.0,488.0,2.9,4.0,0.62,0.89,2300.0,4900.0,4700.0,7800.0,6100.4,10620.0,941.2,1901.2,6.8,7.6,1.0,7.9,178.0,399.0,1.1,3.45,0.27,0.755,2600.0,3600.0,3100.0,6250.0,4519.6,8360.2,Poor
82.0,3.9,10.5,7.3,8.4,322.0,528.0,3.1,4.2,0.62,1.14,2400.0,4900.0,5400.0,7900.0,6100.4,10620.0,941.2,1901.2,6.6,7.2,1.1000000000000005,7.85,206.0,425.0,1.1,3.6500000000000004,0.5199999999999999,0.8799999999999999,2500.0,3650.0,2500.0,6650.0,4519.6,8360.2,Poor
82.0,1.2,5.2,7.2,7.9,348.0,764.0,7.0,10.6,0.84,1.49,33000.0,78000.0,61000.0,120000.0,103200.0,176000.0,353.8,830.0,4.0,3.2,0.7000000000000002,7.550000000000001,416.0,556.0,3.5999999999999996,8.8,0.65,1.165,45000.0,55500.0,59000.0,90500.0,72800.0,139600.0,Poor
82.0,0.9,4.4,7.2,7.8,364.0,781.0,7.6,11.2,0.85,1.56,45000.0,94000.0,68000.0,140000.0,119200.0,186000.0,301.6,880.0,3.5000000000000004,2.6500000000000004,0.5999999999999996,7.5,417.0,572.5,3.5999999999999996,9.399999999999999,0.7100000000000001,1.205,49000.0,69500.0,72000.0,104000.0,66800.0,152600.0,Poor
82.0,1.1,2.8,7.1,7.8,389.0,789.0,9.8,13.0,0.3,2.46,70000.0,130000.0,94000.0,220000.0,114800.0,384000.0,44.6,341.0,1.6999999999999997,1.95,0.7000000000000002,7.449999999999999,400.0,589.0,3.1999999999999993,11.4,2.16,1.38,60000.0,100000.0,126000.0,157000.0,269200.0,249400.0,Poor
82.0,0.9,2.5,7.0,7.8,403.0,808.0,10.5,13.8,0.3,2.68,70000.0,170000.0,110000.0,240000.0,124400.0,446000.0,42.8,479.0,1.6,1.7,0.7999999999999998,7.4,405.0,605.5,3.3000000000000007,12.15,2.3800000000000003,1.49,100000.0,120000.0,130000.0,175000.0,321600.0,285200.0,Poor
82.0,2.9,5.8,7.3,7.9,348.0,741.0,5.5,8.0,1.28,1.68,13000.0,49000.0,23000.0,94000.0,45400.0,164000.0,128.8,8402.0,2.9,4.35,0.6000000000000005,7.6,393.0,544.5,2.5,6.75,0.3999999999999999,1.48,36000.0,31000.0,71000.0,58500.0,118600.0,104700.0,Poor
82.0,3.2,4.7,7.3,7.9,336.0,724.0,5.6,7.5,1.29,1.66,11000.0,49000.0,21000.0,79000.0,55000.0,154000.0,134.8,8378.0,1.5,3.95,0.6000000000000005,7.6,388.0,530.0,1.9000000000000004,6.55,0.3699999999999999,1.475,38000.0,30000.0,58000.0,50000.0,99000.0,104500.0,Poor
82.0,23.0,28.0,5.7,7.0,7.9,8.2,345.0,518.0,4.0,4.9,0.0,0.92,2700.0,4900.0,4700.0,12000.0,581.4,1064.4,5.0,25.5,1.2999999999999998,6.35,0.29999999999999893,8.05,173.0,431.5,0.9000000000000004,4.45,0.92,0.46,2200.0,3800.0,7300.0,8350.0,Poor
82.0,23.0,28.0,5.3,7.3,8.0,8.2,341.0,530.0,4.2,5.8,0.82,0.94,2600.0,7000.0,4900.0,17000.0,2.0,2.0,5.0,25.5,2.0,6.3,0.1999999999999993,8.1,189.0,435.5,1.5999999999999996,5.0,0.12,0.8799999999999999,4400.0,4800.0,12100.0,10950.0,Poor
82.0,24.0,29.5,7.4,8.6,8.0,8.4,315.0,478.0,2.4,3.3,0.52,1.2,700.0,1700.0,1100.0,2400.0,430.0,700.0,5.5,26.75,1.1999999999999993,8.0,0.40000000000000036,8.2,163.0,396.5,0.8999999999999999,2.8499999999999996,0.6799999999999999,0.86,1000.0,1200.0,1300.0,1750.0,Poor
82.0,16.0,24.0,7.8,8.4,7.9,8.2,270.0,2920.0,2.6,8.4,0.0,0.0,8000.0,16000.0,18000.0,30000.0,4980.0,11400.0,8.0,20.0,0.6000000000000005,8.1,0.29999999999999893,8.05,2650.0,1595.0,5.800000000000001,5.5,0.0,0.0,8000.0,12000.0,12000.0,24000.0,Poor
82.0,16.0,26.0,7.4,8.0,7.7,8.0,360.0,3960.0,4.2,7.7,0.0,0.0,12000.0,28000.0,28000.0,44000.0,2867.2,6184.0,10.0,21.0,0.5999999999999996,7.7,0.2999999999999998,7.85,3600.0,2160.0,3.5,5.95,0.0,0.0,16000.0,20000.0,16000.0,36000.0,Poor
9.0,19.0,33.0,6.0,9.7,7.0,8.2,159.0,361.0,1.0,2.9,0.12,0.3,1100.0,92000.0,2300.0,160000.0,2.0,1368.0,14.0,26.0,3.6999999999999993,7.85,1.1999999999999993,7.6,202.0,260.0,1.9,1.95,0.18,0.21,90900.0,46550.0,157700.0,81150.0,Poor
82.0,16.0,25.0,7.6,8.4,7.7,8.0,330.0,4120.0,2.6,4.0,0.0,0.0,10000.0,26000.0,22000.0,50000.0,1634.0,3822.0,9.0,20.5,0.8000000000000007,8.0,0.2999999999999998,7.85,3790.0,2225.0,1.4,3.3,0.0,0.0,16000.0,18000.0,28000.0,36000.0,Poor
82.0,16.0,24.0,7.8,8.3,7.8,8.2,370.0,392.0,3.4,4.2,0.0,0.0,8000.0,24000.0,18000.0,38000.0,3825.2,7958.0,8.0,20.0,0.5000000000000009,8.05,0.39999999999999947,8.0,22.0,381.0,0.8000000000000003,3.8,0.0,0.0,16000.0,16000.0,20000.0,28000.0,Poor
82.0,22.0,28.5,8.5,9.8,7.9,8.3,232.0,292.0,1.8,2.5,0.52,0.86,210.0,460.0,460.0,700.0,170.0,310.0,6.5,25.25,1.3000000000000007,9.15,0.40000000000000036,8.100000000000001,60.0,262.0,0.7,2.15,0.33999999999999997,0.69,250.0,335.0,240.0,580.0,Poor
82.0,22.0,28.5,7.8,9.0,7.8,8.4,248.0,310.0,2.8,3.7,0.64,1.22,1300.0,2700.0,2300.0,3900.0,580.0,1100.0,6.5,25.25,1.2000000000000002,8.4,0.6000000000000005,8.1,62.0,279.0,0.9000000000000004,3.25,0.58,0.9299999999999999,1400.0,2000.0,1600.0,3100.0,Poor
49.0,17.3,29.8,6.7,7.8,7.6,8.2,236.0,456.0,1.5,1.9,0.45,1.16,2.0,2.0,46.0,49.0,2.0,2.0,12.5,23.55,1.0999999999999996,7.25,0.5999999999999996,7.8999999999999995,220.0,346.0,0.3999999999999999,1.7,0.71,0.8049999999999999,0.0,2.0,3.0,47.5,Good
49.0,23.4,33.2,4.1,7.5,7.5,8.0,461.0,3212.0,1.7,3.4,0.0,0.0,2.0,16.0,70.0,120.0,2.0,2.0,9.800000000000004,28.3,3.4000000000000004,5.8,0.5,7.75,2751.0,1836.5,1.7,2.55,0.0,0.0,14.0,9.0,50.0,95.0,Poor
49.0,22.6,33.1,4.7,7.4,7.3,7.9,647.0,2994.0,1.8,2.8,0.0,0.0,2.0,14.0,44.0,118.0,2.0,2.0,10.5,27.85,2.7,6.050000000000001,0.6000000000000005,7.6,2347.0,1820.5,0.9999999999999998,2.3,0.0,0.0,12.0,8.0,74.0,81.0,Poor
49.0,19.6,31.5,6.8,7.5,7.4,8.2,298.0,414.0,1.4,1.8,0.43,0.97,2.0,2.0,41.0,49.0,2.0,2.0,11.899999999999999,25.55,0.7000000000000002,7.15,0.7999999999999989,7.8,116.0,356.0,0.40000000000000013,1.6,0.54,0.7,0.0,2.0,8.0,45.0,Good
49.0,17.6,29.5,7.1,7.3,7.6,8.2,267.0,381.0,1.2,1.8,0.32,1.03,2.0,2.0,43.0,48.0,2.0,2.0,11.899999999999999,23.55,0.20000000000000018,7.199999999999999,0.5999999999999996,7.8999999999999995,114.0,324.0,0.6000000000000001,1.5,0.71,0.675,0.0,2.0,5.0,45.5,Good
49.0,24.0,29.2,7.1,8.0,7.5,8.1,278.0,293.0,1.3,1.5,0.34,1.0,2.0,2.0,38.0,48.0,2.0,2.0,5.199999999999999,26.6,0.9000000000000004,7.55,0.5999999999999996,7.8,15.0,285.5,0.19999999999999996,1.4,0.6599999999999999,0.67,0.0,2.0,10.0,43.0,Good
49.0,25.0,29.0,7.0,7.8,7.4,7.8,290.0,417.0,1.4,2.0,0.32,0.88,2.0,2.0,40.0,49.0,2.0,2.0,4.0,27.0,0.7999999999999998,7.4,0.39999999999999947,7.6,127.0,353.5,0.6000000000000001,1.7,0.56,0.6,0.0,2.0,9.0,44.5,Poor
49.0,19.0,27.0,7.0,7.8,7.1,7.7,400.0,752.0,1.4,2.1,0.47,2.0,4.0,8.0,22.0,28.0,2.0,2.0,8.0,23.0,0.7999999999999998,7.4,0.6000000000000005,7.4,352.0,576.0,0.7000000000000002,1.75,1.53,1.2349999999999999,4.0,6.0,6.0,25.0,Poor
49.0,17.0,33.0,6.3,7.9,7.2,7.9,312.0,668.0,2.2,3.0,3.48,6.48,11.0,63.0,120.0,430.0,2.0,2.0,16.0,25.0,1.6000000000000005,7.1,0.7000000000000002,7.550000000000001,356.0,490.0,0.7999999999999998,2.6,3.0000000000000004,4.98,52.0,37.0,310.0,275.0,Poor
49.0,16.0,26.0,3.5,11.4,7.1,8.3,285.0,918.0,1.0,3.0,1.24,23.4,4.0,110.0,220.0,430.0,2.0,2.0,10.0,21.0,7.9,7.45,1.200000000000001,7.7,633.0,601.5,2.0,2.0,22.16,12.319999999999999,106.0,57.0,210.0,325.0,Poor
49.0,20.0,22.0,6.9,7.7,7.7,8.2,338.0,487.0,1.0,1.2,0.73,1.79,2.0,2.0,41.0,46.0,2.0,2.0,2.0,21.0,0.7999999999999998,7.300000000000001,0.4999999999999991,7.949999999999999,149.0,412.5,0.19999999999999996,1.1,1.06,1.26,0.0,2.0,5.0,43.5,Good
9.0,18.0,31.0,7.1,9.8,7.3,8.2,166.0,308.0,1.0,2.1,0.3,0.3,2200.0,92000.0,7000.0,160000.0,8.2,728.0,13.0,24.5,2.700000000000001,8.45,0.8999999999999995,7.75,142.0,237.0,1.1,1.55,0.0,0.3,89800.0,47100.0,153000.0,83500.0,Poor
9.0,18.0,31.0,6.6,9.5,7.3,8.2,175.0,309.0,1.0,2.7,0.3,0.3,2300.0,54000.0,3300.0,92000.0,5.0,464.0,13.0,24.5,2.9000000000000004,8.05,0.8999999999999995,7.75,134.0,242.0,1.7000000000000002,1.85,0.0,0.3,51700.0,28150.0,88700.0,47650.0,Poor
9.0,18.0,30.0,7.1,9.4,7.2,8.2,173.0,272.0,1.0,2.4,0.3,0.3,1400.0,54000.0,2700.0,160000.0,116.2,3456.0,12.0,24.0,2.3000000000000007,8.25,0.9999999999999991,7.699999999999999,99.0,222.5,1.4,1.7,0.0,0.3,52600.0,27700.0,157300.0,81350.0,Poor
9.0,17.0,30.0,7.1,8.9,7.2,8.2,170.0,268.0,1.1,2.4,0.3,0.3,1300.0,92000.0,3300.0,160000.0,3.7600000000000002,1114.0,13.0,23.5,1.8000000000000007,8.0,0.9999999999999991,7.699999999999999,98.0,219.0,1.2999999999999998,1.75,0.0,0.3,90700.0,46650.0,156700.0,81650.0,Poor
9.0,17.0,31.0,6.6,9.1,7.2,8.3,167.0,264.0,1.0,2.6,0.3,0.3,3300.0,92000.0,4600.0,160000.0,1.9600000000000002,1164.0,14.0,24.0,2.5,7.85,1.1000000000000005,7.75,97.0,215.5,1.6,1.8,0.0,0.3,88700.0,47650.0,155400.0,82300.0,Poor
9.0,17.0,36.0,2.1,9.9,7.1,7.7,190.0,677.0,1.5,4.0,0.3,0.3,1300.0,54000.0,1700.0,92000.0,2.0,594.0,19.0,26.5,7.800000000000001,6.0,0.6000000000000005,7.4,487.0,433.5,2.5,2.75,0.0,0.3,52700.0,27650.0,90300.0,46850.0,Poor
9.0,20.0,31.0,4.4,9.6,7.1,7.8,177.0,392.0,1.4,3.0,0.3,0.3,1700.0,92000.0,2100.0,160000.0,2.0,1368.0,11.0,25.5,5.199999999999999,7.0,0.7000000000000002,7.449999999999999,215.0,284.5,1.6,2.2,0.0,0.3,90300.0,46850.0,157900.0,81050.0,Poor
9.0,18.0,29.0,5.2,9.2,7.2,8.0,220.0,329.0,1.0,2.6,0.3,0.3,4900.0,24000.0,7900.0,35000.0,18.2,442.2,11.0,23.5,3.999999999999999,7.199999999999999,0.7999999999999998,7.6,109.0,274.5,1.6,1.8,0.0,0.3,19100.0,14450.0,27100.0,21450.0,Poor
9.0,19.0,36.0,1.7,12.3,7.3,8.0,207.0,436.0,1.6,7.0,0.3,0.3,1700.0,92000.0,2700.0,160000.0,2.0,1368.0,17.0,27.5,10.600000000000001,7.0,0.7000000000000002,7.65,229.0,321.5,5.4,4.3,0.0,0.3,90300.0,46850.0,157300.0,81350.0,Poor
9.0,18.0,32.0,6.5,9.2,7.3,8.1,201.0,456.0,1.0,2.6,0.3,0.33,2300.0,92000.0,3300.0,160000.0,2.0,1384.0,14.0,25.0,2.6999999999999993,7.85,0.7999999999999998,7.699999999999999,255.0,328.5,1.6,1.8,0.030000000000000027,0.315,89700.0,47150.0,156700.0,81650.0,Poor
9.0,22.0,38.0,6.5,9.8,7.2,8.5,219.0,402.0,1.0,2.6,0.3,0.3,3300.0,92000.0,4900.0,160000.0,1.9600000000000002,1196.0,16.0,30.0,3.3000000000000007,8.15,1.2999999999999998,7.85,183.0,310.5,1.6,1.8,0.0,0.3,88700.0,47650.0,155100.0,82450.0,Poor
9.0,18.0,33.0,6.8,9.1,7.2,8.0,198.0,447.0,1.0,2.8,0.3,0.3,1300.0,92000.0,2300.0,160000.0,2.0,1368.0,15.0,25.5,2.3,7.949999999999999,0.7999999999999998,7.6,249.0,322.5,1.7999999999999998,1.9,0.0,0.3,90700.0,46650.0,157700.0,81150.0,Poor
9.0,14.0,30.0,6.8,8.9,7.3,8.3,202.0,521.0,1.0,2.6,0.3,0.3,4900.0,92000.0,7900.0,160000.0,8.2,1802.0,16.0,22.0,2.1000000000000005,7.85,1.0000000000000009,7.800000000000001,319.0,361.5,1.6,1.8,0.0,0.3,87100.0,48450.0,152100.0,83950.0,Poor
9.0,20.0,31.0,6.2,8.9,7.3,8.0,218.0,398.0,1.0,3.0,0.3,0.3,2300.0,35000.0,4600.0,92000.0,57.8,518.8,11.0,25.5,2.7,7.550000000000001,0.7000000000000002,7.65,180.0,308.0,2.0,2.0,0.0,0.3,32700.0,18650.0,87400.0,48300.0,Poor
9.0,20.0,30.0,7.0,9.2,7.5,8.1,180.0,415.0,1.0,2.5,0.3,0.32,2300.0,22000.0,3300.0,28000.0,35.2,570.4,10.0,25.0,2.1999999999999993,8.1,0.5999999999999996,7.8,235.0,297.5,1.5,1.75,0.020000000000000018,0.31,19700.0,12150.0,24700.0,15650.0,Poor
9.0,14.0,30.0,0.3,3.9,7.2,7.8,249.0,980.0,3.2,9.0,0.3,0.3,13000.0,240000.0,22000.0,540000.0,224.6,2900.8,16.0,22.0,3.6,2.1,0.5999999999999996,7.5,731.0,614.5,5.8,6.1,0.0,0.3,227000.0,126500.0,518000.0,281000.0,Poor
9.0,17.0,30.0,0.3,3.7,7.2,7.8,256.0,987.0,3.0,8.0,0.3,0.3,7900.0,350000.0,17000.0,540000.0,290.2,28900.4,13.0,23.5,3.4000000000000004,2.0,0.5999999999999996,7.5,731.0,621.5,5.0,5.5,0.0,0.3,342100.0,178950.0,523000.0,278500.0,Poor
9.0,16.0,35.0,0.4,10.6,7.2,7.9,264.0,579.0,1.0,14.0,0.3,0.3,1700.0,92000.0,4900.0,160000.0,6.0,1548.0,19.0,25.5,10.2,5.5,0.7000000000000002,7.550000000000001,315.0,421.5,13.0,7.5,0.0,0.3,90300.0,46850.0,155100.0,82450.0,Poor
9.0,16.0,35.0,5.6,11.2,7.4,7.9,268.0,450.0,1.0,3.0,0.12,0.3,1300.0,35000.0,4900.0,92000.0,57.8,518.8,19.0,25.5,5.6,8.399999999999999,0.5,7.65,182.0,359.0,2.0,2.0,0.18,0.21,33700.0,18150.0,87100.0,48450.0,Poor
9.0,15.0,37.0,7.2,9.0,7.3,8.3,147.0,296.0,1.0,2.5,0.3,0.3,680.0,92000.0,1400.0,160000.0,2.0,874.0,22.0,26.0,1.7999999999999998,8.1,1.0000000000000009,7.800000000000001,149.0,221.5,1.5,1.75,0.0,0.3,91320.0,46340.0,158600.0,80700.0,Poor
9.0,16.0,32.0,7.2,8.8,7.5,8.1,193.0,368.0,1.0,2.5,0.3,0.3,130.0,54000.0,230.0,160000.0,116.2,3456.0,16.0,24.0,1.6000000000000005,8.0,0.5999999999999996,7.8,175.0,280.5,1.5,1.75,0.0,0.3,53870.0,27065.0,159770.0,80115.0,Poor
9.0,16.0,29.0,7.0,9.3,7.0,8.4,137.0,236.0,1.0,2.5,0.3,0.3,1700.0,92000.0,2200.0,160000.0,2.0,1368.0,13.0,22.5,2.3000000000000007,8.15,1.4000000000000004,7.7,99.0,186.5,1.5,1.75,0.0,0.3,90300.0,46850.0,157800.0,81100.0,Poor
9.0,17.0,32.0,1.7,6.9,7.3,7.9,230.0,589.0,2.1,3.8,0.11,0.3,3300.0,92000.0,4900.0,160000.0,2.0,1824.0,15.0,24.5,5.2,4.3,0.6000000000000005,7.6,359.0,409.5,1.6999999999999997,2.95,0.19,0.205,88700.0,47650.0,155100.0,82450.0,Poor
9.0,18.0,30.0,6.5,8.6,7.1,8.2,262.0,406.0,1.0,2.4,0.3,0.3,4900.0,54000.0,11000.0,92000.0,9.0,490.0,12.0,24.0,2.0999999999999996,7.55,1.0999999999999996,7.6499999999999995,144.0,334.0,1.4,1.7,0.0,0.3,49100.0,29450.0,81000.0,51500.0,Poor
9.0,18.0,32.0,4.8,8.2,7.2,8.2,198.0,511.0,1.2,2.8,0.3,0.3,1300.0,92000.0,2300.0,160000.0,2.0,1368.0,14.0,25.0,3.3999999999999995,6.5,0.9999999999999991,7.699999999999999,313.0,354.5,1.5999999999999999,2.0,0.0,0.3,90700.0,46650.0,157700.0,81150.0,Poor
9.0,17.0,32.0,5.6,7.9,7.3,8.1,193.0,499.0,1.8,2.9,0.3,0.3,1300.0,35000.0,2300.0,54000.0,32.4,422.4,15.0,24.5,2.3000000000000007,6.75,0.7999999999999998,7.699999999999999,306.0,346.0,1.0999999999999999,2.35,0.0,0.3,33700.0,18150.0,51700.0,28150.0,Poor
9.0,18.0,31.0,6.2,8.9,7.3,8.1,227.0,435.0,1.0,2.9,0.3,0.3,1300.0,54000.0,2300.0,92000.0,5.0,302.0,13.0,24.5,2.7,7.550000000000001,0.7999999999999998,7.699999999999999,208.0,331.0,1.9,1.95,0.0,0.3,52700.0,27650.0,89700.0,47150.0,Poor
9.0,16.0,32.0,1.0,6.7,7.1,7.9,205.0,648.0,2.1,4.2,0.3,0.3,13000.0,92000.0,22000.0,160000.0,8.2,8482.0,16.0,24.0,5.7,3.85,0.8000000000000007,7.5,443.0,426.5,2.1,3.1500000000000004,0.0,0.3,79000.0,52500.0,138000.0,91000.0,Poor
9.0,21.0,30.0,3.5,8.5,7.1,8.3,224.0,332.0,1.3,3.0,0.3,0.9,7900.0,92000.0,11000.0,160000.0,8.16,1142.0,9.0,25.5,5.0,6.0,1.200000000000001,7.7,108.0,278.0,1.7,2.15,0.6000000000000001,0.6,84100.0,49950.0,149000.0,85500.0,Poor
9.0,21.0,30.0,3.0,8.3,7.2,8.3,165.0,350.0,1.3,4.0,0.3,0.3,3300.0,92000.0,4900.0,160000.0,1.9600000000000002,1164.0,9.0,25.5,5.300000000000001,5.65,1.1000000000000005,7.75,185.0,257.5,2.7,2.65,0.0,0.3,88700.0,47650.0,155100.0,82450.0,Poor
9.0,15.0,30.0,0.3,6.3,6.7,7.8,283.0,735.0,2.5,8.0,0.3,0.3,2300.0,92000.0,3300.0,160000.0,2.0,1824.0,15.0,22.5,6.0,3.3,1.0999999999999996,7.25,452.0,509.0,5.5,5.25,0.0,0.3,89700.0,47150.0,156700.0,81650.0,Poor
9.0,14.0,29.0,0.3,6.5,7.1,7.8,263.0,359.0,2.1,8.0,0.3,0.3,7000.0,92000.0,14000.0,160000.0,8.2,7500.0,15.0,21.5,6.2,3.4,0.7000000000000002,7.449999999999999,96.0,311.0,5.9,5.05,0.0,0.3,85000.0,49500.0,146000.0,87000.0,Poor
9.0,19.0,30.0,7.1,9.8,7.3,8.2,236.0,359.0,1.0,2.2,0.3,0.3,170.0,54000.0,790.0,92000.0,5.0,576.0,11.0,24.5,2.700000000000001,8.45,0.8999999999999995,7.75,123.0,297.5,1.2000000000000002,1.6,0.0,0.3,53830.0,27085.0,91210.0,46395.0,Poor
9.0,21.0,30.0,5.9,9.5,7.5,8.4,168.0,372.0,1.0,2.9,0.3,0.3,1300.0,35000.0,2400.0,92000.0,11.2,538.8,9.0,25.5,3.5999999999999996,7.7,0.9000000000000004,7.95,204.0,270.0,1.9,1.95,0.0,0.3,33700.0,18150.0,89600.0,47200.0,Poor
9.0,20.0,31.0,6.4,9.8,7.3,8.4,230.0,515.0,1.0,2.7,0.3,0.3,2300.0,24000.0,3300.0,54000.0,34.6,384.4,11.0,25.5,3.4000000000000004,8.100000000000001,1.1000000000000005,7.85,285.0,372.5,1.7000000000000002,1.85,0.0,0.3,21700.0,13150.0,50700.0,28650.0,Poor
9.0,19.0,31.0,6.9,9.6,7.2,8.3,226.0,456.0,1.0,2.5,0.3,0.3,1700.0,24000.0,3300.0,35000.0,18.2,442.2,12.0,25.0,2.6999999999999993,8.25,1.1000000000000005,7.75,230.0,341.0,1.5,1.75,0.0,0.3,22300.0,12850.0,31700.0,19150.0,Poor
9.0,19.0,31.0,7.5,8.9,7.4,8.2,336.0,369.0,1.0,1.9,0.3,0.3,1300.0,35000.0,3300.0,92000.0,11.2,538.8,12.0,25.0,1.4000000000000004,8.2,0.7999999999999989,7.8,33.0,352.5,0.8999999999999999,1.45,0.0,0.3,33700.0,18150.0,88700.0,47650.0,Poor
9.0,14.0,33.0,0.3,6.7,7.0,8.0,280.0,925.0,1.8,5.0,0.3,0.3,22000.0,92000.0,28000.0,160000.0,8.2,8482.0,19.0,23.5,6.4,3.5,1.0,7.5,645.0,602.5,3.2,3.4,0.0,0.3,70000.0,57000.0,132000.0,94000.0,Poor
9.0,13.0,29.0,7.5,8.6,7.5,8.0,230.0,462.0,1.1,2.2,0.3,0.3,7000.0,35000.0,11000.0,54000.0,31.6,466.4,16.0,21.0,1.0999999999999996,8.05,0.5,7.75,232.0,346.0,1.1,1.6500000000000001,0.0,0.3,28000.0,21000.0,43000.0,32500.0,Poor
9.0,10.0,31.0,7.3,9.5,7.5,8.4,222.0,365.0,1.0,2.6,0.3,0.3,450.0,28000.0,3300.0,92000.0,11.2,538.8,21.0,20.5,2.2,8.4,0.9000000000000004,7.95,143.0,293.5,1.6,1.8,0.0,0.3,27550.0,14225.0,88700.0,47650.0,Poor
9.0,13.0,29.0,7.2,8.6,7.5,8.2,198.0,430.0,1.0,2.1,0.3,0.3,7900.0,92000.0,11000.0,160000.0,8.2,566.0,16.0,21.0,1.3999999999999995,7.9,0.6999999999999993,7.85,232.0,314.0,1.1,1.55,0.0,0.3,84100.0,49950.0,149000.0,85500.0,Poor
9.0,20.0,32.0,3.6,11.4,7.2,7.8,246.0,580.0,1.5,3.1,0.3,0.3,1300.0,92000.0,2200.0,160000.0,2.0,1328.0,12.0,26.0,7.800000000000001,7.5,0.5999999999999996,7.5,334.0,413.0,1.6,2.3,0.0,0.3,90700.0,46650.0,157800.0,81100.0,Poor
9.0,20.0,32.0,0.3,9.7,7.3,8.3,252.0,897.0,1.6,20.0,0.3,0.3,1300.0,92000.0,3300.0,160000.0,3.8,1734.0,12.0,26.0,9.399999999999999,5.0,1.0000000000000009,7.800000000000001,645.0,574.5,18.4,10.8,0.0,0.3,90700.0,46650.0,156700.0,81650.0,Poor
9.0,18.0,33.0,5.1,9.8,7.5,8.1,204.0,392.0,1.0,2.6,0.3,0.3,1100.0,54000.0,2100.0,92000.0,5.0,576.0,15.0,25.5,4.700000000000001,7.45,0.5999999999999996,7.8,188.0,298.0,1.6,1.8,0.0,0.3,52900.0,27550.0,89900.0,47050.0,Poor
9.0,19.0,30.0,5.2,9.4,7.5,8.2,240.0,396.0,1.0,2.2,0.3,0.3,1300.0,54000.0,2600.0,160000.0,116.2,3456.0,11.0,24.5,4.2,7.300000000000001,0.6999999999999993,7.85,156.0,318.0,1.2000000000000002,1.6,0.0,0.3,52700.0,27650.0,157400.0,81300.0,Poor
9.0,19.0,30.0,4.1,7.1,7.5,8.1,264.0,461.0,1.5,3.5,0.3,0.3,2100.0,92000.0,7000.0,160000.0,8.2,760.0,11.0,24.5,3.0,5.6,0.5999999999999996,7.8,197.0,362.5,2.0,2.5,0.0,0.3,89900.0,47050.0,153000.0,83500.0,Poor
9.0,18.0,29.0,1.5,6.2,7.5,8.2,169.0,663.0,2.4,8.0,0.3,0.3,11000.0,92000.0,14000.0,160000.0,8.2,8102.0,11.0,23.5,4.7,3.85,0.6999999999999993,7.85,494.0,416.0,5.6,5.2,0.0,0.3,81000.0,51500.0,146000.0,87000.0,Poor
9.0,16.0,34.0,6.4,8.5,7.3,8.0,210.0,341.0,1.0,2.6,0.3,0.3,4900.0,92000.0,7900.0,160000.0,8.16,1142.0,18.0,25.0,2.0999999999999996,7.45,0.7000000000000002,7.65,131.0,275.5,1.6,1.8,0.0,0.3,87100.0,48450.0,152100.0,83950.0,Poor
49.0,21.2,29.5,6.4,7.2,7.1,8.5,258.0,571.0,1.8,2.8,0.71,1.06,2.0,8.0,63.0,94.0,2.0,2.0,8.3,25.35,0.7999999999999998,6.800000000000001,1.4000000000000004,7.8,313.0,414.5,0.9999999999999998,2.3,0.3500000000000001,0.885,6.0,5.0,31.0,78.5,Poor
49.0,15.0,31.1,1.6,8.7,7.2,7.7,128.0,620.0,1.1,1.8,0.4,1.2,2.0,6.0,10.0,24.0,2.0,2.0,16.1,23.05,7.1,5.1499999999999995,0.5,7.45,492.0,374.0,0.7,1.4500000000000002,0.7999999999999999,0.8,4.0,4.0,14.0,17.0,Good
9.0,15.0,29.0,7.9,8.9,7.0,8.1,133.0,254.0,1.0,2.0,0.3,0.3,490.0,7900.0,790.0,17000.0,7.4,893.8,14.0,22.0,1.0,8.4,1.0999999999999996,7.55,121.0,193.5,1.0,1.5,0.0,0.3,7410.0,4195.0,16210.0,8895.0,Poor
9.0,16.0,28.0,7.6,8.8,7.2,8.2,137.0,268.0,1.0,2.0,0.3,0.3,330.0,17000.0,490.0,28000.0,26.160000000000004,208.71999999999997,12.0,22.0,1.200000000000001,8.2,0.9999999999999991,7.699999999999999,131.0,202.5,1.0,1.5,0.0,0.3,16670.0,8665.0,27510.0,14245.0,Poor
9.0,10.0,32.0,7.5,8.9,7.3,8.2,166.0,394.0,1.0,2.8,0.3,0.3,130.0,35000.0,230.0,54000.0,32.4,422.4,22.0,21.0,1.4000000000000004,8.2,0.8999999999999995,7.75,228.0,280.0,1.7999999999999998,1.9,0.0,0.3,34870.0,17565.0,53770.0,27115.0,Poor
9.0,15.0,33.0,7.5,9.2,7.4,8.2,143.0,359.0,1.0,3.0,0.3,0.3,1300.0,92000.0,2300.0,160000.0,2.0,1368.0,18.0,24.0,1.6999999999999993,8.35,0.7999999999999989,7.8,216.0,251.0,2.0,2.0,0.0,0.3,90700.0,46650.0,157700.0,81150.0,Poor
9.0,10.0,30.0,7.5,8.9,7.4,8.1,137.0,341.0,1.0,2.1,0.3,0.3,1100.0,28000.0,1700.0,35000.0,18.2,442.2,20.0,20.0,1.4000000000000004,8.2,0.6999999999999993,7.75,204.0,239.0,1.1,1.55,0.0,0.3,26900.0,14550.0,33300.0,18350.0,Poor
9.0,14.0,31.0,7.6,9.5,7.5,8.1,126.0,302.0,1.0,2.5,0.3,0.3,1300.0,17000.0,2300.0,28000.0,26.160000000000004,208.71999999999997,17.0,22.5,1.9000000000000004,8.55,0.5999999999999996,7.8,176.0,214.0,1.5,1.75,0.0,0.3,15700.0,9150.0,25700.0,15150.0,Poor
9.0,13.0,33.0,7.5,8.5,7.3,8.1,144.0,225.0,1.0,2.6,0.3,0.3,780.0,35000.0,2300.0,92000.0,11.2,538.8,20.0,23.0,1.0,8.0,0.7999999999999998,7.699999999999999,81.0,184.5,1.6,1.8,0.0,0.3,34220.0,17890.0,89700.0,47150.0,Poor
9.0,15.0,30.0,7.0,9.2,7.4,8.1,127.0,318.0,1.0,2.1,0.3,0.3,790.0,35000.0,1300.0,92000.0,11.2,538.8,15.0,22.5,2.1999999999999993,8.1,0.6999999999999993,7.75,191.0,222.5,1.1,1.55,0.0,0.3,34210.0,17895.0,90700.0,46650.0,Poor
82.0,21.0,27.2,7.0,10.7,7.3,8.3,200.0,358.0,1.0,1.0,0.32,0.32,2.0,17000.0,2.0,33000.0,2.0,2.0,6.199999999999999,24.1,3.6999999999999993,8.85,1.0000000000000009,7.800000000000001,158.0,279.0,0.0,1.0,0.0,0.32,16998.0,8501.0,32998.0,16501.0,Poor
49.0,21.5,27.3,7.4,10.9,7.3,8.0,254.0,324.0,1.0,2.3,0.32,0.32,2.0,4500.0,2.0,7800.0,2.0,2.0,5.800000000000001,24.4,3.5,9.15,0.7000000000000002,7.65,70.0,289.0,1.2999999999999998,1.65,0.0,0.32,4498.0,2251.0,7798.0,3901.0,Poor
49.0,19.6,29.1,7.0,7.5,7.7,7.9,290.0,372.0,1.3,1.5,0.5,0.95,2.0,2.0,41.0,46.0,2.0,2.0,9.5,24.35,0.5,7.25,0.20000000000000018,7.800000000000001,82.0,331.0,0.19999999999999996,1.4,0.44999999999999996,0.725,0.0,2.0,5.0,43.5,Good
49.0,24.0,27.3,5.8,8.9,7.5,8.4,265.0,680.0,1.6,7.0,0.0,3.99,2.0,2.0,50.0,78.0,2.0,2.0,3.3000000000000007,25.65,3.1000000000000005,7.35,0.9000000000000004,7.95,415.0,472.5,5.4,4.3,3.99,1.995,0.0,2.0,28.0,64.0,Poor
49.0,18.5,29.5,7.3,7.9,7.7,7.9,302.0,332.0,1.2,1.6,0.44,0.64,2.0,2.0,46.0,70.0,2.0,2.0,11.0,24.0,0.6000000000000005,7.6,0.20000000000000018,7.800000000000001,30.0,317.0,0.40000000000000013,1.4,0.2,0.54,0.0,2.0,24.0,58.0,Good
49.0,18.6,31.1,7.0,7.6,7.8,8.0,208.0,326.0,1.0,1.8,0.45,0.83,2.0,18.0,43.0,49.0,2.0,2.0,12.5,24.85,0.5999999999999996,7.3,0.20000000000000018,7.9,118.0,267.0,0.8,1.4,0.37999999999999995,0.64,16.0,10.0,6.0,46.0,Good
49.0,20.0,29.3,7.1,7.8,7.6,8.0,226.0,388.0,1.1,1.6,0.37,0.95,2.0,2.0,34.0,58.0,2.0,2.0,9.3,24.65,0.7000000000000002,7.449999999999999,0.40000000000000036,7.8,162.0,307.0,0.5,1.35,0.58,0.6599999999999999,0.0,2.0,24.0,46.0,Good
49.0,23.4,30.5,6.7,8.1,7.2,7.9,189.0,378.0,1.0,1.5,0.32,1.12,2.0,2.0,3.0,50.0,2.0,2.0,7.100000000000001,26.95,1.3999999999999995,7.4,0.7000000000000002,7.550000000000001,189.0,283.5,0.5,1.25,0.8,0.7200000000000001,0.0,2.0,47.0,26.5,Good
49.0,23.5,30.4,6.6,8.1,7.0,8.4,205.0,413.0,1.0,1.8,0.32,1.3,2.0,2.0,27.0,73.0,2.0,2.0,6.899999999999999,26.95,1.5,7.35,1.4000000000000004,7.7,208.0,309.0,0.8,1.4,0.98,0.81,0.0,2.0,46.0,50.0,Good
49.0,23.4,30.5,6.7,9.2,7.2,8.2,206.0,2164.0,1.0,1.8,0.32,0.44,2.0,2.0,31.0,70.0,2.0,2.0,7.100000000000001,26.95,2.499999999999999,7.949999999999999,0.9999999999999991,7.699999999999999,1958.0,1185.0,0.8,1.4,0.12,0.38,0.0,2.0,39.0,50.5,Good
49.0,23.4,30.4,6.6,7.6,6.9,8.3,204.0,515.0,1.2,1.6,0.38,1.05,2.0,2.0,41.0,73.0,2.0,2.0,7.0,26.9,1.0,7.1,1.4000000000000004,7.6000000000000005,311.0,359.5,0.40000000000000013,1.4,0.67,0.7150000000000001,0.0,2.0,32.0,57.0,Good
49.0,23.4,30.4,6.7,8.2,7.3,8.2,203.0,426.0,1.0,1.7,0.32,14.82,2.0,2.0,27.0,84.0,2.0,2.0,7.0,26.9,1.4999999999999991,7.449999999999999,0.8999999999999995,7.75,223.0,314.5,0.7,1.35,14.5,7.57,0.0,2.0,57.0,55.5,Good
49.0,23.4,29.5,6.6,7.8,6.5,8.0,136.0,197.0,1.0,1.2,0.32,0.32,2.0,2.0,2.0,6.0,2.0,2.0,6.100000000000001,26.45,1.2000000000000002,7.199999999999999,1.5,7.25,61.0,166.5,0.19999999999999996,1.1,0.0,0.32,0.0,2.0,4.0,4.0,Good
49.0,23.5,30.5,6.7,8.1,7.2,8.1,189.0,447.0,1.0,1.6,0.32,0.5,2.0,2.0,27.0,73.0,2.0,2.0,7.0,27.0,1.3999999999999995,7.4,0.8999999999999995,7.65,258.0,318.0,0.6000000000000001,1.3,0.18,0.41000000000000003,0.0,2.0,46.0,50.0,Good
49.0,21.6,30.9,6.5,7.6,7.5,8.3,269.0,388.0,1.4,2.0,0.53,1.15,2.0,2.0,43.0,49.0,2.0,2.0,9.299999999999997,26.25,1.0999999999999996,7.05,0.8000000000000007,7.9,119.0,328.5,0.6000000000000001,1.7,0.6199999999999999,0.84,0.0,2.0,6.0,46.0,Poor
49.0,18.0,24.0,7.0,8.0,7.1,7.7,300.0,540.0,1.4,1.8,0.3,1.3,2.0,6.0,14.0,36.0,2.0,2.0,6.0,21.0,1.0,7.5,0.6000000000000005,7.4,240.0,420.0,0.40000000000000013,1.6,1.0,0.8,4.0,4.0,22.0,25.0,Good
49.0,18.0,32.0,7.0,8.0,7.2,7.8,290.0,564.0,1.4,2.5,0.3,2.51,2.0,5.0,22.0,28.0,2.0,2.0,14.0,25.0,1.0,7.5,0.5999999999999996,7.5,274.0,427.0,1.1,1.95,2.21,1.4049999999999998,3.0,3.5,6.0,25.0,Poor
49.0,18.0,32.0,6.9,7.9,7.0,8.0,290.0,640.0,1.6,2.7,0.3,2.5,2.0,7.0,18.0,28.0,2.0,2.0,14.0,25.0,1.0,7.4,1.0,7.5,350.0,465.0,1.1,2.1500000000000004,2.2,1.4,5.0,4.5,10.0,23.0,Poor
49.0,23.0,32.0,7.2,9.0,7.6,8.1,360.0,415.0,1.0,2.1,0.34,1.18,2.0,2.0,21.0,48.0,2.0,2.0,9.0,27.5,1.7999999999999998,8.1,0.5,7.85,55.0,387.5,1.1,1.55,0.8399999999999999,0.76,0.0,2.0,27.0,34.5,Poor
9.0,21.0,30.0,6.2,9.8,7.1,8.4,160.0,365.0,1.0,3.0,0.3,0.3,7000.0,54000.0,11000.0,92000.0,9.0,490.0,9.0,25.5,3.6000000000000005,8.0,1.3000000000000007,7.75,205.0,262.5,2.0,2.0,0.0,0.3,47000.0,30500.0,81000.0,51500.0,Poor
9.0,14.0,29.0,2.2,7.2,7.4,7.9,131.0,864.0,1.4,4.0,0.3,0.3,4900.0,92000.0,17000.0,160000.0,8.2,8102.0,15.0,21.5,5.0,4.7,0.5,7.65,733.0,497.5,2.6,2.7,0.0,0.3,87100.0,48450.0,143000.0,88500.0,Poor
9.0,20.0,30.0,6.8,9.1,7.3,8.3,222.0,335.0,1.0,2.2,0.3,0.3,3300.0,92000.0,7900.0,160000.0,8.16,1142.0,10.0,25.0,2.3,7.949999999999999,1.0000000000000009,7.800000000000001,113.0,278.5,1.2000000000000002,1.6,0.0,0.3,88700.0,47650.0,152100.0,83950.0,Poor
9.0,18.0,27.0,6.1,9.2,7.1,8.3,176.0,511.0,1.0,2.6,0.3,0.3,4900.0,92000.0,7900.0,160000.0,8.2,1802.0,9.0,22.5,3.0999999999999996,7.6499999999999995,1.200000000000001,7.7,335.0,343.5,1.6,1.8,0.0,0.3,87100.0,48450.0,152100.0,83950.0,Poor
9.0,16.0,34.0,6.9,8.4,7.4,8.0,105.0,232.0,1.3,2.5,0.3,0.3,130.0,17000.0,220.0,54000.0,35.2,410.0,18.0,25.0,1.5,7.65,0.5999999999999996,7.7,127.0,168.5,1.2,1.9,0.0,0.3,16870.0,8565.0,53780.0,27110.0,Poor
88.0,22.0,34.0,7.6,8.9,7.4,8.2,135.0,416.0,2.0,2.9,0.3,1.91,1700.0,3200.0,2100.0,4000.0,17.0,27.0,12.0,28.0,1.3000000000000007,8.25,0.7999999999999989,7.8,281.0,275.5,0.8999999999999999,2.45,1.6099999999999999,1.105,1500.0,2450.0,1900.0,3050.0,Poor
9.0,21.0,33.0,7.6,9.0,6.7,8.1,167.0,370.0,1.9,2.8,0.3,1.73,1400.0,3200.0,2400.0,4900.0,14.0,3300.0,12.0,27.0,1.4000000000000004,8.3,1.3999999999999995,7.4,203.0,268.5,0.8999999999999999,2.3499999999999996,1.43,1.015,1800.0,2300.0,2500.0,3650.0,Poor
88.0,21.0,33.0,7.6,8.8,7.1,8.2,193.0,407.0,2.0,2.7,0.3,1.42,1700.0,2700.0,2600.0,4700.0,17.0,26.0,12.0,27.0,1.200000000000001,8.2,1.0999999999999996,7.6499999999999995,214.0,300.0,0.7000000000000002,2.35,1.1199999999999999,0.86,1000.0,2200.0,2100.0,3650.0,Poor
88.0,21.0,34.0,7.6,8.7,6.8,7.9,172.0,625.0,2.1,2.9,0.3,2.91,1700.0,3200.0,2100.0,4000.0,17.0,32.0,13.0,27.5,1.0999999999999996,8.149999999999999,1.1000000000000005,7.35,453.0,398.5,0.7999999999999998,2.5,2.6100000000000003,1.605,1500.0,2450.0,1900.0,3050.0,Poor
88.0,19.0,34.0,6.7,8.5,6.9,8.2,218.0,481.0,2.2,3.8,0.3,2.48,1400.0,3300.0,1700.0,4000.0,17.0,26.0,15.0,26.5,1.7999999999999998,7.6,1.299999999999999,7.55,263.0,349.5,1.5999999999999996,3.0,2.18,1.39,1900.0,2350.0,2300.0,2850.0,Poor
88.0,19.0,33.0,7.5,8.9,6.2,8.3,213.0,477.0,2.0,2.7,0.3,1.8,1100.0,2600.0,1700.0,3900.0,14.0,26.0,14.0,26.0,1.4000000000000004,8.2,2.1000000000000005,7.25,264.0,345.0,0.7000000000000002,2.35,1.5,1.05,1500.0,1850.0,2200.0,2800.0,Poor
37.0,20.0,35.0,5.2,10.8,7.3,8.5,304.0,513.0,1.0,4.0,0.32,0.99,2200.0,7900.0,17000.0,170000.0,45.0,130.0,15.0,27.5,5.6000000000000005,8.0,1.2000000000000002,7.9,209.0,408.5,3.0,2.5,0.6699999999999999,0.655,5700.0,5050.0,153000.0,93500.0,Poor
88.0,18.0,34.0,6.3,8.4,7.0,8.0,185.0,313.0,1.0,1.0,0.32,0.43,490.0,35000.0,1300.0,540000.0,2.0,2400.0,16.0,26.0,2.1000000000000005,7.35,1.0,7.5,128.0,249.0,0.0,1.0,0.10999999999999999,0.375,34510.0,17745.0,538700.0,270650.0,Poor
88.0,21.0,34.0,7.5,9.0,7.2,8.2,195.0,739.0,2.1,2.8,0.3,1.2,1400.0,2600.0,2600.0,4000.0,17.0,32.0,13.0,27.5,1.5,8.25,0.9999999999999991,7.699999999999999,544.0,467.0,0.6999999999999997,2.45,0.8999999999999999,0.75,1200.0,2000.0,1400.0,3300.0,Poor
88.0,20.0,35.0,7.6,8.9,7.4,8.2,195.0,471.0,2.3,2.8,0.3,1.3,1700.0,3300.0,2200.0,4000.0,17.0,26.0,15.0,27.5,1.3000000000000007,8.25,0.7999999999999989,7.8,276.0,333.0,0.5,2.55,1.0,0.8,1600.0,2500.0,1800.0,3100.0,Poor
88.0,23.0,33.0,7.6,9.0,7.1,8.2,159.0,432.0,1.7,2.1,0.3,1.52,1700.0,3200.0,2100.0,4600.0,14.0,36.0,10.0,28.0,1.4000000000000004,8.3,1.0999999999999996,7.6499999999999995,273.0,295.5,0.40000000000000013,1.9,1.22,0.91,1500.0,2450.0,2500.0,3350.0,Poor
88.0,21.0,35.0,7.6,8.9,7.5,8.4,194.0,475.0,2.3,2.9,0.3,1.04,1400.0,3400.0,2100.0,4700.0,17.0,26.0,14.0,28.0,1.3000000000000007,8.25,0.9000000000000004,7.95,281.0,334.5,0.6000000000000001,2.5999999999999996,0.74,0.67,2000.0,2400.0,2600.0,3400.0,Poor
88.0,18.0,33.0,7.5,9.0,7.4,8.0,227.0,714.0,2.1,2.8,0.3,2.95,1400.0,3300.0,2600.0,4600.0,14.0,33.0,15.0,25.5,1.5,8.25,0.5999999999999996,7.7,487.0,470.5,0.6999999999999997,2.45,2.6500000000000004,1.625,1900.0,2350.0,2000.0,3600.0,Poor
88.0,19.0,39.0,1.0,5.6,7.0,8.4,339.0,715.0,1.7,12.8,0.3,0.83,5400.0,79000.0,24000.0,130000.0,790.0,2400.0,20.0,29.0,4.6,3.3,1.4000000000000004,7.7,376.0,527.0,11.100000000000001,7.25,0.53,0.565,73600.0,42200.0,106000.0,77000.0,Poor
88.0,25.0,33.0,0.3,1.5,7.0,7.7,255.0,696.0,4.0,6.0,0.32,0.34,5400.0,1100000.0,17000.0,4900000.0,45.0,1400.0,8.0,29.0,1.2,0.9,0.7000000000000002,7.35,441.0,475.5,2.0,5.0,0.020000000000000018,0.33,1094600.0,552700.0,4883000.0,2458500.0,Poor
88.0,18.0,36.0,1.0,3.6,6.8,8.3,385.0,748.0,1.7,4.8,0.3,0.94,13000.0,130000.0,33000.0,170000.0,1100.0,2400.0,18.0,27.0,2.6,2.3,1.5000000000000009,7.550000000000001,363.0,566.5,3.0999999999999996,3.25,0.6399999999999999,0.62,117000.0,71500.0,137000.0,101500.0,Poor
88.0,20.0,38.0,1.0,3.5,6.8,8.3,328.0,769.0,1.7,10.5,0.3,0.49,3500.0,35000.0,7900.0,79000.0,240.0,1300.0,18.0,29.0,2.5,2.25,1.5000000000000009,7.550000000000001,441.0,548.5,8.8,6.1,0.19,0.395,31500.0,19250.0,71100.0,43450.0,Poor
88.0,18.0,33.0,7.6,9.1,7.5,8.2,209.0,445.0,2.2,3.5,0.3,3.17,1700.0,3200.0,2100.0,3900.0,17.0,32.0,15.0,25.5,1.5,8.35,0.6999999999999993,7.85,236.0,327.0,1.2999999999999998,2.85,2.87,1.7349999999999999,1500.0,2450.0,1800.0,3000.0,Poor
88.0,18.0,37.0,1.1,8.9,7.0,8.8,263.0,624.0,1.7,4.1,0.3,0.49,700.0,24000.0,1700.0,35000.0,49.0,1100.0,19.0,27.5,7.800000000000001,5.0,1.8000000000000007,7.9,361.0,443.5,2.3999999999999995,2.9,0.19,0.395,23300.0,12350.0,33300.0,18350.0,Poor
88.0,22.0,34.0,5.1,7.0,7.5,8.9,416.0,3945.0,1.0,2.9,0.3,0.97,3200.0,4900.0,6300.0,9400.0,92.0,210.0,12.0,28.0,1.9000000000000004,6.05,1.4000000000000004,8.2,3529.0,2180.5,1.9,1.95,0.6699999999999999,0.635,1700.0,4050.0,3100.0,7850.0,Poor
88.0,21.0,35.0,5.0,9.7,7.9,8.7,232.0,1884.0,1.0,2.9,0.3,0.98,3300.0,4900.0,7000.0,11000.0,93.0,200.0,14.0,28.0,4.699999999999999,7.35,0.7999999999999989,8.3,1652.0,1058.0,1.9,1.95,0.6799999999999999,0.64,1600.0,4100.0,4000.0,9000.0,Poor
88.0,21.0,32.0,7.2,10.4,6.7,8.5,124.0,736.0,2.1,8.9,0.3,1.89,1700.0,3400.0,3200.0,4900.0,17.0,33.0,11.0,26.5,3.2,8.8,1.7999999999999998,7.6,612.0,430.0,6.800000000000001,5.5,1.5899999999999999,1.095,1700.0,2550.0,1700.0,4050.0,Poor
88.0,21.0,32.0,6.9,10.6,6.9,8.2,128.0,972.0,2.6,9.8,0.3,3.5,1700.0,3900.0,2600.0,9400.0,17.0,27.0,11.0,26.5,3.6999999999999993,8.75,1.299999999999999,7.55,844.0,550.0,7.200000000000001,6.2,3.2,1.9,2200.0,2800.0,6800.0,6000.0,Poor
88.0,19.0,35.0,0.3,1.5,7.1,7.7,601.0,2379.0,8.5,13.0,0.73,3.97,32000.0,79000.0,70000.0,140000.0,240.0,460.0,16.0,27.0,1.2,0.9,0.6000000000000005,7.4,1778.0,1490.0,4.5,10.75,3.24,2.35,47000.0,55500.0,70000.0,105000.0,Poor
88.0,21.0,36.0,0.6,2.1,7.1,7.5,1293.0,20380.0,6.0,10.4,0.62,4.09,23000.0,49000.0,63000.0,79000.0,170.0,460.0,15.0,28.5,1.5,1.35,0.40000000000000036,7.3,19087.0,10836.5,4.4,8.2,3.4699999999999998,2.355,26000.0,36000.0,16000.0,71000.0,Poor
88.0,20.0,36.0,5.1,8.4,7.2,8.8,193.0,636.0,1.2,2.9,0.3,0.54,2200.0,4600.0,4600.0,7900.0,68.0,170.0,16.0,28.0,3.3000000000000007,6.75,1.6000000000000005,8.0,443.0,414.5,1.7,2.05,0.24000000000000005,0.42000000000000004,2400.0,3400.0,3300.0,6250.0,Poor
88.0,18.0,30.0,2.2,5.7,6.1,7.6,117.0,240.0,7.0,23.5,0.3,1.54,110000.0,1400000.0,220000.0,5000000.0,1100.0,35000.0,12.0,24.0,3.5,3.95,1.5,6.85,123.0,178.5,16.5,15.25,1.24,0.92,1290000.0,755000.0,4780000.0,2610000.0,Poor
88.0,17.0,29.0,5.9,7.9,6.7,7.6,65.0,202.0,1.6,3.2,0.3,0.68,14000.0,300000.0,90000.0,900000.0,14.0,930.0,12.0,23.0,2.0,6.9,0.8999999999999995,7.15,137.0,133.5,1.6,2.4000000000000004,0.38000000000000006,0.49,286000.0,157000.0,810000.0,495000.0,Poor
88.0,20.0,30.0,5.3,8.0,6.8,7.9,55.0,115.0,1.0,2.2,0.3,0.54,1300.0,7000.0,2100.0,28000.0,17.0,350.0,10.0,25.0,2.7,6.65,1.1000000000000005,7.35,60.0,85.0,1.2000000000000002,1.6,0.24000000000000005,0.42000000000000004,5700.0,4150.0,25900.0,15050.0,Poor
88.0,12.0,30.0,5.3,8.6,6.1,7.9,42.0,103.0,1.0,2.5,0.3,0.63,2200.0,50000.0,11000.0,160000.0,14.0,110.0,18.0,21.0,3.3,6.949999999999999,1.8000000000000007,7.0,61.0,72.5,1.5,1.75,0.33,0.46499999999999997,47800.0,26100.0,149000.0,85500.0,Poor
88.0,20.0,35.0,5.1,8.0,7.5,8.7,194.0,424.0,1.3,2.8,0.3,1.6,3200.0,4900.0,6300.0,9400.0,92.0,200.0,15.0,27.5,2.9000000000000004,6.55,1.1999999999999993,8.1,230.0,309.0,1.4999999999999998,2.05,1.3,0.9500000000000001,1700.0,4050.0,3100.0,7850.0,Poor
71.0,21.5,32.3,4.6,6.4,7.1,8.3,358.0,611.0,1.0,4.0,1.94,3.49,2.0,5.0,2.0,16.0,2.0,2.0,10.799999999999997,26.9,1.8000000000000007,5.5,1.200000000000001,7.7,253.0,484.5,3.0,2.5,1.5500000000000003,2.715,3.0,3.5,14.0,9.0,Poor
71.0,18.0,32.0,5.2,6.6,7.9,8.5,386.0,607.0,1.0,2.3,0.5,1.82,58.0,170.0,170.0,280.0,25.0,39.0,14.0,25.0,1.3999999999999995,5.9,0.5999999999999996,8.2,221.0,496.5,1.2999999999999998,1.65,1.32,1.1600000000000001,112.0,114.0,110.0,225.0,Poor
71.0,19.0,23.0,4.7,5.9,7.8,8.7,499.0,876.0,1.3,2.3,1.12,3.52,130.0,350.0,220.0,540.0,31.0,49.0,4.0,21.0,1.2000000000000002,5.300000000000001,0.8999999999999995,8.25,377.0,687.5,0.9999999999999998,1.7999999999999998,2.4,2.3200000000000003,220.0,240.0,320.0,380.0,Moderate
71.0,19.0,29.0,0.6,5.2,7.8,9.4,1434.0,2440.0,3.6,16.0,1.12,5.13,70.0,350.0,430.0,1600.0,7.0,63.0,10.0,24.0,4.6000000000000005,2.9,1.6000000000000005,8.6,1006.0,1937.0,12.4,9.8,4.01,3.125,280.0,210.0,1170.0,1015.0,Poor
71.0,20.0,31.0,4.2,5.8,8.0,9.4,490.0,754.0,1.9,4.1,1.12,2.42,130.0,240.0,240.0,430.0,26.0,47.0,11.0,25.5,1.5999999999999996,5.0,1.4000000000000004,8.7,264.0,622.0,2.1999999999999997,3.0,1.2999999999999998,1.77,110.0,185.0,190.0,335.0,Moderate
71.0,18.5,22.0,4.6,6.5,7.5,9.9,237.0,623.0,1.4,2.5,0.52,1.94,110.0,280.0,280.0,540.0,33.0,120.0,3.5,20.25,1.9000000000000004,5.55,2.4000000000000004,8.7,386.0,430.0,1.1,1.95,1.42,1.23,170.0,195.0,260.0,410.0,Moderate
71.0,20.5,23.5,4.2,5.9,8.0,9.4,761.0,988.0,1.8,3.6,0.62,2.12,210.0,350.0,350.0,540.0,31.0,84.0,3.0,22.0,1.7000000000000002,5.050000000000001,1.4000000000000004,8.7,227.0,874.5,1.8,2.7,1.5,1.37,140.0,280.0,190.0,445.0,Moderate
71.0,17.0,30.0,4.2,6.5,7.1,7.7,720.0,1023.0,2.0,2.9,1.82,2.95,110.0,170.0,170.0,280.0,21.0,58.0,13.0,23.5,2.3,5.35,0.6000000000000005,7.4,303.0,871.5,0.8999999999999999,2.45,1.1300000000000001,2.3850000000000002,60.0,140.0,110.0,225.0,Moderate
71.0,17.0,30.0,3.2,6.2,7.1,7.9,720.0,1448.0,2.0,3.6,1.82,4.62,110.0,170.0,170.0,280.0,21.0,34.0,13.0,23.5,3.0,4.7,0.8000000000000007,7.5,728.0,1084.0,1.6,2.8,2.8,3.22,60.0,140.0,110.0,225.0,Moderate
71.0,16.0,30.0,4.2,6.6,7.3,8.1,672.0,902.0,1.0,3.0,2.22,5.12,84.0,220.0,94.0,500.0,14.0,140.0,14.0,23.0,2.3999999999999995,5.4,0.7999999999999998,7.699999999999999,230.0,787.0,2.0,2.0,2.9,3.67,136.0,152.0,406.0,297.0,Poor
71.0,16.0,30.0,4.1,6.9,7.1,7.9,372.0,682.0,1.0,2.2,1.82,3.69,90.0,170.0,170.0,300.0,24.0,70.0,14.0,23.0,2.8000000000000007,5.5,0.8000000000000007,7.5,310.0,527.0,1.2000000000000002,1.6,1.8699999999999999,2.755,80.0,130.0,130.0,235.0,Poor
71.0,18.0,30.0,4.0,6.6,7.1,7.9,605.0,945.0,1.9,3.5,3.19,7.01,110.0,220.0,150.0,350.0,24.0,79.0,12.0,24.0,2.5999999999999996,5.3,0.8000000000000007,7.5,340.0,775.0,1.6,2.7,3.82,5.1,110.0,165.0,200.0,250.0,Poor
71.0,20.0,32.0,5.1,6.2,7.8,8.5,229.0,439.0,1.0,2.2,0.82,2.64,110.0,170.0,210.0,350.0,22.0,34.0,12.0,26.0,1.1000000000000005,5.65,0.7000000000000002,8.15,210.0,334.0,1.2000000000000002,1.6,1.8200000000000003,1.73,60.0,140.0,140.0,280.0,Moderate
71.0,20.0,32.0,4.1,5.9,7.6,8.5,247.0,448.0,1.0,2.0,0.82,3.93,79.0,170.0,150.0,280.0,21.0,31.0,12.0,26.0,1.8000000000000007,5.0,0.9000000000000004,8.05,201.0,347.5,1.0,1.5,3.1100000000000003,2.375,91.0,124.5,130.0,215.0,Moderate
6.0,18.0,30.0,6.3,8.4,7.0,7.6,124.0,186.0,2.0,2.5,0.6,1.4,300.0,730.0,600.0,2000.0,110.0,280.0,12.0,24.0,2.1000000000000005,7.35,0.5999999999999996,7.3,62.0,155.0,0.5,2.25,0.7999999999999999,1.0,430.0,515.0,1400.0,1300.0,Poor
6.0,18.0,26.0,7.0,7.7,6.8,7.6,120.0,146.0,2.0,2.5,0.7,1.7,360.0,1100.0,910.0,2000.0,120.0,290.0,8.0,22.0,0.7000000000000002,7.35,0.7999999999999998,7.199999999999999,26.0,133.0,0.5,2.25,1.0,1.2,740.0,730.0,1090.0,1455.0,Poor
6.0,21.0,25.0,5.0,7.5,6.8,7.5,102.0,152.0,2.0,2.7,0.7,1.6,360.0,1100.0,730.0,2100.0,120.0,290.0,4.0,23.0,2.5,6.25,0.7000000000000002,7.15,50.0,127.0,0.7000000000000002,2.35,0.9000000000000001,1.15,740.0,730.0,1370.0,1415.0,Poor
6.0,19.0,30.0,6.1,8.7,6.7,7.8,126.0,166.0,2.0,2.7,0.6,1.5,730.0,1100.0,1500.0,2100.0,150.0,290.0,11.0,24.5,2.5999999999999996,7.3999999999999995,1.0999999999999996,7.25,40.0,146.0,0.7000000000000002,2.35,0.9,1.05,370.0,915.0,600.0,1800.0,Poor
6.0,22.0,36.0,5.4,6.5,7.0,7.8,146.0,170.0,2.0,2.6,0.7,2.3,360.0,1100.0,1100.0,2100.0,120.0,290.0,14.0,29.0,1.0999999999999996,5.95,0.7999999999999998,7.4,24.0,158.0,0.6000000000000001,2.3,1.5999999999999999,1.5,740.0,730.0,1000.0,1600.0,Poor
6.0,19.0,32.0,5.4,8.9,7.2,7.9,132.0,214.0,2.1,2.6,0.6,1.8,360.0,1100.0,910.0,2700.0,120.0,490.0,13.0,25.5,3.5,7.15,0.7000000000000002,7.550000000000001,82.0,173.0,0.5,2.35,1.2000000000000002,1.2,740.0,730.0,1790.0,1805.0,Poor
6.0,18.0,29.0,6.9,9.7,6.8,8.0,128.0,178.0,2.0,2.6,0.6,1.7,610.0,2800.0,1500.0,3600.0,210.0,490.0,11.0,23.5,2.799999999999999,8.3,1.2000000000000002,7.4,50.0,153.0,0.6000000000000001,2.3,1.1,1.15,2190.0,1705.0,2100.0,2550.0,Poor
6.0,22.0,30.0,5.0,8.2,7.1,7.9,115.0,130.0,2.1,2.8,0.6,1.7,360.0,1500.0,1100.0,2100.0,95.0,490.0,8.0,26.0,3.1999999999999993,6.6,0.8000000000000007,7.5,15.0,122.5,0.6999999999999997,2.45,1.1,1.15,1140.0,930.0,1000.0,1600.0,Poor
6.0,20.0,34.0,5.2,5.7,6.9,7.6,130.0,168.0,2.0,2.5,0.7,1.7,360.0,1100.0,910.0,2100.0,120.0,290.0,14.0,27.0,0.5,5.45,0.6999999999999993,7.25,38.0,149.0,0.5,2.25,1.0,1.2,740.0,730.0,1190.0,1505.0,Poor
22.0,22.0,28.0,5.0,7.3,7.0,7.4,120.0,146.0,2.0,2.5,0.6,1.4,300.0,910.0,730.0,2000.0,95.0,290.0,6.0,25.0,2.3,6.15,0.40000000000000036,7.2,26.0,133.0,0.5,2.25,0.7999999999999999,1.0,610.0,605.0,1270.0,1365.0,Poor
84.0,18.0,24.0,7.0,7.3,6.8,7.8,108.0,176.0,2.0,2.7,0.7,1.5,610.0,1100.0,1400.0,2100.0,210.0,490.0,6.0,21.0,0.2999999999999998,7.15,1.0,7.3,68.0,142.0,0.7000000000000002,2.35,0.8,1.1,490.0,855.0,700.0,1750.0,Poor
84.0,21.0,36.0,5.4,5.6,7.0,7.3,120.0,130.0,2.0,2.3,0.7,0.9,360.0,1100.0,910.0,2700.0,120.0,290.0,15.0,28.5,0.1999999999999993,5.5,0.2999999999999998,7.15,10.0,125.0,0.2999999999999998,2.15,0.20000000000000007,0.8,740.0,730.0,1790.0,1805.0,Poor
84.0,22.0,26.0,5.5,8.2,6.9,7.8,98.0,130.0,2.0,2.3,0.6,0.8,730.0,1500.0,1500.0,2800.0,240.0,490.0,4.0,24.0,2.6999999999999993,6.85,0.8999999999999995,7.35,32.0,114.0,0.2999999999999998,2.15,0.20000000000000007,0.7,770.0,1115.0,1300.0,2150.0,Poor
88.0,13.0,28.0,5.8,8.5,7.0,7.9,90.0,170.0,1.0,3.1,0.3,0.56,2200.0,28000.0,8000.0,35000.0,13.0,240.0,15.0,20.5,2.7,7.15,0.9000000000000004,7.45,80.0,130.0,2.1,2.05,0.26000000000000006,0.43000000000000005,25800.0,15100.0,27000.0,21500.0,Poor
88.0,15.0,27.0,6.3,8.9,7.1,7.8,74.0,190.0,1.0,2.1,0.3,0.59,2200.0,22000.0,5000.0,90000.0,17.0,170.0,12.0,21.0,2.6000000000000005,7.6,0.7000000000000002,7.449999999999999,116.0,132.0,1.1,1.55,0.29,0.44499999999999995,19800.0,12100.0,85000.0,47500.0,Poor
6.0,22.0,23.0,5.2,8.2,7.0,7.9,106.0,148.0,2.0,2.5,0.6,1.4,360.0,730.0,910.0,1500.0,120.0,240.0,1.0,22.5,2.999999999999999,6.699999999999999,0.9000000000000004,7.45,42.0,127.0,0.5,2.25,0.7999999999999999,1.0,370.0,545.0,590.0,1205.0,Poor
6.0,23.0,24.0,5.1,9.0,6.7,7.7,128.0,188.0,2.1,2.7,0.6,1.9,720.0,1100.0,1500.0,2100.0,210.0,490.0,1.0,23.5,3.9000000000000004,7.05,1.0,7.2,60.0,158.0,0.6000000000000001,2.4000000000000004,1.2999999999999998,1.25,380.0,910.0,600.0,1800.0,Poor
6.0,22.0,27.0,5.0,8.0,6.9,7.7,126.0,178.0,2.0,2.6,0.7,1.4,610.0,1100.0,1600.0,2800.0,210.0,290.0,5.0,24.5,3.0,6.5,0.7999999999999998,7.300000000000001,52.0,152.0,0.6000000000000001,2.3,0.7,1.0499999999999998,490.0,855.0,1200.0,2200.0,Poor
6.0,21.0,32.0,5.0,10.5,7.0,7.9,136.0,172.0,2.0,2.6,0.7,2.0,300.0,940.0,720.0,2000.0,95.0,290.0,11.0,26.5,5.5,7.75,0.9000000000000004,7.45,36.0,154.0,0.6000000000000001,2.3,1.3,1.35,640.0,620.0,1280.0,1360.0,Poor
81.0,18.0,30.0,5.6,6.4,6.9,7.6,112.0,136.0,1.9,2.4,0.7,1.8,300.0,730.0,730.0,1500.0,95.0,240.0,12.0,24.0,0.8000000000000007,6.0,0.6999999999999993,7.25,24.0,124.0,0.5,2.15,1.1,1.25,430.0,515.0,770.0,1115.0,Moderate
84.0,21.0,32.0,5.6,9.5,6.8,7.4,122.0,154.0,2.0,2.5,0.6,1.7,360.0,1400.0,910.0,2100.0,150.0,490.0,11.0,26.5,3.9000000000000004,7.55,0.6000000000000005,7.1,32.0,138.0,0.5,2.25,1.1,1.15,1040.0,880.0,1190.0,1505.0,Poor
84.0,20.1,31.7,7.0,9.6,7.7,7.9,119.0,236.0,1.0,9.0,0.32,0.33,2.0,2.0,2.0,20.0,2.0,2.0,11.599999999999998,25.9,2.5999999999999996,8.3,0.20000000000000018,7.800000000000001,117.0,177.5,8.0,5.0,0.010000000000000009,0.325,0.0,2.0,18.0,11.0,Poor
84.0,19.1,32.0,6.3,11.1,7.5,8.0,123.0,195.0,1.1,2.9,0.32,0.34,2.0,4000.0,2.0,56000.0,2.0,2.0,12.899999999999999,25.55,4.8,8.7,0.5,7.75,72.0,159.0,1.7999999999999998,2.0,0.020000000000000018,0.33,3998.0,2001.0,55998.0,28001.0,Poor
84.0,18.0,32.7,5.4,7.9,7.2,7.6,128.0,250.0,1.5,3.4,0.32,1.0,2.0,7500.0,2.0,312000.0,2.0,2.0,14.700000000000003,25.35,2.5,6.65,0.39999999999999947,7.4,122.0,189.0,1.9,2.45,0.6799999999999999,0.66,7498.0,3751.0,311998.0,156001.0,Poor
84.0,18.5,33.6,5.9,9.4,7.3,7.6,130.0,239.0,1.6,4.3,0.32,1.08,2.0,8000.0,2.0,92000.0,2.0,2.0,15.100000000000001,26.05,3.5,7.65,0.2999999999999998,7.449999999999999,109.0,184.5,2.6999999999999997,2.95,0.76,0.7000000000000001,7998.0,4001.0,91998.0,46001.0,Poor
84.0,19.1,32.2,6.6,9.6,7.4,7.6,124.0,1021.0,1.1,2.1,0.32,1.1,2.0,19000.0,2.0,396000.0,2.0,2.0,13.100000000000001,25.650000000000002,3.0,8.1,0.1999999999999993,7.5,897.0,572.5,1.0,1.6,0.78,0.7100000000000001,18998.0,9501.0,395998.0,198001.0,Poor
6.0,21.0,36.0,0.3,1.0,6.9,7.6,520.0,610.0,30.8,37.9,2.0,3.8,2300.0,2900.0,4200.0,5300.0,460.0,490.0,15.0,28.5,0.7,0.65,0.6999999999999993,7.25,90.0,565.0,7.099999999999998,34.35,1.7999999999999998,2.9,600.0,2600.0,1100.0,4750.0,Poor
8.0,20.0,28.0,5.5,6.3,7.0,7.9,120.0,166.0,1.8,2.6,0.5,2.1,300.0,730.0,910.0,1600.0,96.0,240.0,8.0,24.0,0.7999999999999998,5.9,0.9000000000000004,7.45,46.0,143.0,0.8,2.2,1.6,1.3,430.0,515.0,690.0,1255.0,Moderate
21.0,22.0,24.0,5.2,7.8,6.9,7.8,140.0,174.0,2.0,2.6,0.6,1.0,360.0,720.0,910.0,1400.0,120.0,240.0,2.0,23.0,2.5999999999999996,6.5,0.8999999999999995,7.35,34.0,157.0,0.6000000000000001,2.3,0.4,0.8,360.0,540.0,490.0,1155.0,Poor
84.0,19.0,28.0,4.2,9.8,7.0,7.6,101.0,136.0,2.0,2.5,0.6,1.3,620.0,1100.0,1200.0,2000.0,210.0,290.0,9.0,23.5,5.6000000000000005,7.0,0.5999999999999996,7.3,35.0,118.5,0.5,2.25,0.7000000000000001,0.95,480.0,860.0,800.0,1600.0,Poor
6.0,22.0,24.0,2.3,5.5,6.8,7.8,152.0,276.0,3.0,3.4,0.7,2.0,300.0,940.0,720.0,2000.0,95.0,290.0,2.0,23.0,3.2,3.9,1.0,7.3,124.0,214.0,0.3999999999999999,3.2,1.3,1.35,640.0,620.0,1280.0,1360.0,Moderate
6.0,20.0,31.0,6.0,8.0,6.8,7.5,122.0,172.0,1.8,2.5,0.8,1.6,360.0,910.0,720.0,2100.0,120.0,340.0,11.0,25.5,2.0,7.0,0.7000000000000002,7.15,50.0,147.0,0.7,2.15,0.8,1.2000000000000002,550.0,635.0,1380.0,1410.0,Poor
7.0,18.0,30.0,5.7,8.0,6.7,7.5,126.0,166.0,1.7,2.6,0.6,1.0,360.0,910.0,1100.0,2100.0,110.0,340.0,12.0,24.0,2.3,6.85,0.7999999999999998,7.1,40.0,146.0,0.9000000000000001,2.15,0.4,0.8,550.0,635.0,1000.0,1600.0,Poor
84.0,20.0,32.0,5.8,7.9,6.7,7.6,138.0,209.0,1.8,2.5,0.8,1.1,300.0,730.0,730.0,2800.0,110.0,280.0,12.0,26.0,2.1000000000000005,6.85,0.8999999999999995,7.15,71.0,173.5,0.7,2.15,0.30000000000000004,0.9500000000000001,430.0,515.0,2070.0,1765.0,Poor
88.0,20.0,31.0,6.1,8.1,7.2,7.9,62.0,134.0,1.0,2.8,0.3,0.38,2200.0,17000.0,11000.0,50000.0,13.0,350.0,11.0,25.5,2.0,7.1,0.7000000000000002,7.550000000000001,72.0,98.0,1.7999999999999998,1.9,0.08000000000000002,0.33999999999999997,14800.0,9600.0,39000.0,30500.0,Poor
6.0,18.0,29.0,5.7,6.9,6.9,7.9,98.0,126.0,1.8,2.3,0.6,1.2,360.0,910.0,730.0,2300.0,130.0,340.0,11.0,23.5,1.2000000000000002,6.300000000000001,1.0,7.4,28.0,112.0,0.4999999999999998,2.05,0.6,0.8999999999999999,550.0,635.0,1570.0,1515.0,Poor
6.0,23.0,23.0,5.3,10.5,7.0,7.5,120.0,188.0,1.8,2.4,0.4,1.6,360.0,1100.0,910.0,2100.0,120.0,290.0,0.0,23.0,5.2,7.9,0.5,7.25,68.0,154.0,0.5999999999999999,2.1,1.2000000000000002,1.0,740.0,730.0,1190.0,1505.0,Poor
84.0,20.0,31.0,5.5,7.3,7.0,7.7,110.0,138.0,1.6,2.6,0.7,1.1,360.0,720.0,730.0,1500.0,110.0,260.0,11.0,25.5,1.7999999999999998,6.4,0.7000000000000002,7.35,28.0,124.0,1.0,2.1,0.40000000000000013,0.9,360.0,540.0,770.0,1115.0,Poor
75.0,16.0,28.0,5.0,6.3,6.8,7.8,106.0,132.0,2.1,2.5,0.7,1.3,360.0,730.0,1100.0,1500.0,120.0,240.0,12.0,22.0,1.2999999999999998,5.65,1.0,7.3,26.0,119.0,0.3999999999999999,2.3,0.6000000000000001,1.0,370.0,545.0,400.0,1300.0,Moderate
84.0,21.0,34.0,5.0,6.8,6.6,7.8,188.0,272.0,2.0,2.8,0.8,1.3,720.0,1100.0,1400.0,2800.0,260.0,420.0,13.0,27.5,1.7999999999999998,5.9,1.2000000000000002,7.199999999999999,84.0,230.0,0.7999999999999998,2.4,0.5,1.05,380.0,910.0,1400.0,2100.0,Poor
84.0,21.0,35.0,5.1,5.4,6.8,7.7,138.0,164.0,1.9,2.6,0.7,2.0,620.0,940.0,1200.0,1900.0,210.0,290.0,14.0,28.0,0.3000000000000007,5.25,0.9000000000000004,7.25,26.0,151.0,0.7000000000000002,2.25,1.3,1.35,320.0,780.0,700.0,1550.0,Moderate
84.0,20.0,23.0,5.0,5.4,7.0,7.3,92.0,133.0,2.0,2.3,0.7,1.0,360.0,730.0,910.0,1500.0,120.0,240.0,3.0,21.5,0.40000000000000036,5.2,0.2999999999999998,7.15,41.0,112.5,0.2999999999999998,2.15,0.30000000000000004,0.85,370.0,545.0,590.0,1205.0,Moderate
84.0,21.0,24.0,4.2,5.7,6.6,7.2,128.0,162.0,2.0,2.8,0.9,1.3,620.0,910.0,1300.0,2000.0,210.0,290.0,3.0,22.5,1.5,4.95,0.6000000000000005,6.9,34.0,145.0,0.7999999999999998,2.4,0.4,1.1,290.0,765.0,700.0,1650.0,Moderate
84.0,21.0,33.0,5.5,7.8,6.8,7.5,108.0,132.0,1.9,2.6,0.8,1.2,360.0,910.0,1100.0,2300.0,140.0,350.0,12.0,27.0,2.3,6.65,0.7000000000000002,7.15,24.0,120.0,0.7000000000000002,2.25,0.3999999999999999,1.0,550.0,635.0,1200.0,1700.0,Poor
54.0,18.0,31.0,5.0,7.9,6.6,7.4,83.0,102.0,1.8,2.4,0.6,1.2,360.0,730.0,720.0,2100.0,110.0,280.0,13.0,24.5,2.9000000000000004,6.45,0.8000000000000007,7.0,19.0,92.5,0.5999999999999999,2.1,0.6,0.8999999999999999,370.0,545.0,1380.0,1410.0,Poor
25.0,19.0,37.0,5.5,9.3,7.0,7.8,120.0,148.0,2.0,2.4,0.5,1.3,360.0,910.0,910.0,2000.0,150.0,240.0,18.0,28.0,3.8000000000000007,7.4,0.7999999999999998,7.4,28.0,134.0,0.3999999999999999,2.2,0.8,0.9,550.0,635.0,1090.0,1455.0,Poor
61.0,20.0,24.0,7.1,7.4,7.2,7.3,160.0,190.0,3.2,3.3,0.0,0.0,40.0,75.0,85.0,165.0,2.8,37.4,4.0,22.0,0.3000000000000007,7.25,0.09999999999999964,7.25,30.0,175.0,0.09999999999999964,3.25,0.0,0.0,35.0,57.5,80.0,125.0,Poor
6.0,22.0,24.0,5.0,5.6,7.0,7.3,90.0,116.0,2.0,2.8,0.6,1.2,300.0,1100.0,730.0,2800.0,95.0,490.0,2.0,23.0,0.5999999999999996,5.3,0.2999999999999998,7.15,26.0,103.0,0.7999999999999998,2.4,0.6,0.8999999999999999,800.0,700.0,2070.0,1765.0,Poor
84.0,19.0,22.0,7.2,7.5,7.3,7.3,210.0,262.0,3.0,3.3,0.0,0.0,10.0,30.0,45.0,80.0,2.0,2.0,3.0,20.5,0.2999999999999998,7.35,0.0,7.3,52.0,236.0,0.2999999999999998,3.15,0.0,0.0,20.0,20.0,35.0,62.5,Poor
77.0,18.0,23.0,7.0,7.4,7.1,7.3,140.0,184.0,3.1,3.3,0.0,0.0,15.0,25.0,40.0,45.0,2.0,2.4,5.0,20.5,0.40000000000000036,7.2,0.20000000000000018,7.199999999999999,44.0,162.0,0.19999999999999973,3.2,0.0,0.0,10.0,20.0,5.0,42.5,Poor
6.0,20.0,23.0,6.0,6.3,6.8,7.4,102.0,134.0,2.1,2.7,0.6,1.2,620.0,940.0,1400.0,2000.0,210.0,290.0,3.0,21.5,0.2999999999999998,6.15,0.6000000000000005,7.1,32.0,118.0,0.6000000000000001,2.4000000000000004,0.6,0.8999999999999999,320.0,780.0,600.0,1700.0,Moderate
84.0,21.0,31.0,5.2,6.4,6.9,7.6,134.0,191.0,1.2,2.1,0.9,2.7,33.0,63.0,110.0,280.0,2.0,6.4,10.0,26.0,1.2000000000000002,5.800000000000001,0.6999999999999993,7.25,57.0,162.5,0.9000000000000001,1.65,1.8000000000000003,1.8,30.0,48.0,170.0,195.0,Poor
84.0,21.0,30.5,5.2,6.2,6.6,7.2,142.0,189.0,1.1,1.9,0.9,2.4,27.0,58.0,94.0,240.0,2.0,5.2,9.5,25.75,1.0,5.7,0.6000000000000005,6.9,47.0,165.5,0.7999999999999998,1.5,1.5,1.65,31.0,42.5,146.0,167.0,Poor
84.0,19.0,22.0,7.2,7.4,7.1,7.3,170.0,190.0,3.0,3.3,0.0,0.0,20.0,25.0,55.0,65.0,2.0,2.4,3.0,20.5,0.20000000000000018,7.300000000000001,0.20000000000000018,7.199999999999999,20.0,180.0,0.2999999999999998,3.15,0.0,0.0,5.0,22.5,10.0,60.0,Poor
84.0,19.0,28.0,7.1,7.5,7.0,7.4,150.0,190.0,3.2,3.5,0.0,140.0,40.0,65.0,45.0,155.0,2.8,37.4,9.0,23.5,0.40000000000000036,7.3,0.40000000000000036,7.2,40.0,170.0,0.2999999999999998,3.35,140.0,70.0,25.0,52.5,110.0,100.0,Poor
6.0,20.0,24.0,5.2,6.8,7.0,7.3,84.0,108.0,2.0,2.5,0.6,1.3,360.0,730.0,910.0,1600.0,120.0,290.0,4.0,22.0,1.5999999999999996,6.0,0.2999999999999998,7.15,24.0,96.0,0.5,2.25,0.7000000000000001,0.95,370.0,545.0,690.0,1255.0,Poor
15.0,19.0,24.0,5.4,7.3,7.1,7.2,140.0,574.0,3.2,4.6,0.0,0.0,60.0,230.0,195.0,780.0,8.2,31.8,5.0,21.5,1.8999999999999995,6.35,0.10000000000000053,7.15,434.0,357.0,1.3999999999999995,3.9,0.0,0.0,170.0,145.0,585.0,487.5,Poor
84.0,18.0,29.0,7.1,7.4,7.0,7.4,162.0,215.0,3.3,3.4,0.0,0.0,70.0,105.0,165.0,230.0,2.4,4.4,11.0,23.5,0.3000000000000007,7.25,0.40000000000000036,7.2,53.0,188.5,0.10000000000000009,3.3499999999999996,0.0,0.0,35.0,87.5,65.0,197.5,Poor
74.0,20.0,33.0,4.2,5.8,6.6,7.6,108.0,208.0,1.9,2.8,0.6,1.3,720.0,1100.0,1500.0,2800.0,270.0,390.0,13.0,26.5,1.5999999999999996,5.0,1.0,7.1,100.0,158.0,0.8999999999999999,2.3499999999999996,0.7000000000000001,0.95,380.0,910.0,1300.0,2150.0,Poor
84.0,22.0,23.0,6.2,8.3,7.0,7.6,108.0,138.0,2.0,2.4,0.4,1.6,360.0,940.0,910.0,2100.0,120.0,290.0,1.0,22.5,2.1000000000000005,7.25,0.5999999999999996,7.3,30.0,123.0,0.3999999999999999,2.2,1.2000000000000002,1.0,580.0,650.0,1190.0,1505.0,Poor
40.0,19.0,36.0,5.9,8.5,7.2,7.9,136.0,176.0,2.2,2.7,0.6,1.4,620.0,1100.0,1100.0,2100.0,210.0,290.0,17.0,27.5,2.5999999999999996,7.2,0.7000000000000002,7.550000000000001,40.0,156.0,0.5,2.45,0.7999999999999999,1.0,480.0,860.0,1000.0,1600.0,Poor
84.0,20.0,31.0,5.1,9.5,7.0,8.0,116.0,140.0,2.1,2.6,0.5,1.8,600.0,910.0,1200.0,2000.0,160.0,290.0,11.0,25.5,4.4,7.3,1.0,7.5,24.0,128.0,0.5,2.35,1.3,1.15,310.0,755.0,800.0,1600.0,Poor
6.0,20.0,30.0,5.0,9.6,6.8,7.5,122.0,150.0,2.0,2.7,0.6,1.5,300.0,730.0,910.0,1500.0,120.0,240.0,10.0,25.0,4.6,7.3,0.7000000000000002,7.15,28.0,136.0,0.7000000000000002,2.35,0.9,1.05,430.0,515.0,590.0,1205.0,Poor
88.0,15.0,28.0,6.3,8.9,7.0,7.9,83.0,155.0,1.0,2.8,0.3,0.66,1300.0,30000.0,3000.0,160000.0,14.0,140.0,13.0,21.5,2.6000000000000005,7.6,0.9000000000000004,7.45,72.0,119.0,1.7999999999999998,1.9,0.36000000000000004,0.48,28700.0,15650.0,157000.0,81500.0,Poor
88.0,18.0,27.0,7.3,8.9,7.2,7.8,60.0,131.0,1.0,2.7,0.3,0.49,2300.0,5000.0,7000.0,30000.0,12.0,1600.0,9.0,22.5,1.6000000000000005,8.1,0.5999999999999996,7.5,71.0,95.5,1.7000000000000002,1.85,0.19,0.395,2700.0,3650.0,23000.0,18500.0,Poor
6.0,16.0,30.0,5.3,5.6,6.8,7.6,138.0,168.0,2.0,2.7,0.7,2.1,360.0,730.0,1100.0,1500.0,120.0,240.0,14.0,23.0,0.2999999999999998,5.449999999999999,0.7999999999999998,7.199999999999999,30.0,153.0,0.7000000000000002,2.35,1.4000000000000001,1.4,370.0,545.0,400.0,1300.0,Moderate
6.0,21.0,33.0,5.2,8.5,6.6,7.3,140.0,258.0,1.9,2.5,0.6,1.4,360.0,910.0,910.0,2000.0,140.0,340.0,12.0,27.0,3.3,6.85,0.7000000000000002,6.949999999999999,118.0,199.0,0.6000000000000001,2.2,0.7999999999999999,1.0,550.0,635.0,1090.0,1455.0,Poor
38.0,21.0,33.0,6.0,8.0,6.6,7.7,138.0,228.0,1.6,2.8,0.6,1.4,300.0,730.0,700.0,1100.0,110.0,280.0,12.0,27.0,2.0,7.0,1.1000000000000005,7.15,90.0,183.0,1.1999999999999997,2.2,0.7999999999999999,1.0,430.0,515.0,400.0,900.0,Poor
6.0,19.0,32.0,5.5,8.1,6.6,7.4,110.0,132.0,2.1,2.6,0.6,1.4,300.0,360.0,720.0,2100.0,110.0,340.0,13.0,25.5,2.5999999999999996,6.8,0.8000000000000007,7.0,22.0,121.0,0.5,2.35,0.7999999999999999,1.0,60.0,330.0,1380.0,1410.0,Poor
75.0,18.0,25.0,6.8,7.0,7.0,7.5,126.0,142.0,2.0,2.5,0.7,1.8,360.0,730.0,910.0,2000.0,120.0,290.0,7.0,21.5,0.20000000000000018,6.9,0.5,7.25,16.0,134.0,0.5,2.25,1.1,1.25,370.0,545.0,1090.0,1455.0,Poor
6.0,21.0,33.0,5.2,5.4,6.9,7.7,126.0,152.0,2.0,2.5,0.6,1.8,300.0,910.0,620.0,2000.0,96.0,290.0,12.0,27.0,0.20000000000000018,5.300000000000001,0.7999999999999998,7.300000000000001,26.0,139.0,0.5,2.25,1.2000000000000002,1.2,610.0,605.0,1380.0,1310.0,Moderate
6.0,19.0,32.0,5.5,6.3,7.2,7.9,112.0,136.0,2.0,2.4,0.5,2.0,620.0,930.0,1300.0,2000.0,210.0,290.0,13.0,25.5,0.7999999999999998,5.9,0.7000000000000002,7.550000000000001,24.0,124.0,0.3999999999999999,2.2,1.5,1.25,310.0,775.0,700.0,1650.0,Moderate
51.0,14.0,19.0,7.3,8.8,6.8,7.2,30.0,39.0,1.0,1.1,0.32,0.41,2.0,2.0,24.0,64.0,2.0,2.0,5.0,16.5,1.5000000000000009,8.05,0.40000000000000036,7.0,9.0,34.5,0.10000000000000009,1.05,0.08999999999999997,0.365,0.0,2.0,40.0,44.0,Good
84.0,12.0,20.0,6.6,8.2,6.8,7.1,34.0,45.0,1.3,2.3,0.32,5.37,2.0,48.0,230.0,540.0,2.0,14.0,8.0,16.0,1.5999999999999996,7.3999999999999995,0.2999999999999998,6.949999999999999,11.0,39.5,0.9999999999999998,1.7999999999999998,5.05,2.845,46.0,25.0,310.0,385.0,Poor
84.0,10.0,20.0,7.1,8.7,6.7,7.1,36.0,46.0,1.0,1.5,0.34,5.41,2.0,6.0,23.0,49.0,2.0,2.0,10.0,15.0,1.5999999999999996,7.8999999999999995,0.39999999999999947,6.9,10.0,41.0,0.5,1.25,5.07,2.875,4.0,4.0,26.0,36.0,Good
84.0,15.0,22.0,7.0,7.9,6.9,7.6,58.0,76.0,1.3,2.1,0.32,0.5,12.0,63.0,350.0,700.0,2.0,21.0,7.0,18.5,0.9000000000000004,7.45,0.6999999999999993,7.25,18.0,67.0,0.8,1.7000000000000002,0.18,0.41000000000000003,51.0,37.5,350.0,525.0,Poor
51.0,15.0,22.0,6.6,7.6,6.6,6.9,60.0,74.0,1.5,2.5,0.32,0.54,23.0,120.0,310.0,790.0,2.0,30.0,7.0,18.5,1.0,7.1,0.3000000000000007,6.75,14.0,67.0,1.0,2.0,0.22000000000000003,0.43000000000000005,97.0,71.5,480.0,550.0,Poor
84.0,15.0,22.0,7.0,7.6,7.0,7.5,57.0,77.0,1.5,2.3,0.32,0.45,12.0,110.0,310.0,630.0,2.0,27.0,7.0,18.5,0.5999999999999996,7.3,0.5,7.25,20.0,67.0,0.7999999999999998,1.9,0.13,0.385,98.0,61.0,320.0,470.0,Poor
80.0,19.0,25.0,5.1,8.2,7.3,8.4,102.0,367.0,1.0,1.3,0.02,0.57,2.0,150.0,210.0,2400.0,17.0,17.0,6.0,22.0,3.0999999999999996,6.6499999999999995,1.1000000000000005,7.85,265.0,234.5,0.30000000000000004,1.15,0.5499999999999999,0.295,148.0,76.0,2190.0,1305.0,Poor
16.0,19.0,25.0,5.3,8.4,7.3,8.3,110.0,364.0,1.0,1.5,0.02,0.6,2.0,150.0,210.0,2400.0,17.0,17.0,6.0,22.0,3.1000000000000005,6.85,1.0000000000000009,7.800000000000001,254.0,237.0,0.5,1.25,0.58,0.31,148.0,76.0,2190.0,1305.0,Poor
17.0,19.0,24.0,4.2,8.3,6.7,8.4,145.0,428.0,1.0,1.2,0.02,1.08,3.0,240.0,1100.0,2400.0,21.0,21.0,5.0,21.5,4.1000000000000005,6.25,1.7000000000000002,7.550000000000001,283.0,286.5,0.19999999999999996,1.1,1.06,0.55,237.0,121.5,1300.0,1750.0,Poor
84.0,19.0,26.0,5.7,10.6,7.2,8.6,131.0,329.0,1.0,1.8,0.02,4.88,2.0,240.0,1100.0,2400.0,23.0,23.0,7.0,22.5,4.8999999999999995,8.15,1.3999999999999995,7.9,198.0,230.0,0.8,1.4,4.86,2.4499999999999997,238.0,121.0,1300.0,1750.0,Poor
1.0,19.0,25.0,3.9,8.2,7.6,8.4,113.0,359.0,1.0,5.5,0.02,1.42,2.0,210.0,210.0,2400.0,26.0,26.0,6.0,22.0,4.299999999999999,6.05,0.8000000000000007,8.0,246.0,236.0,4.5,3.25,1.4,0.72,208.0,106.0,2190.0,1305.0,Poor
1.0,20.0,24.0,1.5,7.1,7.3,8.2,371.0,914.0,1.2,29.0,0.02,18.0,2.0,1100.0,1600.0,2400.0,240.0,240.0,4.0,22.0,5.6,4.3,0.8999999999999995,7.75,543.0,642.5,27.8,15.1,17.98,9.01,1098.0,551.0,800.0,2000.0,Poor
1.0,18.0,24.0,0.3,6.9,5.6,8.2,166.0,855.0,1.0,14.3,0.02,8.2,3.0,210.0,2400.0,2400.0,152.8,212.8,6.0,21.0,6.6000000000000005,3.6,2.5999999999999996,6.8999999999999995,689.0,510.5,13.3,7.65,8.18,4.109999999999999,207.0,106.5,0.0,2400.0,Poor
84.0,19.0,29.0,7.1,7.3,7.1,7.3,95.0,240.0,3.2,3.5,0.0,0.0,50.0,75.0,75.0,190.0,2.0,14.8,10.0,24.0,0.20000000000000018,7.199999999999999,0.20000000000000018,7.199999999999999,145.0,167.5,0.2999999999999998,3.35,0.0,0.0,25.0,62.5,115.0,132.5,Poor
61.0,18.0,20.0,7.2,7.4,7.2,7.4,290.0,320.0,3.0,3.1,0.0,0.0,20.0,35.0,50.0,65.0,2.0,2.0,2.0,19.0,0.20000000000000018,7.300000000000001,0.20000000000000018,7.300000000000001,30.0,305.0,0.10000000000000009,3.05,0.0,0.0,15.0,27.5,15.0,57.5,Poor
84.0,18.2,29.0,7.0,7.3,7.0,7.8,120.0,215.0,3.2,3.4,0.0,0.0,125.0,170.0,245.0,315.0,2.0,2.0,10.8,23.6,0.2999999999999998,7.15,0.7999999999999998,7.4,95.0,167.5,0.19999999999999973,3.3,0.0,0.0,45.0,147.5,70.0,280.0,Poor
84.0,20.0,29.0,6.8,7.3,6.8,7.4,180.0,498.0,3.3,3.5,0.0,0.0,170.0,300.0,335.0,465.0,16.0,51.4,9.0,24.5,0.5,7.05,0.6000000000000005,7.1,318.0,339.0,0.20000000000000018,3.4,0.0,0.0,130.0,235.0,130.0,400.0,Poor
84.0,15.0,23.0,6.9,7.7,4.0,4.5,130.0,154.0,1.3,2.0,0.32,0.49,9.0,43.0,350.0,630.0,2.0,13.0,8.0,19.0,0.7999999999999998,7.300000000000001,0.5,4.25,24.0,142.0,0.7,1.65,0.16999999999999998,0.405,34.0,26.0,280.0,490.0,Poor
84.0,16.0,22.0,7.0,7.4,7.0,8.0,65.0,769.0,1.3,2.1,0.34,0.55,9.0,49.0,330.0,630.0,4.0,17.0,6.0,19.0,0.40000000000000036,7.2,1.0,7.5,704.0,417.0,0.8,1.7000000000000002,0.21000000000000002,0.44500000000000006,40.0,29.0,300.0,480.0,Poor
1.0,20.0,24.0,2.2,7.4,7.2,8.2,505.0,994.0,1.2,29.0,0.02,14.31,9.0,170.0,1600.0,2400.0,240.0,240.0,4.0,22.0,5.2,4.800000000000001,0.9999999999999991,7.699999999999999,489.0,749.5,27.8,15.1,14.290000000000001,7.165,161.0,89.5,800.0,2000.0,Poor
1.0,16.0,26.0,0.3,5.4,6.9,8.0,76.0,1020.0,2.2,29.1,0.02,8.73,2.0,1100.0,1100.0,2400.0,26.0,26.0,10.0,21.0,5.1000000000000005,2.85,1.0999999999999996,7.45,944.0,548.0,26.900000000000002,15.65,8.71,4.375,1098.0,551.0,1300.0,1750.0,Poor
5.0,22.0,32.0,3.7,9.2,6.8,7.4,106.0,176.0,2.0,2.4,0.7,2.0,360.0,1100.0,1100.0,2100.0,120.0,290.0,10.0,27.0,5.499999999999999,6.449999999999999,0.6000000000000005,7.1,70.0,141.0,0.3999999999999999,2.2,1.3,1.35,740.0,730.0,1000.0,1600.0,Poor
84.0,14.0,19.0,6.6,8.1,4.0,5.5,66.0,130.0,1.0,1.7,0.32,0.59,2.0,4.0,12.0,79.0,2.0,4.0,5.0,16.5,1.5,7.35,1.5,4.75,64.0,98.0,0.7,1.35,0.26999999999999996,0.45499999999999996,2.0,3.0,67.0,45.5,Good
84.0,14.0,18.0,6.7,7.7,3.8,5.4,86.0,178.0,1.0,1.8,0.32,0.62,2.0,4.0,21.0,84.0,2.0,4.0,4.0,16.0,1.0,7.2,1.6000000000000005,4.6,92.0,132.0,0.8,1.4,0.3,0.47,2.0,3.0,63.0,52.5,Good
84.0,14.0,18.0,7.2,8.5,6.9,7.6,81.0,116.0,1.1,1.6,0.32,5.64,2.0,4.0,23.0,49.0,2.0,2.0,4.0,16.0,1.2999999999999998,7.85,0.6999999999999993,7.25,35.0,98.5,0.5,1.35,5.319999999999999,2.98,2.0,3.0,26.0,36.0,Good
84.0,17.0,19.0,7.6,8.5,6.9,7.3,33.0,58.0,1.0,1.4,0.32,5.51,2.0,2.0,27.0,79.0,2.0,2.0,2.0,18.0,0.9000000000000004,8.05,0.39999999999999947,7.1,25.0,45.5,0.3999999999999999,1.2,5.1899999999999995,2.915,0.0,2.0,52.0,53.0,Good
84.0,9.0,20.0,7.1,8.5,6.8,7.2,30.0,45.0,1.0,1.4,0.32,0.46,2.0,4.0,23.0,70.0,2.0,2.0,11.0,14.5,1.4000000000000004,7.8,0.40000000000000036,7.0,15.0,37.5,0.3999999999999999,1.2,0.14,0.39,2.0,3.0,47.0,46.5,Good
84.0,15.0,21.0,7.2,8.6,7.0,7.8,38.0,55.0,1.0,1.7,0.32,5.32,2.0,6.0,27.0,130.0,2.0,4.0,6.0,18.0,1.3999999999999995,7.9,0.7999999999999998,7.4,17.0,46.5,0.7,1.35,5.0,2.8200000000000003,4.0,4.0,103.0,78.5,Good
84.0,14.2,21.0,6.9,8.4,6.7,7.3,34.0,53.0,1.0,1.7,0.32,5.45,2.0,17.0,33.0,170.0,2.0,4.0,6.800000000000001,17.6,1.5,7.65,0.5999999999999996,7.0,19.0,43.5,0.7,1.35,5.13,2.8850000000000002,15.0,9.5,137.0,101.5,Good
84.0,14.6,20.0,4.2,7.8,2.7,3.2,315.0,1095.0,1.2,2.7,0.32,5.32,2.0,2.0,2.0,2.0,2.0,2.0,5.4,17.3,3.5999999999999996,6.0,0.5,2.95,780.0,705.0,1.5000000000000002,1.9500000000000002,5.0,2.8200000000000003,0.0,2.0,0.0,2.0,Poor
84.0,14.4,20.0,6.6,7.9,2.6,3.0,680.0,1505.0,1.0,2.3,0.32,0.65,2.0,2.0,2.0,2.0,2.0,2.0,5.6,17.2,1.3000000000000007,7.25,0.3999999999999999,2.8,825.0,1092.5,1.2999999999999998,1.65,0.33,0.485,0.0,2.0,0.0,2.0,Poor
84.0,9.0,19.0,6.7,7.8,2.7,3.0,464.0,1160.0,1.1,1.9,0.32,0.34,2.0,2.0,2.0,2.0,2.0,2.0,10.0,14.0,1.0999999999999996,7.25,0.2999999999999998,2.85,696.0,812.0,0.7999999999999998,1.5,0.020000000000000018,0.33,0.0,2.0,0.0,2.0,Good
35.0,12.0,20.0,6.2,7.8,3.6,4.3,126.0,360.0,1.2,2.1,0.32,0.32,2.0,2.0,2.0,2.0,2.0,2.0,8.0,16.0,1.5999999999999996,7.0,0.6999999999999997,3.95,234.0,243.0,0.9000000000000001,1.65,0.0,0.32,0.0,2.0,0.0,2.0,Poor
84.0,14.2,19.3,6.8,8.8,4.7,7.8,150.0,550.0,1.2,1.9,0.32,1.22,2.0,6.0,49.0,170.0,2.0,2.0,5.100000000000001,16.75,2.000000000000001,7.800000000000001,3.0999999999999996,6.25,400.0,350.0,0.7,1.5499999999999998,0.8999999999999999,0.77,4.0,4.0,121.0,109.5,Good
84.0,12.0,20.0,6.6,7.6,6.6,6.9,36.0,61.0,1.3,2.1,0.32,0.71,46.0,140.0,430.0,1200.0,4.0,30.0,8.0,16.0,1.0,7.1,0.3000000000000007,6.75,25.0,48.5,0.8,1.7000000000000002,0.38999999999999996,0.515,94.0,93.0,770.0,815.0,Poor
84.0,13.0,21.0,7.0,8.4,5.0,7.1,41.0,76.0,1.0,1.9,0.35,0.63,11.0,63.0,170.0,2400.0,2.0,21.0,8.0,17.0,1.4000000000000004,7.7,2.0999999999999996,6.05,35.0,58.5,0.8999999999999999,1.45,0.28,0.49,52.0,37.0,2230.0,1285.0,Good
84.0,13.0,19.0,6.6,7.2,2.8,4.1,111.0,550.0,1.9,2.7,0.32,0.7,2.0,2.0,2.0,2.0,2.0,2.0,6.0,16.0,0.6000000000000005,6.9,1.2999999999999998,3.4499999999999997,439.0,330.5,0.8000000000000003,2.3,0.37999999999999995,0.51,0.0,2.0,0.0,2.0,Poor
84.0,12.6,20.0,6.6,8.5,6.8,7.6,40.0,75.0,1.0,1.8,0.32,0.46,4.0,23.0,110.0,240.0,2.0,4.0,7.4,16.3,1.9000000000000004,7.55,0.7999999999999998,7.199999999999999,35.0,57.5,0.8,1.4,0.14,0.39,19.0,13.5,130.0,175.0,Good
84.0,13.8,20.0,6.4,7.6,2.7,3.5,433.0,1270.0,1.1,2.0,0.32,0.47,2.0,2.0,2.0,2.0,2.0,2.0,6.199999999999999,16.9,1.1999999999999993,7.0,0.7999999999999998,3.1,837.0,851.5,0.8999999999999999,1.55,0.14999999999999997,0.395,0.0,2.0,0.0,2.0,Poor
84.0,14.0,19.0,6.8,8.4,3.8,4.5,158.0,595.0,1.0,2.0,0.32,0.47,2.0,2.0,2.0,2.0,2.0,2.0,5.0,16.5,1.6000000000000005,7.6,0.7000000000000002,4.15,437.0,376.5,1.0,1.5,0.14999999999999997,0.395,0.0,2.0,0.0,2.0,Poor
84.0,14.6,19.0,6.6,8.4,3.8,4.5,143.0,308.0,1.2,1.9,0.32,0.43,2.0,2.0,2.0,2.0,2.0,2.0,4.4,16.8,1.8000000000000007,7.5,0.7000000000000002,4.15,165.0,225.5,0.7,1.5499999999999998,0.10999999999999999,0.375,0.0,2.0,0.0,2.0,Good
84.0,14.0,19.0,6.6,7.8,3.7,4.7,140.0,301.0,1.2,1.9,0.32,0.56,2.0,2.0,2.0,84.0,2.0,2.0,5.0,16.5,1.2000000000000002,7.199999999999999,1.0,4.2,161.0,220.5,0.7,1.5499999999999998,0.24000000000000005,0.44000000000000006,0.0,2.0,82.0,43.0,Good
84.0,10.0,21.0,6.7,7.9,4.0,4.9,36.0,58.0,1.2,2.0,0.32,0.39,2.0,9.0,12.0,120.0,2.0,4.0,11.0,15.5,1.2000000000000002,7.300000000000001,0.9000000000000004,4.45,22.0,47.0,0.8,1.6,0.07,0.355,7.0,5.5,108.0,66.0,Poor
84.0,15.0,23.0,6.8,7.8,6.9,7.7,50.0,73.0,1.2,2.0,0.32,0.45,23.0,170.0,330.0,790.0,4.0,58.0,8.0,19.0,1.0,7.3,0.7999999999999998,7.300000000000001,23.0,61.5,0.8,1.6,0.13,0.385,147.0,96.5,460.0,560.0,Poor
84.0,9.2,18.0,7.0,8.7,6.8,7.2,91.0,180.0,2.0,2.3,1.0,3.8,24.0,61.0,56.0,130.0,2.8,37.8,8.8,13.6,1.6999999999999993,7.85,0.40000000000000036,7.0,89.0,135.5,0.2999999999999998,2.15,2.8,2.4,37.0,42.5,74.0,93.0,Poor
84.0,14.0,24.0,7.4,9.4,6.6,7.4,139.0,173.0,2.0,2.4,1.9,4.4,31.0,85.0,66.0,178.0,2.8,37.4,10.0,19.0,2.0,8.4,0.8000000000000007,7.0,34.0,156.0,0.3999999999999999,2.2,2.5000000000000004,3.1500000000000004,54.0,58.0,112.0,122.0,Poor
84.0,16.0,23.0,7.9,9.1,6.7,7.4,139.0,170.0,1.6,2.3,2.0,4.7,29.0,105.0,61.0,185.0,2.8,37.4,7.0,19.5,1.1999999999999993,8.5,0.7000000000000002,7.050000000000001,31.0,154.5,0.6999999999999997,1.95,2.7,3.35,76.0,67.0,124.0,123.0,Poor
84.0,14.0,23.0,8.0,9.4,6.8,7.6,132.0,182.0,2.0,2.4,2.0,5.0,32.0,100.0,64.0,185.0,2.8,37.4,9.0,18.5,1.4000000000000004,8.7,0.7999999999999998,7.199999999999999,50.0,157.0,0.3999999999999999,2.2,3.0,3.5,68.0,66.0,121.0,124.5,Poor
88.0,11.0,27.0,7.1,8.9,6.3,8.0,36.0,86.0,1.0,2.1,0.3,0.75,800.0,24000.0,2300.0,50000.0,11.0,140.0,16.0,19.0,1.8000000000000007,8.0,1.7000000000000002,7.15,50.0,61.0,1.1,1.55,0.45,0.525,23200.0,12400.0,47700.0,26150.0,Poor
88.0,11.0,29.0,6.0,8.6,6.9,7.7,52.0,8136.0,1.0,2.8,0.3,0.57,1100.0,7000.0,2100.0,50000.0,17.0,130.0,18.0,20.0,2.5999999999999996,7.3,0.7999999999999998,7.300000000000001,8084.0,4094.0,1.7999999999999998,1.9,0.26999999999999996,0.43499999999999994,5900.0,4050.0,47900.0,26050.0,Poor
88.0,20.0,29.0,6.0,9.0,7.3,7.9,110.0,179.0,1.1,2.4,0.3,0.3,800.0,3400.0,1700.0,17000.0,17.0,70.0,9.0,24.5,3.0,7.5,0.6000000000000005,7.6,69.0,144.5,1.2999999999999998,1.75,0.0,0.3,2600.0,2100.0,15300.0,9350.0,Poor
6.0,21.0,25.0,5.0,5.6,7.2,7.4,88.0,120.0,2.2,2.5,0.7,1.1,600.0,1100.0,1100.0,2000.0,210.0,290.0,4.0,23.0,0.5999999999999996,5.3,0.20000000000000018,7.300000000000001,32.0,104.0,0.2999999999999998,2.35,0.40000000000000013,0.9,500.0,850.0,900.0,1550.0,Poor
6.0,19.0,28.0,5.4,6.2,6.9,8.0,122.0,168.0,2.0,2.6,0.6,1.4,300.0,730.0,730.0,1600.0,95.0,290.0,9.0,23.5,0.7999999999999998,5.800000000000001,1.0999999999999996,7.45,46.0,145.0,0.6000000000000001,2.3,0.7999999999999999,1.0,430.0,515.0,870.0,1165.0,Moderate
84.0,10.0,23.0,8.0,8.6,6.9,7.3,142.0,177.0,1.7,2.4,2.0,4.7,19.0,71.0,46.0,134.0,2.8,37.8,13.0,16.5,0.5999999999999996,8.3,0.39999999999999947,7.1,35.0,159.5,0.7,2.05,2.7,3.35,52.0,45.0,88.0,90.0,Poor
84.0,13.0,23.0,7.9,9.8,6.9,7.4,131.0,192.0,1.5,2.3,2.0,4.5,20.0,87.0,52.0,154.0,2.8,37.4,10.0,18.0,1.9000000000000004,8.850000000000001,0.5,7.15,61.0,161.5,0.7999999999999998,1.9,2.5,3.25,67.0,53.5,102.0,103.0,Poor
84.0,13.0,22.0,8.0,9.2,6.7,7.3,148.0,181.0,1.8,2.3,2.0,5.0,23.0,82.0,56.0,140.0,2.8,37.8,9.0,17.5,1.1999999999999993,8.6,0.5999999999999996,7.0,33.0,164.5,0.4999999999999998,2.05,3.0,3.5,59.0,52.5,84.0,98.0,Poor
84.0,15.0,23.0,8.0,9.2,6.6,7.5,137.0,184.0,2.0,2.4,2.0,4.4,22.0,99.0,35.0,162.0,2.8,37.4,8.0,19.0,1.1999999999999993,8.6,0.9000000000000004,7.05,47.0,160.5,0.3999999999999999,2.2,2.4000000000000004,3.2,77.0,60.5,127.0,98.5,Poor
84.0,14.0,23.0,8.1,9.0,6.7,7.5,139.0,179.0,2.0,2.5,2.0,4.3,32.0,100.0,56.0,172.0,2.8,37.4,9.0,18.5,0.9000000000000004,8.55,0.7999999999999998,7.1,40.0,159.0,0.5,2.25,2.3,3.15,68.0,66.0,116.0,114.0,Poor
23.0,15.0,24.0,7.8,8.4,6.9,7.3,51.0,89.0,1.8,2.2,2.0,4.5,30.0,84.0,63.0,125.0,2.0,12.0,9.0,19.5,0.6000000000000005,8.1,0.39999999999999947,7.1,38.0,70.0,0.40000000000000013,2.0,2.5,3.25,54.0,57.0,62.0,94.0,Poor
53.0,16.0,24.0,7.8,8.6,6.7,7.3,25.0,97.0,1.9,2.4,1.8,21.0,30.0,80.0,72.0,105.0,2.8,14.4,8.0,20.0,0.7999999999999998,8.2,0.5999999999999996,7.0,72.0,61.0,0.5,2.15,19.2,11.4,50.0,55.0,33.0,88.5,Poor
52.0,15.0,23.0,7.8,8.4,6.6,7.3,48.0,125.0,1.9,2.1,1.8,4.9,27.0,80.0,61.0,120.0,2.8,37.4,8.0,19.0,0.6000000000000005,8.1,0.7000000000000002,6.949999999999999,77.0,86.5,0.20000000000000018,2.0,3.1000000000000005,3.35,53.0,53.5,59.0,90.5,Poor
73.0,15.0,23.0,3.5,8.9,7.0,7.4,51.0,109.0,2.0,2.3,2.0,4.6,31.0,103.0,70.0,153.0,2.0,40.0,8.0,19.0,5.4,6.2,0.40000000000000036,7.2,58.0,80.0,0.2999999999999998,2.15,2.5999999999999996,3.3,72.0,67.0,83.0,111.5,Poor
65.0,16.0,24.0,7.9,9.0,6.8,7.2,54.0,115.0,1.9,2.3,2.0,4.3,35.0,94.0,67.0,112.0,2.8,37.4,8.0,20.0,1.0999999999999996,8.45,0.40000000000000036,7.0,61.0,84.5,0.3999999999999999,2.0999999999999996,2.3,3.15,59.0,64.5,45.0,89.5,Poor
84.0,14.0,24.0,7.8,9.0,6.7,7.4,121.0,180.0,2.1,2.6,1.6,4.8,34.0,105.0,45.0,187.0,2.8,37.4,10.0,19.0,1.2000000000000002,8.4,0.7000000000000002,7.050000000000001,59.0,150.5,0.5,2.35,3.1999999999999997,3.2,71.0,69.5,142.0,116.0,Poor
73.0,15.0,23.0,8.1,9.1,6.6,7.5,119.0,181.0,2.0,2.5,1.6,25.0,22.0,100.0,54.0,170.0,2.8,37.4,8.0,19.0,1.0,8.6,0.9000000000000004,7.05,62.0,150.0,0.5,2.25,23.4,13.3,78.0,61.0,116.0,112.0,Poor
84.0,8.0,18.0,7.8,9.1,6.6,7.4,105.0,190.0,1.7,2.3,1.5,4.1,31.0,76.0,54.0,155.0,2.8,37.4,10.0,13.0,1.2999999999999998,8.45,0.8000000000000007,7.0,85.0,147.5,0.5999999999999999,2.0,2.5999999999999996,2.8,45.0,53.5,101.0,104.5,Poor
84.0,15.0,22.0,8.1,8.8,6.7,7.4,149.0,172.0,1.9,2.4,2.0,4.5,32.0,70.0,67.0,120.0,2.8,26.6,7.0,18.5,0.7000000000000011,8.45,0.7000000000000002,7.050000000000001,23.0,160.5,0.5,2.15,2.5,3.25,38.0,51.0,53.0,93.5,Poor
84.0,14.0,23.0,8.0,8.7,6.7,7.5,157.0,171.0,2.0,2.3,2.1,4.7,28.0,100.0,64.0,149.0,2.8,37.4,9.0,18.5,0.6999999999999993,8.35,0.7999999999999998,7.1,14.0,164.0,0.2999999999999998,2.15,2.6,3.4000000000000004,72.0,64.0,85.0,106.5,Poor
84.0,14.0,22.0,8.0,8.5,6.6,7.4,129.0,159.0,2.0,2.4,2.0,4.6,30.0,102.0,69.0,189.0,2.8,37.4,8.0,18.0,0.5,8.25,0.8000000000000007,7.0,30.0,144.0,0.3999999999999999,2.2,2.5999999999999996,3.3,72.0,66.0,120.0,129.0,Poor
84.0,14.0,22.0,8.0,8.6,6.6,7.3,99.0,139.0,2.0,2.3,2.1,4.8,28.0,105.0,71.0,134.0,2.8,37.4,8.0,18.0,0.5999999999999996,8.3,0.7000000000000002,6.949999999999999,40.0,119.0,0.2999999999999998,2.15,2.6999999999999997,3.45,77.0,66.5,63.0,102.5,Poor
84.0,14.0,22.0,8.0,8.7,6.6,7.3,35.0,127.0,1.7,2.1,2.0,5.1,21.0,88.0,61.0,165.0,2.0,40.0,8.0,18.0,0.6999999999999993,8.35,0.7000000000000002,6.949999999999999,92.0,81.0,0.40000000000000013,1.9,3.0999999999999996,3.55,67.0,54.5,104.0,113.0,Poor
84.0,13.0,21.0,7.5,8.8,6.5,7.3,34.0,148.0,1.5,2.2,1.8,5.2,24.0,120.0,79.0,200.0,2.0,40.0,8.0,17.0,1.3000000000000007,8.15,0.7999999999999998,6.9,114.0,91.0,0.7000000000000002,1.85,3.4000000000000004,3.5,96.0,72.0,121.0,139.5,Poor
84.0,13.0,22.0,7.9,8.7,6.7,7.3,32.0,112.0,1.6,2.4,1.8,4.5,29.0,123.0,52.0,173.0,2.0,40.0,9.0,17.5,0.7999999999999989,8.3,0.5999999999999996,7.0,80.0,72.0,0.7999999999999998,2.0,2.7,3.15,94.0,76.0,121.0,112.5,Poor
84.0,13.0,22.0,7.0,8.4,6.7,7.4,33.0,135.0,2.0,2.3,2.0,4.6,36.0,100.0,67.0,168.0,2.8,41.6,9.0,17.5,1.4000000000000004,7.7,0.7000000000000002,7.050000000000001,102.0,84.0,0.2999999999999998,2.15,2.5999999999999996,3.3,64.0,68.0,101.0,117.5,Poor
84.0,15.0,23.0,7.3,8.4,6.7,7.5,34.0,132.0,2.0,2.5,1.9,4.4,32.0,112.0,79.0,175.0,2.0,40.0,8.0,19.0,1.1000000000000005,7.85,0.7999999999999998,7.1,98.0,83.0,0.5,2.25,2.5000000000000004,3.1500000000000004,80.0,72.0,96.0,127.0,Poor
6.0,18.0,30.0,5.0,9.2,6.8,7.5,120.0,176.0,2.1,2.5,0.7,1.7,360.0,930.0,910.0,1600.0,120.0,290.0,12.0,24.0,4.199999999999999,7.1,0.7000000000000002,7.15,56.0,148.0,0.3999999999999999,2.3,1.0,1.2,570.0,645.0,690.0,1255.0,Poor
88.0,21.0,29.0,4.0,8.2,6.8,7.8,70.0,164.0,1.0,8.0,0.3,0.77,2200.0,24000.0,5000.0,90000.0,23.0,540.0,8.0,25.0,4.199999999999999,6.1,1.0,7.3,94.0,117.0,7.0,4.5,0.47000000000000003,0.535,21800.0,13100.0,85000.0,47500.0,Poor
6.0,22.0,24.0,5.3,6.2,6.8,7.2,104.0,134.0,2.0,2.4,0.7,1.1,610.0,1500.0,1100.0,2100.0,210.0,460.0,2.0,23.0,0.9000000000000004,5.75,0.40000000000000036,7.0,30.0,119.0,0.3999999999999999,2.2,0.40000000000000013,0.9,890.0,1055.0,1000.0,1600.0,Poor
6.0,21.0,24.0,5.1,8.1,6.9,7.6,128.0,166.0,2.0,2.6,0.4,1.0,300.0,730.0,720.0,1600.0,120.0,240.0,3.0,22.5,3.0,6.6,0.6999999999999993,7.25,38.0,147.0,0.6000000000000001,2.3,0.6,0.7,430.0,515.0,880.0,1160.0,Poor
6.0,18.0,33.0,5.0,8.4,6.9,7.8,140.0,176.0,2.0,2.5,0.7,1.5,360.0,930.0,910.0,2000.0,120.0,290.0,15.0,25.5,3.4000000000000004,6.7,0.8999999999999995,7.35,36.0,158.0,0.5,2.25,0.8,1.1,570.0,645.0,1090.0,1455.0,Poor
6.0,17.0,29.0,5.0,7.4,6.8,7.5,118.0,180.0,2.0,2.5,0.8,1.9,620.0,1100.0,1500.0,2000.0,210.0,290.0,12.0,23.0,2.4000000000000004,6.2,0.7000000000000002,7.15,62.0,149.0,0.5,2.25,1.0999999999999999,1.35,480.0,860.0,500.0,1750.0,Poor
6.0,21.0,25.0,5.0,8.4,7.0,7.7,126.0,172.0,2.0,2.6,0.6,1.6,300.0,910.0,1400.0,2000.0,120.0,290.0,4.0,23.0,3.4000000000000004,6.7,0.7000000000000002,7.35,46.0,149.0,0.6000000000000001,2.3,1.0,1.1,610.0,605.0,600.0,1700.0,Poor
19.0,21.0,30.5,5.4,6.6,7.0,7.7,125.0,189.0,1.2,2.2,0.7,1.9,39.0,58.0,94.0,210.0,2.0,2.0,9.5,25.75,1.1999999999999993,6.0,0.7000000000000002,7.35,64.0,157.0,1.0000000000000002,1.7000000000000002,1.2,1.2999999999999998,19.0,48.5,116.0,152.0,Poor
62.0,21.0,31.0,5.3,6.7,7.0,7.7,122.0,191.0,1.1,2.1,0.7,1.9,26.0,58.0,94.0,210.0,2.0,12.6,10.0,26.0,1.4000000000000004,6.0,0.7000000000000002,7.35,69.0,156.5,1.0,1.6,1.2,1.2999999999999998,32.0,42.0,116.0,152.0,Poor
62.0,21.0,31.0,5.3,6.4,7.1,7.7,124.0,179.0,1.2,1.9,0.7,1.7,31.0,58.0,84.0,210.0,2.0,14.0,10.0,26.0,1.1000000000000005,5.85,0.6000000000000005,7.4,55.0,151.5,0.7,1.5499999999999998,1.0,1.2,27.0,44.5,126.0,147.0,Poor
84.0,13.0,20.0,6.5,7.6,6.7,7.0,40.0,83.0,2.0,2.7,0.32,0.93,430.0,1200.0,2700.0,4900.0,21.0,480.0,7.0,16.5,1.0999999999999996,7.05,0.2999999999999998,6.85,43.0,61.5,0.7000000000000002,2.35,0.6100000000000001,0.625,770.0,815.0,2200.0,3800.0,Poor
84.0,13.6,20.0,6.6,8.6,6.7,7.3,31.0,44.0,1.1,1.7,0.32,0.54,4.0,70.0,110.0,170.0,2.0,6.0,6.4,16.8,2.0,7.6,0.5999999999999996,7.0,13.0,37.5,0.5999999999999999,1.4,0.22000000000000003,0.43000000000000005,66.0,37.0,60.0,140.0,Good
84.0,12.3,19.0,6.6,7.8,6.7,7.3,29.0,44.0,1.2,1.7,0.32,0.53,6.0,33.0,240.0,540.0,2.0,6.0,6.699999999999999,15.65,1.2000000000000002,7.199999999999999,0.5999999999999996,7.0,15.0,36.5,0.5,1.45,0.21000000000000002,0.42500000000000004,27.0,19.5,300.0,390.0,Good
84.0,12.5,20.0,6.8,8.0,6.9,7.3,32.0,42.0,1.0,1.5,0.32,0.46,2.0,2.0,38.0,70.0,2.0,2.0,7.5,16.25,1.2000000000000002,7.4,0.39999999999999947,7.1,10.0,37.0,0.5,1.25,0.14,0.39,0.0,2.0,32.0,54.0,Good
84.0,15.0,22.0,7.0,8.4,6.5,6.9,42.0,72.0,1.0,1.6,0.32,0.51,2.0,4.0,110.0,170.0,2.0,2.0,7.0,18.5,1.4000000000000004,7.7,0.40000000000000036,6.7,30.0,57.0,0.6000000000000001,1.3,0.19,0.41500000000000004,2.0,3.0,60.0,140.0,Good
51.0,14.6,21.0,6.9,7.9,6.7,7.5,33.0,53.0,1.2,1.8,0.32,0.52,4.0,17.0,110.0,240.0,2.0,4.0,6.4,17.8,1.0,7.4,0.7999999999999998,7.1,20.0,43.0,0.6000000000000001,1.5,0.2,0.42000000000000004,13.0,10.5,130.0,175.0,Good
51.0,14.0,20.0,6.8,8.9,6.5,6.8,62.0,89.0,1.0,1.8,0.32,0.47,2.0,21.0,120.0,170.0,2.0,4.0,6.0,17.0,2.1000000000000005,7.85,0.2999999999999998,6.65,27.0,75.5,0.8,1.4,0.14999999999999997,0.395,19.0,11.5,50.0,145.0,Good
84.0,19.0,34.0,5.2,5.6,6.8,7.6,132.0,146.0,2.0,2.7,0.6,1.6,600.0,910.0,1100.0,2100.0,210.0,290.0,15.0,26.5,0.39999999999999947,5.4,0.7999999999999998,7.199999999999999,14.0,139.0,0.7000000000000002,2.35,1.0,1.1,310.0,755.0,1000.0,1600.0,Moderate
6.0,19.0,32.0,5.1,5.7,6.9,7.7,132.0,168.0,1.9,2.7,0.6,2.2,600.0,730.0,1100.0,1500.0,210.0,240.0,13.0,25.5,0.6000000000000005,5.4,0.7999999999999998,7.300000000000001,36.0,150.0,0.8000000000000003,2.3,1.6,1.4000000000000001,130.0,665.0,400.0,1300.0,Moderate
0.0,12.0,21.0,7.3,8.4,6.8,7.5,112.0,172.0,1.9,2.5,1.9,4.6,22.0,97.0,27.0,155.0,2.8,37.4,9.0,16.5,1.1000000000000005,7.85,0.7000000000000002,7.15,60.0,142.0,0.6000000000000001,2.2,2.6999999999999997,3.25,75.0,59.5,128.0,91.0,Poor
27.0,13.0,23.0,7.8,8.5,6.7,7.3,121.0,178.0,2.1,22.0,2.0,23.0,38.0,93.0,68.0,196.0,2.0,35.0,10.0,18.0,0.7000000000000002,8.15,0.5999999999999996,7.0,57.0,149.5,19.9,12.05,21.0,12.5,55.0,65.5,128.0,132.0,Poor
6.0,22.0,33.0,5.8,8.1,7.0,8.0,142.0,230.0,2.0,2.8,0.6,1.8,610.0,1500.0,1100.0,2100.0,210.0,490.0,11.0,27.5,2.3,6.949999999999999,1.0,7.5,88.0,186.0,0.7999999999999998,2.4,1.2000000000000002,1.2,890.0,1055.0,1000.0,1600.0,Poor
6.0,16.0,28.0,5.0,6.2,6.8,7.2,102.0,144.0,2.2,2.7,0.8,1.7,620.0,940.0,1300.0,2100.0,210.0,290.0,12.0,22.0,1.2000000000000002,5.6,0.40000000000000036,7.0,42.0,123.0,0.5,2.45,0.8999999999999999,1.25,320.0,780.0,800.0,1700.0,Moderate
6.0,19.0,30.0,3.8,5.4,6.9,7.4,148.0,242.0,3.0,3.3,0.9,2.0,360.0,940.0,1100.0,2000.0,120.0,290.0,11.0,24.5,1.6000000000000005,4.6,0.5,7.15,94.0,195.0,0.2999999999999998,3.15,1.1,1.45,580.0,650.0,900.0,1550.0,Moderate
71.0,24.0,30.0,4.8,5.9,7.2,7.9,367.0,797.0,1.7,2.8,1.22,2.82,70.0,120.0,110.0,170.0,21.0,34.0,6.0,27.0,1.1000000000000005,5.35,0.7000000000000002,7.550000000000001,430.0,582.0,1.0999999999999999,2.25,1.5999999999999999,2.02,50.0,95.0,60.0,140.0,Moderate
71.0,21.0,30.0,8.1,9.5,7.1,8.2,182.0,351.0,2.0,2.5,0.32,0.5,2.0,10.0,63.0,170.0,2.0,2.0,9.0,25.5,1.4000000000000004,8.8,1.0999999999999996,7.6499999999999995,169.0,266.5,0.5,2.25,0.18,0.41000000000000003,8.0,6.0,107.0,116.5,Poor
29.0,25.0,32.0,7.5,8.2,7.9,8.5,263.0,480.0,1.0,1.0,0.52,0.86,7.0,240.0,22.0,500.0,2.0,2.0,7.0,28.5,0.6999999999999993,7.85,0.5999999999999996,8.2,217.0,371.5,0.0,1.0,0.33999999999999997,0.69,233.0,123.5,478.0,261.0,Poor
29.0,24.0,33.0,7.5,8.5,7.8,8.5,320.0,595.0,1.0,1.0,0.72,1.14,2.0,14.0,21.0,50.0,2.0,2.0,9.0,28.5,1.0,8.0,0.7000000000000002,8.15,275.0,457.5,0.0,1.0,0.41999999999999993,0.9299999999999999,12.0,8.0,29.0,35.5,Good
29.0,24.0,29.0,7.5,8.2,7.9,8.5,281.0,476.0,1.0,1.0,0.32,0.75,2.0,11.0,4.0,33.0,2.0,2.0,5.0,26.5,0.6999999999999993,7.85,0.5999999999999996,8.2,195.0,378.5,0.0,1.0,0.43,0.535,9.0,6.5,29.0,18.5,Good
29.0,24.0,29.0,7.4,8.2,7.9,8.5,261.0,469.0,1.0,1.0,0.54,0.82,2.0,7.0,13.0,21.0,2.0,2.0,5.0,26.5,0.7999999999999989,7.8,0.5999999999999996,8.2,208.0,365.0,0.0,1.0,0.2799999999999999,0.6799999999999999,5.0,4.5,8.0,17.0,Good
29.0,24.0,29.5,7.5,8.2,7.9,8.5,278.0,465.0,1.0,1.0,0.94,1.25,2.0,11.0,14.0,50.0,2.0,2.0,5.5,26.75,0.6999999999999993,7.85,0.5999999999999996,8.2,187.0,371.5,0.0,1.0,0.31000000000000005,1.095,9.0,6.5,36.0,32.0,Good
29.0,24.0,33.0,7.5,8.2,7.6,8.5,312.0,663.0,1.0,1.0,0.44,1.06,4.0,17.0,22.0,70.0,2.0,2.0,9.0,28.5,0.6999999999999993,7.85,0.9000000000000004,8.05,351.0,487.5,0.0,1.0,0.6200000000000001,0.75,13.0,10.5,48.0,46.0,Good
29.0,27.0,32.0,6.7,8.2,8.4,8.7,326.0,1440.0,1.0,1.2,0.32,1.24,14.0,80.0,63.0,350.0,2.0,8.4,5.0,29.5,1.4999999999999991,7.449999999999999,0.29999999999999893,8.55,1114.0,883.0,0.19999999999999996,1.1,0.9199999999999999,0.78,66.0,47.0,287.0,206.5,Good
29.0,22.0,32.0,7.4,8.0,8.0,8.6,318.0,1550.0,1.0,1.0,1.02,1.31,4.0,30.0,17.0,70.0,2.0,2.0,10.0,27.0,0.5999999999999996,7.7,0.5999999999999996,8.3,1232.0,934.0,0.0,1.0,0.29000000000000004,1.165,26.0,17.0,53.0,43.5,Good
29.0,22.0,30.0,7.5,8.5,8.1,8.5,307.0,554.0,1.0,1.0,0.82,1.36,4.0,30.0,21.0,70.0,2.0,2.0,8.0,26.0,1.0,8.0,0.40000000000000036,8.3,247.0,430.5,0.0,1.0,0.5400000000000001,1.09,26.0,17.0,49.0,45.5,Good
29.0,29.0,29.0,4.9,4.9,7.9,7.9,400.0,400.0,1.3,1.3,0.32,0.32,170.0,170.0,340.0,340.0,12.0,16.4,0.0,29.0,0.0,4.9,0.0,7.9,0.0,400.0,0.0,1.3,0.0,0.32,0.0,170.0,0.0,340.0,Poor
48.0,20.0,22.0,7.0,7.8,7.1,8.4,274.0,603.0,1.0,1.4,0.8,1.59,2.0,2.0,40.0,49.0,2.0,2.0,2.0,21.0,0.7999999999999998,7.4,1.3000000000000007,7.75,329.0,438.5,0.3999999999999999,1.2,0.79,1.195,0.0,2.0,9.0,44.5,Good
49.0,20.0,22.0,6.9,7.6,7.0,8.5,302.0,445.0,1.0,1.8,0.73,1.55,2.0,2.0,2.0,49.0,2.0,2.0,2.0,21.0,0.6999999999999993,7.25,1.5,7.75,143.0,373.5,0.8,1.4,0.8200000000000001,1.1400000000000001,0.0,2.0,47.0,25.5,Good
29.0,24.0,29.0,7.4,8.2,8.1,8.5,295.0,572.0,1.0,1.0,0.32,0.44,2.0,14.0,11.0,70.0,2.0,2.0,5.0,26.5,0.7999999999999989,7.8,0.40000000000000036,8.3,277.0,433.5,0.0,1.0,0.12,0.38,12.0,8.0,59.0,40.5,Good
49.0,22.0,28.0,7.1,7.5,6.9,8.2,260.0,868.0,1.8,2.1,0.32,2.96,2.0,2.0,41.0,49.0,2.0,2.0,6.0,25.0,0.40000000000000036,7.3,1.299999999999999,7.55,608.0,564.0,0.30000000000000004,1.9500000000000002,2.64,1.64,0.0,2.0,8.0,45.0,Poor
49.0,24.0,28.0,7.4,7.7,7.4,8.1,266.0,637.0,2.0,2.0,0.32,0.93,2.0,2.0,48.0,49.0,2.0,2.0,4.0,26.0,0.2999999999999998,7.550000000000001,0.6999999999999993,7.75,371.0,451.5,0.0,2.0,0.6100000000000001,0.625,0.0,2.0,1.0,48.5,Poor
29.0,24.0,30.0,7.4,8.2,8.0,8.5,231.0,477.0,1.0,1.0,0.32,0.38,2.0,9.0,11.0,50.0,2.0,2.0,6.0,27.0,0.7999999999999989,7.8,0.5,8.25,246.0,354.0,0.0,1.0,0.06,0.35,7.0,5.5,39.0,30.5,Good
49.0,23.0,28.0,6.7,7.5,7.3,7.9,252.0,450.0,1.6,2.0,0.32,0.9,2.0,2.0,47.0,49.0,2.0,2.0,5.0,25.5,0.7999999999999998,7.1,0.6000000000000005,7.6,198.0,351.0,0.3999999999999999,1.8,0.5800000000000001,0.61,0.0,2.0,2.0,48.0,Poor
49.0,20.0,29.0,7.0,7.6,7.4,7.7,130.0,375.0,1.4,2.0,0.32,0.98,2.0,2.0,46.0,49.0,2.0,2.0,9.0,24.5,0.5999999999999996,7.3,0.2999999999999998,7.550000000000001,245.0,252.5,0.6000000000000001,1.7,0.6599999999999999,0.65,0.0,2.0,3.0,47.5,Poor
71.0,27.0,29.0,4.0,5.4,7.4,7.6,280.0,542.0,2.1,2.6,5.23,8.52,80.0,110.0,140.0,180.0,17.0,26.0,2.0,28.0,1.4000000000000004,4.7,0.1999999999999993,7.5,262.0,411.0,0.5,2.35,3.289999999999999,6.875,30.0,95.0,40.0,160.0,Moderate
49.0,20.0,21.5,6.9,7.7,7.5,8.3,300.0,539.0,1.0,1.2,0.54,1.69,2.0,2.0,34.0,49.0,2.0,2.0,1.5,20.75,0.7999999999999998,7.300000000000001,0.8000000000000007,7.9,239.0,419.5,0.19999999999999996,1.1,1.15,1.115,0.0,2.0,15.0,41.5,Good
29.0,25.0,27.0,5.0,7.6,7.2,8.2,380.0,765.0,1.0,1.3,0.32,1.03,2.0,12.0,6.0,70.0,2.0,2.0,2.0,26.0,2.5999999999999996,6.3,0.9999999999999991,7.699999999999999,385.0,572.5,0.30000000000000004,1.15,0.71,0.675,10.0,7.0,64.0,38.0,Good
29.0,20.0,32.0,0.3,5.1,7.4,8.4,680.0,2513.0,7.0,27.0,0.33,2.27,1600.0,1600.0,1600.0,1600.0,746.0,861.0,12.0,26.0,4.8,2.6999999999999997,1.0,7.9,1833.0,1596.5,20.0,17.0,1.94,1.3,0.0,1600.0,0.0,1600.0,Poor
29.0,27.0,30.0,2.7,6.8,7.0,8.3,302.0,590.0,1.0,4.1,0.4,1.36,21.0,170.0,110.0,540.0,2.4,5.6,3.0,28.5,4.1,4.75,1.3000000000000007,7.65,288.0,446.0,3.0999999999999996,2.55,0.9600000000000001,0.8800000000000001,149.0,95.5,430.0,325.0,Poor
29.0,26.0,30.0,4.2,7.6,7.4,8.2,278.0,402.0,1.0,1.8,0.41,1.61,2.0,33.0,17.0,170.0,2.0,2.0,4.0,28.0,3.3999999999999995,5.9,0.7999999999999989,7.8,124.0,340.0,0.8,1.4,1.2000000000000002,1.01,31.0,17.5,153.0,93.5,Good
29.0,28.0,28.0,2.8,2.8,7.9,7.9,560.0,560.0,5.0,5.0,2.4,2.4,1600.0,1600.0,1600.0,1600.0,1600.0,1600.0,0.0,28.0,0.0,2.8,0.0,7.9,0.0,560.0,0.0,5.0,0.0,2.4,0.0,1600.0,0.0,1600.0,Poor
29.0,27.0,30.0,0.3,1.2,7.1,8.0,697.0,2741.0,12.0,105.0,0.4,24.85,1600.0,1600.0,1600.0,1600.0,1600.0,1600.0,3.0,28.5,0.8999999999999999,0.75,0.9000000000000004,7.55,2044.0,1719.0,93.0,58.5,24.450000000000003,12.625,0.0,1600.0,0.0,1600.0,Poor
29.0,28.0,32.0,0.3,4.8,7.2,8.0,889.0,6274.0,8.0,31.0,0.0,1.06,160.0,1600.0,1600.0,1600.0,1600.0,1600.0,4.0,30.0,4.5,2.55,0.7999999999999998,7.6,5385.0,3581.5,23.0,19.5,1.06,0.53,1440.0,880.0,0.0,1600.0,Poor
29.0,25.0,30.0,5.4,7.3,7.7,8.3,384.0,560.0,1.0,1.7,0.32,1.56,2.0,6.0,2.0,47.0,2.0,2.0,5.0,27.5,1.8999999999999995,6.35,0.6000000000000005,8.0,176.0,472.0,0.7,1.35,1.24,0.9400000000000001,4.0,4.0,45.0,24.5,Good
29.0,26.0,30.0,4.2,7.6,7.4,8.2,278.0,402.0,1.0,1.8,0.41,0.94,2.0,33.0,17.0,170.0,2.0,2.0,4.0,28.0,3.3999999999999995,5.9,0.7999999999999989,7.8,124.0,340.0,0.8,1.4,0.53,0.6749999999999999,31.0,17.5,153.0,93.5,Good
29.0,28.0,32.0,0.3,4.8,7.2,8.0,889.0,3060.0,8.0,31.0,0.33,1.08,1600.0,1600.0,1600.0,1600.0,792.0,964.0,4.0,30.0,4.5,2.55,0.7999999999999998,7.6,2171.0,1974.5,23.0,19.5,0.75,0.7050000000000001,0.0,1600.0,0.0,1600.0,Poor
29.0,24.0,24.0,9.6,9.6,8.0,8.0,607.0,607.0,2.5,2.5,0.32,0.32,110.0,110.0,330.0,330.0,13.4,19.0,0.0,24.0,0.0,9.6,0.0,8.0,0.0,607.0,0.0,2.5,0.0,0.32,0.0,110.0,0.0,330.0,Poor
29.0,27.0,32.0,4.1,7.2,7.5,8.4,346.0,590.0,1.0,2.0,0.46,1.21,2.0,12.0,13.0,70.0,2.0,2.0,5.0,29.5,3.1000000000000005,5.65,0.9000000000000004,7.95,244.0,468.0,1.0,1.5,0.75,0.835,10.0,7.0,57.0,41.5,Poor
29.0,27.0,32.0,5.1,7.0,7.4,8.5,363.0,560.0,1.0,1.8,0.39,1.66,2.0,4.0,21.0,33.0,2.0,2.0,5.0,29.5,1.9000000000000004,6.05,1.0999999999999996,7.95,197.0,461.5,0.8,1.4,1.27,1.025,2.0,3.0,12.0,27.0,Good
29.0,28.0,35.0,4.5,7.2,7.7,8.5,460.0,2616.0,1.0,2.7,1.12,7.94,50.0,1600.0,300.0,1600.0,2.0,540.0,7.0,31.5,2.7,5.85,0.7999999999999998,8.1,2156.0,1538.0,1.7000000000000002,1.85,6.82,4.53,1550.0,825.0,1300.0,950.0,Poor
29.0,28.0,30.0,0.3,1.5,7.2,7.5,1112.0,2558.0,11.0,68.0,0.33,1.05,1600.0,1600.0,1600.0,1600.0,1600.0,1600.0,2.0,29.0,1.2,0.9,0.2999999999999998,7.35,1446.0,1835.0,57.0,39.5,0.72,0.6900000000000001,0.0,1600.0,0.0,1600.0,Poor
49.0,23.5,30.2,6.6,8.7,7.1,8.3,186.0,705.0,1.0,1.8,0.32,0.58,2.0,2.0,27.0,94.0,2.0,2.0,6.699999999999999,26.85,2.0999999999999996,7.6499999999999995,1.200000000000001,7.7,519.0,445.5,0.8,1.4,0.25999999999999995,0.44999999999999996,0.0,2.0,67.0,60.5,Good
49.0,22.6,30.2,6.5,6.8,6.6,7.9,165.0,1864.0,1.0,1.9,0.32,0.34,2.0,2.0,2.0,20.0,2.0,2.0,7.599999999999998,26.4,0.2999999999999998,6.65,1.3000000000000007,7.25,1699.0,1014.5,0.8999999999999999,1.45,0.020000000000000018,0.33,0.0,2.0,18.0,11.0,Good
49.0,22.8,30.2,6.6,8.1,6.9,8.0,173.0,2756.0,1.6,2.3,0.32,0.48,2.0,2.0,41.0,110.0,2.0,2.0,7.399999999999999,26.5,1.5,7.35,1.0999999999999996,7.45,2583.0,1464.5,0.6999999999999997,1.95,0.15999999999999998,0.4,0.0,2.0,69.0,75.5,Poor
49.0,21.2,24.6,7.0,7.8,7.3,7.9,250.0,611.0,1.2,2.0,0.16,1.44,2.0,6.0,17.0,48.0,2.0,2.0,3.400000000000002,22.9,0.7999999999999998,7.4,0.6000000000000005,7.6,361.0,430.5,0.8,1.6,1.28,0.7999999999999999,4.0,4.0,31.0,32.5,Poor
49.0,20.9,24.6,7.0,8.3,7.2,7.9,233.0,711.0,1.1,2.0,0.14,1.4,2.0,3.0,10.0,43.0,2.0,2.0,3.700000000000003,22.75,1.3000000000000007,7.65,0.7000000000000002,7.550000000000001,478.0,472.0,0.8999999999999999,1.55,1.2599999999999998,0.77,1.0,2.5,33.0,26.5,Poor
49.0,22.0,27.0,6.6,7.6,7.6,7.8,198.0,394.0,1.2,2.0,0.32,0.65,2.0,2.0,43.0,48.0,2.0,2.0,5.0,24.5,1.0,7.1,0.20000000000000018,7.699999999999999,196.0,296.0,0.8,1.6,0.33,0.485,0.0,2.0,5.0,45.5,Poor
49.0,22.0,28.0,6.5,7.7,7.2,7.8,212.0,430.0,2.0,2.0,0.54,0.73,2.0,2.0,47.0,49.0,2.0,2.0,6.0,25.0,1.2000000000000002,7.1,0.5999999999999996,7.5,218.0,321.0,0.0,2.0,0.18999999999999995,0.635,0.0,2.0,2.0,48.0,Poor
49.0,19.5,21.5,7.2,8.0,7.7,8.5,212.0,332.0,1.0,1.1,0.83,90.02,2.0,2.0,34.0,49.0,2.0,2.0,2.0,20.5,0.7999999999999998,7.6,0.7999999999999998,8.1,120.0,272.0,0.10000000000000009,1.05,89.19,45.425,0.0,2.0,15.0,41.5,Good
49.0,19.0,22.0,7.2,7.8,7.8,8.5,246.0,346.0,1.0,1.2,0.82,1.2,2.0,2.0,38.0,48.0,2.0,2.0,3.0,20.5,0.5999999999999996,7.5,0.7000000000000002,8.15,100.0,296.0,0.19999999999999996,1.1,0.38,1.01,0.0,2.0,10.0,43.0,Good
49.0,19.5,21.5,7.0,7.9,7.3,8.5,211.0,318.0,1.0,1.2,0.02,1.12,2.0,2.0,39.0,49.0,2.0,2.0,2.0,20.5,0.9000000000000004,7.45,1.2000000000000002,7.9,107.0,264.5,0.19999999999999996,1.1,1.1,0.5700000000000001,0.0,2.0,10.0,44.0,Good
49.0,14.0,26.0,5.8,11.0,7.3,8.5,188.0,362.0,1.0,2.4,1.4,5.97,2.0,34.0,130.0,280.0,2.0,2.0,12.0,20.0,5.2,8.4,1.2000000000000002,7.9,174.0,275.0,1.4,1.7,4.57,3.6849999999999996,32.0,18.0,150.0,205.0,Poor
49.0,19.5,21.5,7.2,7.9,7.4,8.5,243.0,328.0,1.0,1.4,0.83,1.27,2.0,2.0,33.0,49.0,2.0,2.0,2.0,20.5,0.7000000000000002,7.550000000000001,1.0999999999999996,7.95,85.0,285.5,0.3999999999999999,1.2,0.44000000000000006,1.05,0.0,2.0,16.0,41.0,Good
49.0,17.0,31.0,7.2,8.5,7.2,8.2,198.0,311.0,1.3,2.1,0.39,1.93,13.0,170.0,150.0,430.0,2.0,2.0,14.0,24.0,1.2999999999999998,7.85,0.9999999999999991,7.699999999999999,113.0,254.5,0.8,1.7000000000000002,1.54,1.16,157.0,91.5,280.0,290.0,Poor
49.0,12.0,30.0,7.4,8.5,7.4,8.1,187.0,315.0,1.1,1.9,0.55,2.9,22.0,94.0,170.0,430.0,2.0,2.0,18.0,21.0,1.0999999999999996,7.95,0.6999999999999993,7.75,128.0,251.0,0.7999999999999998,1.5,2.3499999999999996,1.725,72.0,58.0,260.0,300.0,Good
49.0,20.0,21.5,7.1,7.8,7.5,8.5,194.0,298.0,1.0,1.1,0.7,1.08,2.0,2.0,31.0,41.0,2.0,2.0,1.5,20.75,0.7000000000000002,7.449999999999999,1.0,8.0,104.0,246.0,0.10000000000000009,1.05,0.3800000000000001,0.89,0.0,2.0,10.0,36.0,Good
49.0,19.5,21.5,7.0,7.8,7.7,8.4,222.0,313.0,1.0,1.1,0.7,1.22,2.0,2.0,32.0,47.0,2.0,2.0,2.0,20.5,0.7999999999999998,7.4,0.7000000000000002,8.05,91.0,267.5,0.10000000000000009,1.05,0.52,0.96,0.0,2.0,15.0,39.5,Good
49.0,21.3,24.5,6.0,8.0,7.1,7.8,250.0,546.0,1.0,2.0,0.13,1.4,2.0,6.0,17.0,63.0,2.0,2.0,3.1999999999999993,22.9,2.0,7.0,0.7000000000000002,7.449999999999999,296.0,398.0,1.0,1.5,1.27,0.7649999999999999,4.0,4.0,46.0,40.0,Poor
49.0,21.0,23.4,7.2,7.8,7.3,7.9,230.0,382.0,1.2,1.6,0.16,0.8,2.0,2.0,31.0,49.0,2.0,2.0,2.3999999999999986,22.2,0.5999999999999996,7.5,0.6000000000000005,7.6,152.0,306.0,0.40000000000000013,1.4,0.64,0.48000000000000004,0.0,2.0,18.0,40.0,Good
49.0,21.2,25.4,7.0,7.8,7.1,8.0,256.0,642.0,1.3,1.9,0.14,1.6,2.0,14.0,17.0,70.0,2.0,2.0,4.199999999999999,23.299999999999997,0.7999999999999998,7.4,0.9000000000000004,7.55,386.0,449.0,0.5999999999999999,1.6,1.46,0.8700000000000001,12.0,8.0,53.0,43.5,Good
49.0,20.5,24.2,7.2,8.0,7.2,8.1,224.0,716.0,1.0,2.0,0.3,1.44,2.0,9.0,11.0,41.0,2.0,2.0,3.6999999999999993,22.35,0.7999999999999998,7.6,0.8999999999999995,7.65,492.0,470.0,1.0,1.5,1.14,0.87,7.0,5.5,30.0,26.0,Poor
49.0,20.6,24.1,6.7,7.9,7.4,8.1,242.0,719.0,1.4,2.0,0.1,2.26,2.0,4.0,14.0,70.0,2.0,2.0,3.5,22.35,1.2000000000000002,7.300000000000001,0.6999999999999993,7.75,477.0,480.5,0.6000000000000001,1.7,2.1599999999999997,1.18,2.0,3.0,56.0,42.0,Poor
49.0,22.6,30.4,6.5,7.7,7.1,8.0,167.0,2524.0,1.2,2.2,0.32,0.45,2.0,2.0,41.0,94.0,2.0,2.0,7.799999999999997,26.5,1.2000000000000002,7.1,0.9000000000000004,7.55,2357.0,1345.5,1.0000000000000002,1.7000000000000002,0.13,0.385,0.0,2.0,53.0,67.5,Poor
49.0,17.0,31.0,7.1,8.6,7.3,8.1,184.0,312.0,1.1,1.8,0.44,2.2,2.0,46.0,110.0,280.0,2.0,2.0,14.0,24.0,1.5,7.85,0.7999999999999998,7.699999999999999,128.0,248.0,0.7,1.4500000000000002,1.7600000000000002,1.32,44.0,24.0,170.0,195.0,Good
49.0,19.5,22.0,7.3,7.8,7.7,8.4,210.0,315.0,1.0,1.1,0.02,1.05,2.0,2.0,33.0,41.0,2.0,2.0,2.5,20.75,0.5,7.55,0.7000000000000002,8.05,105.0,262.5,0.10000000000000009,1.05,1.03,0.535,0.0,2.0,8.0,37.0,Good
49.0,23.0,30.5,6.7,8.2,7.2,8.1,187.0,926.0,1.0,1.8,0.32,1.2,2.0,8.0,27.0,84.0,2.0,2.0,7.5,26.75,1.4999999999999991,7.449999999999999,0.8999999999999995,7.65,739.0,556.5,0.8,1.4,0.8799999999999999,0.76,6.0,5.0,57.0,55.5,Good
49.0,22.8,30.2,6.6,8.1,6.9,8.0,173.0,2756.0,1.6,2.3,0.32,0.48,2.0,2.0,41.0,110.0,2.0,2.0,7.399999999999999,26.5,1.5,7.35,1.0999999999999996,7.45,2583.0,1464.5,0.6999999999999997,1.95,0.15999999999999998,0.4,0.0,2.0,69.0,75.5,Poor
49.0,23.6,30.4,6.7,8.8,7.6,8.2,194.0,911.0,1.2,2.4,0.36,0.7,2.0,4.0,43.0,120.0,2.0,2.0,6.799999999999997,27.0,2.1000000000000005,7.75,0.5999999999999996,7.8999999999999995,717.0,552.5,1.2,1.7999999999999998,0.33999999999999997,0.53,2.0,3.0,77.0,81.5,Poor
49.0,21.1,24.3,6.8,8.0,7.2,7.9,271.0,661.0,1.2,1.9,0.23,1.3,2.0,6.0,17.0,49.0,2.0,2.0,3.1999999999999993,22.700000000000003,1.2000000000000002,7.4,0.7000000000000002,7.550000000000001,390.0,466.0,0.7,1.5499999999999998,1.07,0.765,4.0,4.0,32.0,33.0,Good
49.0,20.9,25.7,7.1,7.9,7.5,7.9,248.0,716.0,1.3,1.8,0.04,1.32,2.0,6.0,17.0,48.0,2.0,2.0,4.800000000000001,23.299999999999997,0.8000000000000007,7.5,0.40000000000000036,7.7,468.0,482.0,0.5,1.55,1.28,0.68,4.0,4.0,31.0,32.5,Good
49.0,21.0,25.6,7.2,7.8,7.2,8.1,268.0,711.0,1.2,1.9,0.06,1.4,2.0,10.0,17.0,94.0,2.0,2.0,4.600000000000001,23.3,0.5999999999999996,7.5,0.8999999999999995,7.65,443.0,489.5,0.7,1.5499999999999998,1.3399999999999999,0.73,8.0,6.0,77.0,55.5,Good
49.0,20.6,24.6,6.8,8.0,7.3,8.1,217.0,677.0,1.2,1.9,0.18,2.64,2.0,13.0,17.0,49.0,2.0,2.0,4.0,22.6,1.2000000000000002,7.4,0.7999999999999998,7.699999999999999,460.0,447.0,0.7,1.5499999999999998,2.46,1.4100000000000001,11.0,7.5,32.0,33.0,Good
49.0,21.0,24.7,6.4,7.9,7.1,7.9,235.0,671.0,1.0,2.0,0.24,1.44,2.0,4.0,10.0,48.0,2.0,2.0,3.6999999999999993,22.85,1.5,7.15,0.8000000000000007,7.5,436.0,453.0,1.0,1.5,1.2,0.84,2.0,3.0,38.0,29.0,Poor
49.0,20.8,24.7,6.5,8.1,7.1,8.1,248.0,716.0,1.2,2.4,0.16,1.44,2.0,4.0,10.0,48.0,2.0,2.0,3.8999999999999986,22.75,1.5999999999999996,7.3,1.0,7.6,468.0,482.0,1.2,1.7999999999999998,1.28,0.7999999999999999,2.0,3.0,38.0,29.0,Poor
49.0,21.1,24.6,6.7,7.8,7.4,8.1,233.0,691.0,1.2,1.9,0.3,2.64,2.0,12.0,17.0,48.0,2.0,2.0,3.5,22.85,1.0999999999999996,7.25,0.6999999999999993,7.75,458.0,462.0,0.7,1.5499999999999998,2.3400000000000003,1.47,10.0,7.0,31.0,32.5,Good
49.0,15.0,31.0,7.8,8.7,7.3,8.2,172.0,285.0,1.0,1.7,0.32,2.46,2.0,10.0,2.0,150.0,2.0,2.0,16.0,23.0,0.8999999999999995,8.25,0.8999999999999995,7.75,113.0,228.5,0.7,1.35,2.14,1.39,8.0,6.0,148.0,76.0,Good
49.0,15.0,27.0,6.0,11.5,7.6,8.4,213.0,3105.0,1.0,1.7,1.25,7.47,6.0,26.0,40.0,280.0,2.0,2.0,12.0,21.0,5.5,8.75,0.8000000000000007,8.0,2892.0,1659.0,0.7,1.35,6.22,4.359999999999999,20.0,16.0,240.0,160.0,Good
49.0,15.0,26.0,6.2,12.2,7.6,8.4,214.0,3212.0,1.0,2.0,1.71,6.62,11.0,147.0,140.0,1301.0,2.0,2.0,11.0,20.5,5.999999999999999,9.2,0.8000000000000007,8.0,2998.0,1713.0,1.0,1.5,4.91,4.165,136.0,79.0,1161.0,720.5,Poor
49.0,14.0,26.0,5.8,11.0,7.4,8.5,184.0,419.0,1.0,2.1,0.96,6.16,2.0,48.0,150.0,350.0,2.0,2.0,12.0,20.0,5.2,8.4,1.0999999999999996,7.95,235.0,301.5,1.1,1.55,5.2,3.56,46.0,25.0,200.0,250.0,Poor
49.0,16.0,26.0,6.0,14.1,7.6,8.5,190.0,337.0,1.0,1.9,1.44,6.95,2.0,39.0,120.0,350.0,2.0,2.0,10.0,21.0,8.1,10.05,0.9000000000000004,8.05,147.0,263.5,0.8999999999999999,1.45,5.51,4.195,37.0,20.5,230.0,235.0,Good
49.0,16.0,26.0,6.2,10.2,7.5,8.3,184.0,3459.0,1.0,1.4,0.71,5.04,2.0,178.0,120.0,1400.0,2.0,2.0,10.0,21.0,3.999999999999999,8.2,0.8000000000000007,7.9,3275.0,1821.5,0.3999999999999999,1.2,4.33,2.875,176.0,90.0,1280.0,760.0,Poor
49.0,15.0,27.0,6.0,13.5,7.4,8.5,180.0,478.0,1.0,2.0,1.16,4.92,2.0,39.0,110.0,350.0,2.0,2.0,12.0,21.0,7.5,9.75,1.0999999999999996,7.95,298.0,329.0,1.0,1.5,3.76,3.04,37.0,20.5,240.0,230.0,Poor
49.0,22.0,28.0,6.7,7.6,7.4,7.9,205.0,422.0,1.4,2.0,0.32,0.83,2.0,2.0,41.0,49.0,2.0,2.0,6.0,25.0,0.8999999999999995,7.15,0.5,7.65,217.0,313.5,0.6000000000000001,1.7,0.51,0.575,0.0,2.0,8.0,45.0,Poor
49.0,20.0,21.5,7.3,7.8,7.7,8.6,211.0,311.0,1.0,7.4,0.64,1.14,2.0,2.0,31.0,41.0,2.0,2.0,1.5,20.75,0.5,7.55,0.8999999999999995,8.15,100.0,261.0,6.4,4.2,0.4999999999999999,0.8899999999999999,0.0,2.0,10.0,36.0,Poor
49.0,19.5,21.5,7.2,7.8,7.3,8.5,212.0,308.0,1.0,1.1,0.74,2.26,2.0,2.0,32.0,43.0,2.0,2.0,2.0,20.5,0.5999999999999996,7.5,1.2000000000000002,7.9,96.0,260.0,0.10000000000000009,1.05,1.5199999999999998,1.5,0.0,2.0,11.0,37.5,Good
49.0,19.0,21.5,7.2,7.8,7.6,8.6,205.0,329.0,1.0,1.1,0.84,11.03,2.0,2.0,34.0,49.0,2.0,2.0,2.5,20.25,0.5999999999999996,7.5,1.0,8.1,124.0,267.0,0.10000000000000009,1.05,10.19,5.935,0.0,2.0,15.0,41.5,Good
49.0,19.5,21.5,7.3,8.0,7.8,8.4,248.0,320.0,1.0,1.1,0.71,1.12,2.0,2.0,34.0,41.0,2.0,2.0,2.0,20.5,0.7000000000000002,7.65,0.6000000000000005,8.1,72.0,284.0,0.10000000000000009,1.05,0.41000000000000014,0.915,0.0,2.0,7.0,37.5,Good
49.0,19.5,21.5,7.2,8.1,7.7,8.6,209.0,330.0,1.0,1.2,0.73,1.91,2.0,2.0,38.0,47.0,2.0,2.0,2.0,20.5,0.8999999999999995,7.65,0.8999999999999995,8.15,121.0,269.5,0.19999999999999996,1.1,1.18,1.3199999999999998,0.0,2.0,9.0,42.5,Good
49.0,19.5,22.0,7.4,7.8,7.8,8.6,215.0,337.0,1.0,1.2,0.02,1.18,2.0,2.0,34.0,43.0,2.0,2.0,2.5,20.75,0.39999999999999947,7.6,0.7999999999999998,8.2,122.0,276.0,0.19999999999999996,1.1,1.16,0.6,0.0,2.0,9.0,38.5,Good
49.0,19.0,22.0,7.2,8.0,7.7,8.4,232.0,350.0,1.0,1.1,0.71,1.16,2.0,2.0,34.0,43.0,2.0,2.0,3.0,20.5,0.7999999999999998,7.6,0.7000000000000002,8.05,118.0,291.0,0.10000000000000009,1.05,0.44999999999999996,0.9349999999999999,0.0,2.0,9.0,38.5,Good
49.0,19.5,22.0,6.9,7.8,7.6,8.5,255.0,392.0,1.0,1.1,0.72,1.92,2.0,2.0,34.0,46.0,2.0,2.0,2.5,20.75,0.8999999999999995,7.35,0.9000000000000004,8.05,137.0,323.5,0.10000000000000009,1.05,1.2,1.3199999999999998,0.0,2.0,12.0,40.0,Good
49.0,19.5,22.0,7.2,7.7,7.6,8.5,250.0,358.0,1.0,1.2,0.74,2.12,2.0,2.0,34.0,48.0,2.0,2.0,2.5,20.75,0.5,7.45,0.9000000000000004,8.05,108.0,304.0,0.19999999999999996,1.1,1.3800000000000001,1.4300000000000002,0.0,2.0,14.0,41.0,Good
29.0,29.0,29.0,7.7,7.7,8.3,8.3,372.0,372.0,2.5,2.5,0.32,0.32,700.0,700.0,1100.0,1100.0,116.0,204.0,0.0,29.0,0.0,7.7,0.0,8.3,0.0,372.0,0.0,2.5,0.0,0.32,0.0,700.0,0.0,1100.0,Poor
29.0,27.0,34.0,7.3,8.4,8.0,8.4,190.0,419.0,1.0,1.0,0.32,0.83,2.0,23.0,20.0,94.0,2.0,2.0,7.0,30.5,1.1000000000000005,7.85,0.40000000000000036,8.2,229.0,304.5,0.0,1.0,0.51,0.575,21.0,12.5,74.0,57.0,Good
29.0,27.0,34.0,7.1,8.3,8.0,8.4,200.0,363.0,1.0,1.0,0.32,0.85,2.0,21.0,26.0,46.0,2.0,2.0,7.0,30.5,1.200000000000001,7.7,0.40000000000000036,8.2,163.0,281.5,0.0,1.0,0.53,0.585,19.0,11.5,20.0,36.0,Good
29.0,26.0,28.0,7.3,8.7,7.9,8.7,298.0,426.0,1.0,1.0,1.16,1.36,9.0,50.0,34.0,140.0,4.4,6.8,2.0,27.0,1.3999999999999995,8.0,0.7999999999999989,8.3,128.0,362.0,0.0,1.0,0.20000000000000018,1.26,41.0,29.5,106.0,87.0,Good
29.0,25.0,30.0,7.0,8.4,7.7,8.5,282.0,518.0,1.0,1.0,0.3,0.3,13.0,78.0,46.0,140.0,2.0,21.0,5.0,27.5,1.4000000000000004,7.7,0.7999999999999998,8.1,236.0,400.0,0.0,1.0,0.0,0.3,65.0,45.5,94.0,93.0,Good
29.0,25.0,30.0,6.3,8.3,7.9,8.5,270.0,770.0,1.0,1.0,0.3,0.3,39.0,170.0,140.0,340.0,11.0,40.0,5.0,27.5,2.000000000000001,7.300000000000001,0.5999999999999996,8.2,500.0,520.0,0.0,1.0,0.0,0.3,131.0,104.5,200.0,240.0,Poor
49.0,20.0,21.0,7.3,7.7,7.6,8.6,322.0,514.0,1.0,1.2,0.79,1.28,2.0,2.0,36.0,58.0,2.0,2.0,1.0,20.5,0.40000000000000036,7.5,1.0,8.1,192.0,418.0,0.19999999999999996,1.1,0.49,1.0350000000000001,0.0,2.0,22.0,47.0,Good
49.0,21.1,24.6,7.5,7.7,7.2,7.8,267.0,394.0,1.2,1.6,0.12,3.95,2.0,23.0,32.0,93.0,2.0,2.0,3.5,22.85,0.20000000000000018,7.6,0.5999999999999996,7.5,127.0,330.5,0.40000000000000013,1.4,3.83,2.035,21.0,12.5,61.0,62.5,Good
49.0,20.0,22.0,1.9,7.7,7.7,8.6,310.0,1165.0,1.0,10.0,1.08,3.3,2.0,40.0,49.0,920.0,2.0,8.0,2.0,21.0,5.800000000000001,4.8,0.8999999999999995,8.15,855.0,737.5,9.0,5.5,2.2199999999999998,2.19,38.0,21.0,871.0,484.5,Poor
49.0,20.2,24.3,7.0,7.8,7.3,8.1,275.0,523.0,1.2,2.0,0.22,1.34,2.0,10.0,17.0,49.0,2.0,2.0,4.100000000000001,22.25,0.7999999999999998,7.4,0.7999999999999998,7.699999999999999,248.0,399.0,0.8,1.6,1.12,0.78,8.0,6.0,32.0,33.0,Poor
49.0,20.1,24.2,6.3,7.8,7.4,8.0,228.0,713.0,1.2,2.2,0.14,1.6,2.0,9.0,17.0,48.0,2.0,2.0,4.099999999999998,22.15,1.5,7.05,0.5999999999999996,7.7,485.0,470.5,1.0000000000000002,1.7000000000000002,1.46,0.8700000000000001,7.0,5.5,31.0,32.5,Poor
49.0,20.9,24.6,6.3,7.9,7.1,8.1,208.0,641.0,1.2,2.0,0.27,1.44,2.0,6.0,10.0,70.0,2.0,2.0,3.700000000000003,22.75,1.6000000000000005,7.1,1.0,7.6,433.0,424.5,0.8,1.6,1.17,0.855,4.0,4.0,60.0,40.0,Poor
49.0,20.3,25.0,5.7,7.9,6.4,7.9,290.0,10850.0,1.8,12.0,0.29,1.6,2.0,14.0,17.0,540.0,4.8,114.6,4.699999999999999,22.65,2.2,6.800000000000001,1.5,7.15,10560.0,5570.0,10.2,6.9,1.31,0.9450000000000001,12.0,8.0,523.0,278.5,Poor
49.0,20.4,24.5,7.1,7.9,7.3,8.1,278.0,497.0,1.0,1.9,0.21,1.34,2.0,12.0,11.0,47.0,2.0,2.0,4.100000000000001,22.45,0.8000000000000007,7.5,0.7999999999999998,7.699999999999999,219.0,387.5,0.8999999999999999,1.45,1.1300000000000001,0.775,10.0,7.0,36.0,29.0,Good
49.0,20.3,24.3,7.2,7.6,7.2,7.8,270.0,521.0,1.0,1.9,0.25,1.34,2.0,10.0,11.0,47.0,2.0,2.0,4.0,22.3,0.39999999999999947,7.4,0.5999999999999996,7.5,251.0,395.5,0.8999999999999999,1.45,1.09,0.795,8.0,6.0,36.0,29.0,Good
49.0,20.0,22.0,6.9,7.8,7.7,8.5,194.0,592.0,1.0,1.6,0.51,1.36,2.0,2.0,40.0,89.0,2.0,2.0,2.0,21.0,0.8999999999999995,7.35,0.7999999999999998,8.1,398.0,393.0,0.6000000000000001,1.3,0.8500000000000001,0.935,0.0,2.0,49.0,64.5,Good
49.0,20.0,22.0,6.6,7.9,7.8,8.9,246.0,1043.0,1.0,3.0,0.71,1.38,2.0,4.0,49.0,210.0,2.0,2.0,2.0,21.0,1.3000000000000007,7.25,1.1000000000000005,8.35,797.0,644.5,2.0,2.0,0.6699999999999999,1.045,2.0,3.0,161.0,129.5,Poor
49.0,20.0,22.0,4.6,7.6,7.7,8.6,220.0,1195.0,1.0,3.0,0.44,49.01,2.0,2.0,2.0,350.0,2.0,2.0,2.0,21.0,3.0,6.1,0.8999999999999995,8.15,975.0,707.5,2.0,2.0,48.57,24.724999999999998,0.0,2.0,348.0,176.0,Poor
49.0,16.0,31.0,7.1,7.7,7.1,8.1,284.0,774.0,1.4,2.0,0.48,5.04,2.0,7.0,10.0,120.0,2.0,2.0,15.0,23.5,0.6000000000000005,7.4,1.0,7.6,490.0,529.0,0.6000000000000001,1.7,4.5600000000000005,2.76,5.0,4.5,110.0,65.0,Poor
29.0,27.0,30.0,6.6,8.0,7.2,8.5,295.0,537.0,1.0,1.9,0.32,1.14,2.0,6.0,4.0,26.0,2.0,2.0,3.0,28.5,1.4000000000000004,7.3,1.2999999999999998,7.85,242.0,416.0,0.8999999999999999,1.45,0.8199999999999998,0.73,4.0,4.0,22.0,15.0,Good
29.0,18.0,32.0,7.0,7.7,6.9,8.5,337.0,600.0,1.0,2.0,0.3,0.52,2.0,4.0,4.0,17.0,2.0,2.0,14.0,25.0,0.7000000000000002,7.35,1.5999999999999996,7.7,263.0,468.5,1.0,1.5,0.22000000000000003,0.41000000000000003,2.0,3.0,13.0,10.5,Poor
29.0,20.0,30.0,7.0,7.6,6.8,8.5,348.0,535.0,1.0,1.9,0.3,6.0,2.0,2.0,2.0,113.0,2.0,2.0,10.0,25.0,0.5999999999999996,7.3,1.7000000000000002,7.65,187.0,441.5,0.8999999999999999,1.45,5.7,3.15,0.0,2.0,111.0,57.5,Good
29.0,18.0,31.0,7.1,8.0,6.8,8.5,404.0,4723.0,1.0,1.9,0.3,0.3,6.0,21.0,24.0,58.0,2.0,6.0,13.0,24.5,0.9000000000000004,7.55,1.7000000000000002,7.65,4319.0,2563.5,0.8999999999999999,1.45,0.0,0.3,15.0,13.5,34.0,41.0,Good
29.0,18.0,31.0,7.0,8.0,6.7,8.5,406.0,775.0,1.0,2.4,0.3,0.84,10.0,14.0,25.0,58.0,2.0,2.0,13.0,24.5,1.0,7.5,1.7999999999999998,7.6,369.0,590.5,1.4,1.7,0.54,0.57,4.0,12.0,33.0,41.5,Poor
29.0,22.0,31.0,6.9,7.4,7.1,8.5,418.0,6192.0,1.0,2.6,0.3,0.3,6.0,17.0,17.0,58.0,2.0,2.0,9.0,26.5,0.5,7.15,1.4000000000000004,7.8,5774.0,3305.0,1.6,1.8,0.0,0.3,11.0,11.5,41.0,37.5,Poor
29.0,24.0,32.0,5.5,7.0,6.7,8.3,5908.0,53650.0,1.6,2.5,0.3,0.3,6.0,14.0,27.0,48.0,2.0,2.0,8.0,28.0,1.5,6.25,1.6000000000000005,7.5,47742.0,29779.0,0.8999999999999999,2.05,0.0,0.3,8.0,10.0,21.0,37.5,Poor
50.0,23.0,23.0,8.2,8.2,8.0,8.0,500.0,500.0,1.0,1.0,1.11,1.11,1200.0,1200.0,1700.0,1700.0,510.0,674.0,0.0,23.0,0.0,8.2,0.0,8.0,0.0,500.0,0.0,1.0,0.0,1.11,0.0,1200.0,0.0,1700.0,Poor
50.0,22.0,22.0,4.8,4.8,8.1,8.1,364.0,364.0,9.6,9.6,1.08,1.08,70.0,70.0,550.0,550.0,25.0,25.0,0.0,22.0,0.0,4.8,0.0,8.1,0.0,364.0,0.0,9.6,0.0,1.08,0.0,70.0,0.0,550.0,Poor
50.0,22.0,22.0,5.0,5.0,8.2,8.2,436.0,436.0,6.2,6.2,2.45,2.45,25.0,25.0,275.0,275.0,13.0,13.0,0.0,22.0,0.0,5.0,0.0,8.2,0.0,436.0,0.0,6.2,0.0,2.45,0.0,25.0,0.0,275.0,Poor
50.0,22.0,24.0,5.1,7.3,7.4,8.0,236.0,8065.0,2.4,4.0,0.39,3.42,2.0,6.0,35.0,58.0,2.0,4.0,2.0,23.0,2.2,6.199999999999999,0.5999999999999996,7.7,7829.0,4150.5,1.6,3.2,3.03,1.905,4.0,4.0,23.0,46.5,Poor
50.0,22.0,25.0,5.6,7.1,7.3,7.9,181.0,5544.0,2.8,3.8,0.79,4.78,2.0,4.0,34.0,55.0,2.0,4.0,3.0,23.5,1.5,6.35,0.6000000000000005,7.6,5363.0,2862.5,1.0,3.3,3.99,2.785,2.0,3.0,21.0,44.5,Poor
50.0,16.0,26.0,5.5,7.3,7.4,7.9,356.0,1001.0,2.6,3.8,1.22,4.1,2.0,6.0,40.0,58.0,2.0,6.0,10.0,21.0,1.7999999999999998,6.4,0.5,7.65,645.0,678.5,1.1999999999999997,3.2,2.88,2.6599999999999997,4.0,4.0,18.0,49.0,Poor
29.0,27.0,34.0,4.6,7.3,6.8,8.3,417.0,2517.0,1.1,2.9,0.36,2.12,27.0,79.0,110.0,280.0,2.0,2.4,7.0,30.5,2.7,5.949999999999999,1.5000000000000009,7.550000000000001,2100.0,1467.0,1.7999999999999998,2.0,1.7600000000000002,1.24,52.0,53.0,170.0,195.0,Poor
50.0,17.0,22.0,5.7,7.0,7.5,7.9,413.0,4899.0,2.8,4.0,1.73,2.71,4.0,8.0,45.0,68.0,2.0,2.0,5.0,19.5,1.2999999999999998,6.35,0.40000000000000036,7.7,4486.0,2656.0,1.2000000000000002,3.4,0.98,2.2199999999999998,4.0,6.0,23.0,56.5,Poor
50.0,16.0,16.0,5.9,5.9,7.4,7.4,411.0,411.0,3.2,3.2,2.64,2.64,4.0,4.0,45.0,45.0,2.0,2.0,0.0,16.0,0.0,5.9,0.0,7.4,0.0,411.0,0.0,3.2,0.0,2.64,0.0,4.0,0.0,45.0,Poor
29.0,23.0,32.0,5.0,7.1,6.8,8.5,712.0,3881.0,1.5,2.8,0.3,0.3,6.0,34.0,17.0,140.0,2.0,2.0,9.0,27.5,2.0999999999999996,6.05,1.7000000000000002,7.65,3169.0,2296.5,1.2999999999999998,2.15,0.0,0.3,28.0,20.0,123.0,78.5,Poor
49.0,18.0,30.0,7.1,7.6,7.1,8.1,288.0,716.0,1.6,2.0,0.47,2.66,2.0,4.0,20.0,70.0,2.0,2.0,12.0,24.0,0.5,7.35,1.0,7.6,428.0,502.0,0.3999999999999999,1.8,2.1900000000000004,1.565,2.0,3.0,50.0,45.0,Poor
50.0,20.0,22.0,6.2,6.2,7.3,7.9,556.0,686.0,3.0,3.0,2.82,3.95,4.0,4.0,40.0,46.0,2.0,2.0,2.0,21.0,0.0,6.2,0.6000000000000005,7.6,130.0,621.0,0.0,3.0,1.1300000000000003,3.385,0.0,4.0,6.0,43.0,Poor
50.0,28.0,28.0,5.9,7.2,7.7,7.7,181.0,502.0,3.0,3.4,0.59,0.6,4.0,6.0,45.0,68.0,2.0,2.0,0.0,28.0,1.2999999999999998,6.550000000000001,0.0,7.7,321.0,341.5,0.3999999999999999,3.2,0.010000000000000009,0.595,2.0,5.0,23.0,56.5,Poor
50.0,18.0,22.0,5.2,6.8,7.3,7.9,295.0,1284.0,2.8,4.0,2.29,3.42,4.0,8.0,45.0,85.0,2.0,2.0,4.0,20.0,1.5999999999999996,6.0,0.6000000000000005,7.6,989.0,789.5,1.2000000000000002,3.4,1.13,2.855,4.0,6.0,40.0,65.0,Poor
50.0,24.0,24.0,5.7,5.7,7.7,7.7,245.0,245.0,3.8,3.8,2.42,2.42,4.0,4.0,58.0,58.0,2.0,2.0,0.0,24.0,0.0,5.7,0.0,7.7,0.0,245.0,0.0,3.8,0.0,2.42,0.0,4.0,0.0,58.0,Poor
50.0,20.0,25.0,5.8,7.4,7.9,7.9,555.0,6174.0,3.0,3.4,0.36,3.12,4.0,4.0,40.0,68.0,2.0,2.0,5.0,22.5,1.6000000000000005,6.6,0.0,7.9,5619.0,3364.5,0.3999999999999999,3.2,2.7600000000000002,1.74,0.0,4.0,28.0,54.0,Poor
50.0,16.0,20.0,5.9,7.1,7.7,7.8,336.0,1340.0,2.8,3.2,1.84,2.58,4.0,6.0,40.0,68.0,2.0,2.0,4.0,18.0,1.1999999999999993,6.5,0.09999999999999964,7.75,1004.0,838.0,0.40000000000000036,3.0,0.74,2.21,2.0,5.0,28.0,54.0,Poor
50.0,22.0,26.0,5.4,6.3,7.8,8.3,715.0,1139.0,3.0,4.5,0.32,6.46,13.0,43.0,110.0,220.0,2.0,2.0,4.0,24.0,0.8999999999999995,5.85,0.5000000000000009,8.05,424.0,927.0,1.5,3.75,6.14,3.39,30.0,28.0,110.0,165.0,Poor
50.0,22.0,27.0,5.3,6.0,7.9,8.3,872.0,1216.0,3.2,4.8,0.32,8.54,17.0,41.0,120.0,280.0,2.0,2.0,5.0,24.5,0.7000000000000002,5.65,0.40000000000000036,8.100000000000001,344.0,1044.0,1.5999999999999996,4.0,8.219999999999999,4.43,24.0,29.0,160.0,200.0,Poor
50.0,20.0,20.0,3.0,5.8,7.8,8.4,710.0,2025.0,3.2,7.0,0.0,7.1,17.0,33.0,110.0,240.0,2.0,2.0,0.0,20.0,2.8,4.4,0.6000000000000005,8.1,1315.0,1367.5,3.8,5.1,7.1,3.55,16.0,25.0,130.0,175.0,Poor
50.0,20.0,20.0,5.1,6.2,7.8,8.5,776.0,6920.0,3.2,3.8,0.0,2.7,21.0,47.0,110.0,280.0,2.0,2.0,0.0,20.0,1.1000000000000005,5.65,0.7000000000000002,8.15,6144.0,3848.0,0.5999999999999996,3.5,2.7,1.35,26.0,34.0,170.0,195.0,Poor
64.0,20.0,26.0,5.3,7.7,7.2,8.0,158.0,338.0,2.1,2.4,0.0,0.0,40.0,56.0,60.0,184.4,3.4,11.0,6.0,23.0,2.4000000000000004,6.5,0.7999999999999998,7.6,180.0,248.0,0.2999999999999998,2.25,0.0,0.0,16.0,48.0,124.4,122.2,Poor
20.0,21.0,26.0,6.5,7.6,7.1,7.8,152.0,336.0,2.2,2.6,0.0,0.0,30.0,58.0,109.6,3425.6,2.0,2.0,5.0,23.5,1.0999999999999996,7.05,0.7000000000000002,7.449999999999999,184.0,244.0,0.3999999999999999,2.4000000000000004,0.0,0.0,28.0,44.0,3316.0,1767.6,Poor
58.0,22.0,28.0,6.5,7.1,7.0,7.7,200.0,336.0,2.1,2.9,0.0,0.0,54.0,78.0,220.2,426.8,3.4,11.0,6.0,25.0,0.5999999999999996,6.8,0.7000000000000002,7.35,136.0,268.0,0.7999999999999998,2.5,0.0,0.0,24.0,66.0,206.60000000000002,323.5,Poor
57.0,21.0,31.0,6.4,7.3,7.2,8.0,174.0,550.0,2.2,2.7,0.0,0.0,6.0,58.0,164.8,579.0,3.6,13.8,10.0,26.0,0.8999999999999995,6.85,0.7999999999999998,7.6,376.0,362.0,0.5,2.45,0.0,0.0,52.0,32.0,414.2,371.9,Poor
84.0,21.4,33.0,7.0,7.5,7.2,8.0,208.0,443.0,2.0,2.4,1.8,4.0,2.0,93.0,20.0,490.0,2.0,2.0,11.600000000000001,27.2,0.5,7.25,0.7999999999999998,7.6,235.0,325.5,0.3999999999999999,2.2,2.2,2.9,91.0,47.5,470.0,255.0,Poor
84.0,20.2,33.0,6.0,8.0,7.3,8.5,205.0,393.0,2.8,4.0,1.3,6.1,4.0,220.0,12.0,1100.0,2.0,2.6,12.8,26.6,2.0,7.0,1.2000000000000002,7.9,188.0,299.0,1.2000000000000002,3.4,4.8,3.6999999999999997,216.0,112.0,1088.0,556.0,Poor
56.0,20.1,32.0,6.6,8.5,7.4,8.0,246.0,420.0,2.2,3.8,1.1,5.3,2.0,210.0,12.0,680.0,2.0,2.6,11.899999999999999,26.05,1.9000000000000004,7.55,0.5999999999999996,7.7,174.0,333.0,1.5999999999999996,3.0,4.199999999999999,3.2,208.0,106.0,668.0,346.0,Poor
59.0,15.0,32.0,6.7,7.4,7.1,8.2,189.0,342.0,1.1,2.6,0.32,1.68,22.0,22.0,21.0,240.0,3.4,10.8,17.0,23.5,0.7000000000000002,7.050000000000001,1.0999999999999996,7.6499999999999995,153.0,265.5,1.5,1.85,1.3599999999999999,1.0,0.0,22.0,219.0,130.5,Poor
63.0,22.0,31.0,6.8,8.4,6.7,8.5,163.0,218.0,1.1,1.5,0.32,0.8,130.0,1700.0,490.0,3500.0,44.2,208.6,9.0,26.5,1.6000000000000005,7.6,1.7999999999999998,7.6,55.0,190.5,0.3999999999999999,1.3,0.48000000000000004,0.56,1570.0,915.0,3010.0,1995.0,Poor
63.0,27.0,28.0,9.6,10.0,7.3,7.6,152.0,229.0,1.0,1.0,0.32,0.49,780.0,780.0,1300.0,1300.0,20.0,20.0,1.0,27.5,0.40000000000000036,9.8,0.2999999999999998,7.449999999999999,77.0,190.5,0.0,1.0,0.16999999999999998,0.405,0.0,780.0,0.0,1300.0,Poor
63.0,23.0,30.0,6.2,7.8,7.1,8.0,178.0,235.0,1.1,1.6,0.32,0.71,130.0,1700.0,460.0,3300.0,2.0,2.0,7.0,26.5,1.5999999999999996,7.0,0.9000000000000004,7.55,57.0,206.5,0.5,1.35,0.38999999999999996,0.515,1570.0,915.0,2840.0,1880.0,Poor
63.0,23.0,30.0,6.2,7.8,7.4,8.5,158.0,240.0,1.5,2.4,0.32,0.61,270.0,2300.0,1700.0,4900.0,2.0,13.0,7.0,26.5,1.5999999999999996,7.0,1.0999999999999996,7.95,82.0,199.0,0.8999999999999999,1.95,0.29,0.46499999999999997,2030.0,1285.0,3200.0,3300.0,Poor
63.0,22.0,31.0,6.4,8.0,7.4,8.3,160.0,247.0,1.2,1.9,0.32,0.62,230.0,2300.0,790.0,4900.0,2.0,17.0,9.0,26.5,1.5999999999999996,7.2,0.9000000000000004,7.8500000000000005,87.0,203.5,0.7,1.5499999999999998,0.3,0.47,2070.0,1265.0,4110.0,2845.0,Poor
63.0,23.0,29.0,7.3,9.9,7.2,8.5,156.0,362.0,1.1,1.6,0.32,0.69,13.0,1300.0,49.0,2400.0,2.0,33.0,6.0,26.0,2.6000000000000005,8.6,1.2999999999999998,7.85,206.0,259.0,0.5,1.35,0.36999999999999994,0.505,1287.0,656.5,2351.0,1224.5,Poor
63.0,23.0,30.0,6.2,10.0,7.3,8.5,150.0,264.0,1.3,2.1,0.32,0.75,49.0,2200.0,240.0,4900.0,2.0,49.0,7.0,26.5,3.8,8.1,1.2000000000000002,7.9,114.0,207.0,0.8,1.7000000000000002,0.43,0.535,2151.0,1124.5,4660.0,2570.0,Poor
63.0,23.0,30.0,6.0,8.0,7.1,8.1,180.0,239.0,1.2,1.9,0.32,0.74,170.0,7900.0,1100.0,24000.0,6.36,500.71999999999997,7.0,26.5,2.0,7.0,1.0,7.6,59.0,209.5,0.7,1.5499999999999998,0.42,0.53,7730.0,4035.0,22900.0,12550.0,Poor
63.0,22.0,32.0,6.6,8.8,6.9,8.2,157.0,245.0,1.2,2.0,0.32,0.62,78.0,2300.0,330.0,4900.0,2.0,79.0,10.0,27.0,2.200000000000001,7.7,1.299999999999999,7.55,88.0,201.0,0.8,1.6,0.3,0.47,2222.0,1189.0,4570.0,2615.0,Poor
63.0,21.0,31.0,5.8,7.6,7.2,8.3,146.0,380.0,1.4,2.2,0.32,0.84,220.0,1700.0,790.0,4900.0,2.0,14.0,10.0,26.0,1.7999999999999998,6.699999999999999,1.1000000000000005,7.75,234.0,263.0,0.8000000000000003,1.8,0.52,0.58,1480.0,960.0,4110.0,2845.0,Poor
63.0,22.0,28.0,5.8,12.4,6.6,8.4,137.0,358.0,1.1,1.8,0.32,2.46,13.0,130.0,78.0,790.0,2.0,5.0,6.0,25.0,6.6000000000000005,9.1,1.8000000000000007,7.5,221.0,247.5,0.7,1.4500000000000002,2.14,1.39,117.0,71.5,712.0,434.0,Poor
63.0,21.0,34.0,6.8,8.2,6.5,8.2,160.0,247.0,1.1,1.5,0.32,402.02,78.0,2300.0,490.0,4900.0,2.0,49.0,13.0,27.5,1.3999999999999995,7.5,1.6999999999999993,7.35,87.0,203.5,0.3999999999999999,1.3,401.7,201.17,2222.0,1189.0,4410.0,2695.0,Poor
63.0,21.0,35.0,6.4,8.6,6.9,8.0,173.0,253.0,1.1,1.7,0.32,1.56,78.0,2200.0,330.0,4700.0,2.0,49.0,14.0,28.0,2.1999999999999993,7.5,1.0999999999999996,7.45,80.0,213.0,0.5999999999999999,1.4,1.24,0.9400000000000001,2122.0,1139.0,4370.0,2515.0,Poor
63.0,20.0,33.0,6.6,8.5,7.1,8.1,180.0,340.0,1.3,2.6,0.32,0.84,1300.0,92000.0,3300.0,160000.0,11.0,240.0,13.0,26.5,1.9000000000000004,7.55,1.0,7.6,160.0,260.0,1.3,1.9500000000000002,0.52,0.58,90700.0,46650.0,156700.0,81650.0,Poor
63.0,23.0,30.0,6.0,7.8,7.1,8.0,162.0,246.0,1.1,2.0,0.32,0.77,23.0,1300.0,79.0,3300.0,20.6,117.2,7.0,26.5,1.7999999999999998,6.9,0.9000000000000004,7.55,84.0,204.0,0.8999999999999999,1.55,0.45,0.545,1277.0,661.5,3221.0,1689.5,Poor
63.0,20.0,32.0,6.4,8.5,7.1,8.4,167.0,248.0,1.5,2.0,0.32,0.95,330.0,13000.0,1700.0,54000.0,5.0,130.0,12.0,26.0,2.0999999999999996,7.45,1.3000000000000007,7.75,81.0,207.5,0.5,1.75,0.6299999999999999,0.635,12670.0,6665.0,52300.0,27850.0,Poor
63.0,24.5,33.4,6.0,8.6,7.2,8.2,158.0,22980.0,1.1,1.4,0.32,0.88,2.0,1300.0,2.0,3300.0,2.0,33.0,8.899999999999999,28.95,2.5999999999999996,7.3,0.9999999999999991,7.699999999999999,22822.0,11569.0,0.2999999999999998,1.25,0.56,0.6,1298.0,651.0,3298.0,1651.0,Poor
63.0,24.4,33.0,5.4,8.4,7.1,8.4,210.0,35410.0,1.4,2.2,0.32,2.48,2.0,1700.0,2.0,4900.0,2.0,49.0,8.600000000000001,28.7,3.0,6.9,1.3000000000000007,7.75,35200.0,17810.0,0.8000000000000003,1.8,2.16,1.4,1698.0,851.0,4898.0,2451.0,Poor
12.0,2.6,29.0,6.8,7.4,7.3,7.6,142.0,492.0,1.2,2.8,0.32,0.8,64.0,1100.0,485.8,5240.0,27.0,207.0,26.4,15.8,0.6000000000000005,7.1,0.2999999999999998,7.449999999999999,350.0,317.0,1.5999999999999999,2.0,0.48000000000000004,0.56,1036.0,582.0,4754.2,2862.9,Poor
84.0,19.0,29.0,6.5,7.2,7.2,7.9,220.0,574.0,2.1,2.6,0.0,0.0,50.0,70.0,172.6,536.6,3.6,13.8,10.0,24.0,0.7000000000000002,6.85,0.7000000000000002,7.550000000000001,354.0,397.0,0.5,2.35,0.0,0.0,20.0,60.0,364.0,354.6,Poor
12.0,2.6,29.0,6.4,7.6,7.4,7.6,189.0,498.0,1.2,2.4,0.0,0.8,9.0,1100.0,215.6,5020.0,27.0,207.0,26.4,15.8,1.1999999999999993,7.0,0.1999999999999993,7.5,309.0,343.5,1.2,1.7999999999999998,0.8,0.4,1091.0,554.5,4804.4,2617.8,Poor
12.0,24.0,29.0,2.2,7.2,7.2,7.9,419.0,518.0,2.0,28.0,0.48,1.05,560.0,560.0,240.0,1100.0,65.8,168.4,5.0,26.5,5.0,4.7,0.7000000000000002,7.550000000000001,99.0,468.5,26.0,15.0,0.5700000000000001,0.765,0.0,560.0,860.0,670.0,Poor
72.0,2.6,29.0,6.8,7.4,7.3,7.6,94.0,504.0,1.4,2.8,0.32,1.1,93.0,1100.0,496.0,3340.0,30.0,169.0,26.4,15.8,0.6000000000000005,7.1,0.2999999999999998,7.449999999999999,410.0,299.0,1.4,2.0999999999999996,0.78,0.7100000000000001,1007.0,596.5,2844.0,1918.0,Poor
63.0,19.0,32.0,7.6,8.4,6.8,8.5,125.0,795.0,1.3,1.7,0.32,1.2,45.0,1300.0,170.0,3300.0,2.0,27.0,13.0,25.5,0.8000000000000007,8.0,1.7000000000000002,7.65,670.0,460.0,0.3999999999999999,1.5,0.8799999999999999,0.76,1255.0,672.5,3130.0,1735.0,Poor
84.0,20.0,29.0,6.4,7.3,7.1,8.2,190.0,2020.0,2.1,2.5,0.0,0.0,34.0,60.0,123.0,474.0,2.4,4.6,9.0,24.5,0.8999999999999995,6.85,1.0999999999999996,7.6499999999999995,1830.0,1105.0,0.3999999999999999,2.3,0.0,0.0,26.0,47.0,351.0,298.5,Poor
14.0,2.6,29.0,2.2,7.2,7.3,8.0,400.0,4120.0,1.8,10.0,0.43,4.03,210.0,11100.0,565.8,827400.0,361.8,1446.0,26.4,15.8,5.0,4.7,0.7000000000000002,7.65,3720.0,2260.0,8.2,5.9,3.6,2.23,10890.0,5655.0,826834.2,413982.9,Poor
14.0,2.4,29.0,4.0,7.2,7.1,7.9,400.0,539.0,2.0,12.0,0.43,2.26,220.0,1100.0,558.0,2480.0,78.4,312.4,26.6,15.7,3.2,5.6,0.8000000000000007,7.5,139.0,469.5,10.0,7.0,1.8299999999999998,1.345,880.0,660.0,1922.0,1519.0,Poor
60.0,22.0,32.0,6.2,6.9,7.1,7.6,194.0,482.0,2.1,2.9,0.0,0.0,56.0,80.0,453.8,1054.0,4.8,27.0,10.0,27.0,0.7000000000000002,6.550000000000001,0.5,7.35,288.0,338.0,0.7999999999999998,2.5,0.0,0.0,24.0,68.0,600.2,753.9,Poor
84.0,24.1,26.2,0.3,8.6,7.2,7.4,126.0,1326.0,1.0,1.2,0.37,0.53,4.0,22.0,24.0,49.0,2.0,2.2,2.099999999999998,25.15,8.299999999999999,4.45,0.20000000000000018,7.300000000000001,1200.0,726.0,0.19999999999999996,1.1,0.16000000000000003,0.45,18.0,13.0,25.0,36.5,Good
84.0,20.1,33.0,6.0,7.2,7.2,8.0,160.0,374.0,1.8,3.1,2.2,4.4,12.0,170.0,28.0,630.0,2.0,2.6,12.899999999999999,26.55,1.2000000000000002,6.6,0.7999999999999998,7.6,214.0,267.0,1.3,2.45,2.2,3.3000000000000003,158.0,91.0,602.0,329.0,Poor
11.0,24.5,26.2,7.2,8.0,7.2,7.6,149.0,1524.0,1.0,1.8,0.61,1.1,13.0,37.0,34.0,150.0,2.0,4.4,1.6999999999999993,25.35,0.7999999999999998,7.6,0.39999999999999947,7.4,1375.0,836.5,0.8,1.4,0.4900000000000001,0.855,24.0,25.0,116.0,92.0,Good
13.0,24.5,26.2,7.2,7.8,7.1,7.5,136.0,1442.0,1.0,1.6,0.47,0.93,9.0,25.0,21.0,58.0,2.0,2.2,1.6999999999999993,25.35,0.5999999999999996,7.5,0.40000000000000036,7.3,1306.0,789.0,0.6000000000000001,1.3,0.4600000000000001,0.7,16.0,17.0,37.0,39.5,Good
84.0,24.7,26.3,7.6,8.2,7.2,7.5,141.0,1565.0,1.0,1.0,0.44,0.82,2.0,4.0,2.0,22.0,2.0,2.0,1.6000000000000014,25.5,0.5999999999999996,7.8999999999999995,0.2999999999999998,7.35,1424.0,853.0,0.0,1.0,0.37999999999999995,0.63,2.0,3.0,20.0,12.0,Good
63.0,22.0,32.0,5.4,8.1,6.5,7.8,107.0,180.0,1.1,1.9,0.32,0.83,45.0,1700.0,330.0,3500.0,360.2,450.6,10.0,27.0,2.6999999999999993,6.75,1.2999999999999998,7.15,73.0,143.5,0.7999999999999998,1.5,0.51,0.575,1655.0,872.5,3170.0,1915.0,Poor
63.0,18.0,32.0,7.8,8.6,6.8,8.3,98.0,333.0,1.1,1.5,0.32,1.37,230.0,1700.0,940.0,3500.0,67.8,259.8,14.0,25.0,0.7999999999999998,8.2,1.5000000000000009,7.550000000000001,235.0,215.5,0.3999999999999999,1.3,1.05,0.8450000000000001,1470.0,965.0,2560.0,2220.0,Poor
63.0,17.0,33.0,7.6,8.2,6.7,8.5,115.0,338.0,1.4,1.8,0.32,1.09,130.0,1700.0,790.0,4900.0,6.2,41.2,16.0,25.0,0.5999999999999996,7.8999999999999995,1.7999999999999998,7.6,223.0,226.5,0.40000000000000013,1.6,0.77,0.7050000000000001,1570.0,915.0,4110.0,2845.0,Poor
63.0,18.0,33.0,7.6,8.2,6.8,8.2,120.0,265.0,1.1,1.9,0.32,1.38,110.0,790.0,490.0,2400.0,113.2,306.0,15.0,25.5,0.5999999999999996,7.8999999999999995,1.3999999999999995,7.5,145.0,192.5,0.7999999999999998,1.5,1.0599999999999998,0.85,680.0,450.0,1910.0,1445.0,Poor
63.0,22.0,30.0,6.3,8.6,7.2,8.5,149.0,280.0,1.1,3.9,0.32,1.34,35000.0,160000.0,92000.0,160000.0,49.0,220.0,8.0,26.0,2.3,7.449999999999999,1.2999999999999998,7.85,131.0,214.5,2.8,2.5,1.02,0.8300000000000001,125000.0,97500.0,68000.0,126000.0,Poor
63.0,21.0,31.0,6.3,9.2,6.8,7.8,150.0,253.0,1.1,1.7,0.32,2.79,490.0,4900.0,1700.0,14000.0,11.0,110.0,10.0,26.0,2.8999999999999995,7.75,1.0,7.3,103.0,201.5,0.5999999999999999,1.4,2.47,1.555,4410.0,2695.0,12300.0,7850.0,Poor
63.0,20.0,33.0,2.8,7.1,6.7,7.5,162.0,430.0,2.8,5.7,0.32,4.4,3300.0,92000.0,9200.0,160000.0,22.0,540.0,13.0,26.5,4.3,4.949999999999999,0.7999999999999998,7.1,268.0,296.0,2.9000000000000004,4.25,4.08,2.3600000000000003,88700.0,47650.0,150800.0,84600.0,Poor
63.0,21.0,31.0,6.1,10.5,6.8,7.7,183.0,241.0,1.3,1.8,0.32,0.67,130.0,2200.0,790.0,4900.0,5.0,79.0,10.0,26.0,4.4,8.3,0.9000000000000004,7.25,58.0,212.0,0.5,1.55,0.35000000000000003,0.495,2070.0,1165.0,4110.0,2845.0,Poor
63.0,22.0,31.0,6.8,8.8,7.3,8.4,160.0,2478.0,1.2,2.1,0.32,1.33,170.0,4900.0,1300.0,17000.0,6.2,490.8,9.0,26.5,2.000000000000001,7.800000000000001,1.1000000000000005,7.85,2318.0,1319.0,0.9000000000000001,1.65,1.01,0.8250000000000001,4730.0,2535.0,15700.0,9150.0,Poor
10.0,21.2,32.5,5.8,7.0,6.8,9.0,376.0,928.0,2.8,4.7,2.2,6.0,20.0,130.0,70.0,490.0,6.2,10.8,11.3,26.85,1.2000000000000002,6.4,2.2,7.9,552.0,652.0,1.9000000000000004,3.75,3.8,4.1,110.0,75.0,420.0,280.0,Poor
84.0,15.2,30.0,6.8,7.4,7.1,7.9,192.0,367.0,1.4,2.9,0.84,1.18,13.0,13.0,39.0,460.0,2.0,2.2,14.8,22.6,0.6000000000000005,7.1,0.8000000000000007,7.5,175.0,279.5,1.5,2.15,0.33999999999999997,1.01,0.0,13.0,421.0,249.5,Poor
84.0,15.0,32.0,6.0,7.4,7.3,8.7,194.0,682.0,1.8,3.8,0.98,1.42,50.0,50.0,64.0,460.0,2.4,5.6,17.0,23.5,1.4000000000000004,6.7,1.3999999999999995,8.0,488.0,438.0,1.9999999999999998,2.8,0.43999999999999995,1.2,0.0,50.0,396.0,262.0,Poor
63.0,20.0,33.0,3.0,7.3,6.9,7.7,155.0,426.0,2.3,4.8,0.38,4.79,1700.0,54000.0,3500.0,92000.0,17.0,240.0,13.0,26.5,4.3,5.15,0.7999999999999998,7.300000000000001,271.0,290.5,2.5,3.55,4.41,2.585,52300.0,27850.0,88500.0,47750.0,Poor
63.0,23.0,32.0,6.2,9.4,7.1,8.4,137.0,282.0,1.2,1.7,0.32,0.59,230.0,2200.0,1100.0,4900.0,5.0,79.0,9.0,27.5,3.2,7.800000000000001,1.3000000000000007,7.75,145.0,209.5,0.5,1.45,0.26999999999999996,0.45499999999999996,1970.0,1215.0,3800.0,3000.0,Poor
63.0,19.0,35.0,3.4,9.5,6.6,8.0,143.0,472.0,1.2,2.4,0.32,7.43,220.0,160000.0,1300.0,160000.0,5.0,130.0,16.0,27.0,6.1,6.45,1.4000000000000004,7.3,329.0,307.5,1.2,1.7999999999999998,7.109999999999999,3.875,159780.0,80110.0,158700.0,80650.0,Poor
63.0,22.0,30.0,6.3,9.2,7.2,8.5,153.0,252.0,1.1,1.6,0.32,0.59,130.0,1300.0,490.0,3300.0,67.8,259.8,8.0,26.0,2.8999999999999995,7.75,1.2999999999999998,7.85,99.0,202.5,0.5,1.35,0.26999999999999996,0.45499999999999996,1170.0,715.0,2810.0,1895.0,Poor
63.0,21.0,31.0,6.0,8.8,7.2,8.4,151.0,361.0,1.5,4.2,0.32,1.43,7900.0,160000.0,24000.0,160000.0,23.0,240.0,10.0,26.0,2.8000000000000007,7.4,1.2000000000000002,7.800000000000001,210.0,256.0,2.7,2.85,1.1099999999999999,0.875,152100.0,83950.0,136000.0,92000.0,Poor
63.0,22.0,31.0,7.0,8.6,7.1,8.3,202.0,388.0,1.3,3.9,0.32,1.12,1300.0,92000.0,4900.0,160000.0,13.0,170.0,9.0,26.5,1.5999999999999996,7.8,1.200000000000001,7.7,186.0,295.0,2.5999999999999996,2.6,0.8,0.7200000000000001,90700.0,46650.0,155100.0,82450.0,Poor
63.0,22.0,32.0,6.6,8.5,7.3,8.5,158.0,327.0,1.3,2.5,0.32,0.98,330.0,7900.0,1700.0,22000.0,6.36,500.71999999999997,10.0,27.0,1.9000000000000004,7.55,1.2000000000000002,7.9,169.0,242.5,1.2,1.9,0.6599999999999999,0.65,7570.0,4115.0,20300.0,11850.0,Poor
63.0,23.5,32.8,2.4,5.5,7.1,8.2,168.0,1843.0,1.1,2.2,0.32,0.81,330.0,4900.0,1100.0,24000.0,5.76,536.92,9.299999999999997,28.15,3.1,3.95,1.0999999999999996,7.6499999999999995,1675.0,1005.5,1.1,1.6500000000000001,0.49000000000000005,0.5650000000000001,4570.0,2615.0,22900.0,12550.0,Poor
63.0,24.5,33.7,2.0,5.2,6.9,8.2,205.0,2453.0,1.5,2.6,0.32,0.84,790.0,24000.0,1700.0,54000.0,33.0,340.4,9.200000000000003,29.1,3.2,3.6,1.299999999999999,7.55,2248.0,1329.0,1.1,2.05,0.52,0.58,23210.0,12395.0,52300.0,27850.0,Poor
63.0,24.1,33.2,5.2,7.8,7.1,8.3,182.0,24860.0,1.2,2.0,0.32,0.94,78.0,2200.0,230.0,4900.0,35.6,155.2,9.100000000000001,28.650000000000002,2.5999999999999996,6.5,1.200000000000001,7.7,24678.0,12521.0,0.8,1.6,0.6199999999999999,0.63,2122.0,1139.0,4670.0,2565.0,Poor
63.0,20.0,30.0,0.3,2.2,6.7,7.4,172.0,449.0,6.3,15.0,0.32,15.71,16000.0,160000.0,16000.0,160000.0,70.0,920.0,10.0,25.0,1.9000000000000001,1.25,0.7000000000000002,7.050000000000001,277.0,310.5,8.7,10.65,15.39,8.015,144000.0,88000.0,144000.0,88000.0,Poor
63.0,22.0,32.0,0.3,3.3,4.7,7.2,201.0,702.0,7.7,18.0,0.32,13.22,2.0,160000.0,2.0,160000.0,2.0,350.0,10.0,27.0,3.0,1.7999999999999998,2.5,5.95,501.0,451.5,10.3,12.85,12.9,6.7700000000000005,159998.0,80001.0,159998.0,80001.0,Poor
63.0,22.0,32.0,0.3,3.3,6.6,7.2,268.0,580.0,8.0,18.0,0.32,10.57,2.0,160000.0,2.0,160000.0,2.0,280.0,10.0,27.0,3.0,1.7999999999999998,0.6000000000000005,6.9,312.0,424.0,10.0,13.0,10.25,5.445,159998.0,80001.0,159998.0,80001.0,Poor
63.0,20.0,32.0,0.9,4.5,6.8,7.9,195.0,502.0,5.0,18.0,0.32,6.02,7900.0,160000.0,24000.0,160000.0,79.0,280.0,12.0,26.0,3.6,2.7,1.1000000000000005,7.35,307.0,348.5,13.0,11.5,5.699999999999999,3.17,152100.0,83950.0,136000.0,92000.0,Poor
63.0,19.0,32.0,5.1,9.1,7.1,7.6,180.0,267.0,1.2,1.7,0.32,0.78,330.0,54000.0,1700.0,160000.0,116.2,3456.0,13.0,25.5,4.0,7.1,0.5,7.35,87.0,223.5,0.5,1.45,0.46,0.55,53670.0,27165.0,158300.0,80850.0,Poor
63.0,22.0,32.0,4.9,8.8,6.8,7.8,131.0,282.0,1.1,1.6,0.32,4.97,130.0,3300.0,490.0,11000.0,20.4,513.4,10.0,27.0,3.9000000000000004,6.8500000000000005,1.0,7.3,151.0,206.5,0.5,1.35,4.6499999999999995,2.645,3170.0,1715.0,10510.0,5745.0,Poor
63.0,22.0,34.5,4.3,8.4,6.9,7.8,164.0,348.0,1.2,1.7,0.32,1.47,940.0,54000.0,2800.0,160000.0,116.2,3456.0,12.5,28.25,4.1000000000000005,6.35,0.8999999999999995,7.35,184.0,256.0,0.5,1.45,1.15,0.895,53060.0,27470.0,157200.0,81400.0,Poor
63.0,20.0,32.0,4.8,9.1,6.9,8.2,138.0,360.0,1.1,2.1,0.32,0.64,78.0,1700.0,330.0,2800.0,367.2,460.4,12.0,26.0,4.3,6.949999999999999,1.299999999999999,7.55,222.0,249.0,1.0,1.6,0.32,0.48,1622.0,889.0,2470.0,1565.0,Poor
63.0,23.0,34.0,4.4,13.0,7.1,8.5,166.0,14710.0,1.7,3.6,0.33,5.17,130.0,2200.0,490.0,4900.0,2.0,24.0,11.0,28.5,8.6,8.7,1.4000000000000004,7.8,14544.0,7438.0,1.9000000000000001,2.65,4.84,2.75,2070.0,1165.0,4410.0,2695.0,Poor
63.0,20.5,32.0,4.6,9.2,6.9,8.3,148.0,280.0,1.2,2.6,0.32,0.74,45.0,2200.0,230.0,4900.0,2.0,48.0,11.5,26.25,4.6,6.8999999999999995,1.4000000000000004,7.6000000000000005,132.0,214.0,1.4000000000000001,1.9,0.42,0.53,2155.0,1122.5,4670.0,2565.0,Poor
63.0,19.0,34.0,5.5,8.2,6.6,7.8,178.0,355.0,1.1,2.2,0.32,1.54,490.0,2300.0,1400.0,4900.0,3.2,44.2,15.0,26.5,2.6999999999999993,6.85,1.2000000000000002,7.199999999999999,177.0,266.5,1.1,1.6500000000000001,1.22,0.93,1810.0,1395.0,3500.0,3150.0,Poor
63.0,20.0,34.5,5.0,10.2,6.8,8.1,410.0,4657.0,1.4,2.4,0.32,1.5,210.0,2400.0,700.0,4900.0,347.8,555.2,14.5,27.25,5.199999999999999,7.6,1.2999999999999998,7.449999999999999,4247.0,2533.5,1.0,1.9,1.18,0.91,2190.0,1305.0,4200.0,2800.0,Poor
63.0,18.5,33.0,5.1,7.3,6.9,7.7,176.0,957.0,1.2,1.9,0.32,1.04,230.0,2300.0,1100.0,4900.0,2.0,33.0,14.5,25.75,2.2,6.199999999999999,0.7999999999999998,7.300000000000001,781.0,566.5,0.7,1.5499999999999998,0.72,0.68,2070.0,1265.0,3800.0,3000.0,Poor
63.0,20.0,34.0,4.8,10.8,6.9,7.7,145.0,323.0,1.1,1.8,0.32,2.87,330.0,35000.0,1700.0,92000.0,7.0,94.0,14.0,27.0,6.000000000000001,7.800000000000001,0.7999999999999998,7.300000000000001,178.0,234.0,0.7,1.4500000000000002,2.5500000000000003,1.595,34670.0,17665.0,90300.0,46850.0,Poor
63.0,19.0,32.0,5.3,7.7,6.6,7.9,150.0,276.0,1.2,2.4,0.32,2.19,2.0,2300.0,2.0,4900.0,2.0,49.0,13.0,25.5,2.4000000000000004,6.5,1.3000000000000007,7.25,126.0,213.0,1.2,1.7999999999999998,1.8699999999999999,1.255,2298.0,1151.0,4898.0,2451.0,Poor
63.0,21.0,35.0,5.2,7.9,7.2,7.9,428.0,1208.0,1.1,1.9,0.32,1.72,790.0,2400.0,2200.0,4900.0,5.0,46.0,14.0,28.0,2.7,6.550000000000001,0.7000000000000002,7.550000000000001,780.0,818.0,0.7999999999999998,1.5,1.4,1.02,1610.0,1595.0,2700.0,3550.0,Poor
63.0,23.0,30.0,6.7,10.1,7.6,8.4,109.0,246.0,1.1,1.7,0.32,7.29,45.0,1100.0,130.0,3500.0,42.2,166.6,7.0,26.5,3.3999999999999995,8.4,0.8000000000000007,8.0,137.0,177.5,0.5999999999999999,1.4,6.97,3.805,1055.0,572.5,3370.0,1815.0,Poor
63.0,20.0,30.0,6.0,9.6,6.6,8.1,410.0,34030.0,1.1,1.9,0.32,0.88,45.0,1300.0,330.0,4700.0,2.0,91.6,10.0,25.0,3.5999999999999996,7.8,1.5,7.35,33620.0,17220.0,0.7999999999999998,1.5,0.56,0.6,1255.0,672.5,4370.0,2515.0,Poor
84.0,24.7,26.3,7.0,8.0,7.2,7.7,158.0,1722.0,1.0,2.4,0.69,1.16,14.0,40.0,49.0,170.0,2.4,6.8,1.6000000000000014,25.5,1.0,7.5,0.5,7.45,1564.0,940.0,1.4,1.7,0.47,0.9249999999999999,26.0,27.0,121.0,109.5,Poor
63.0,24.0,30.0,5.6,10.1,7.8,8.5,190.0,340.0,1.1,1.6,0.32,0.81,33.0,790.0,94.0,2400.0,34.4,74.6,6.0,27.0,4.5,7.85,0.7000000000000002,8.15,150.0,265.0,0.5,1.35,0.49000000000000005,0.5650000000000001,757.0,411.5,2306.0,1247.0,Poor
63.0,25.0,32.5,4.1,7.6,7.1,7.8,300.0,42600.0,1.2,1.4,0.32,1.27,78.0,2300.0,330.0,4900.0,2.0,91.6,7.5,28.75,3.5,5.85,0.7000000000000002,7.449999999999999,42300.0,21450.0,0.19999999999999996,1.2999999999999998,0.95,0.795,2222.0,1189.0,4570.0,2615.0,Poor
63.0,25.2,32.2,5.1,7.7,7.3,8.4,176.0,40570.0,1.2,1.4,0.32,1.72,45.0,1300.0,330.0,3500.0,2.0,91.6,7.0000000000000036,28.700000000000003,2.6000000000000005,6.4,1.1000000000000005,7.85,40394.0,20373.0,0.19999999999999996,1.2999999999999998,1.4,1.02,1255.0,672.5,3170.0,1915.0,Poor
63.0,25.0,33.4,4.9,7.1,6.8,7.9,295.0,42210.0,1.2,2.2,0.32,2.9,45.0,1300.0,330.0,3500.0,2.0,91.6,8.399999999999999,29.2,2.1999999999999993,6.0,1.1000000000000005,7.35,41915.0,21252.5,1.0000000000000002,1.7000000000000002,2.58,1.6099999999999999,1255.0,672.5,3170.0,1915.0,Poor
63.0,25.2,32.0,4.5,7.6,7.1,8.0,1384.0,41900.0,1.2,1.9,0.32,1.51,20.0,1300.0,130.0,3500.0,2.0,91.6,6.800000000000001,28.6,3.0999999999999996,6.05,0.9000000000000004,7.55,40516.0,21642.0,0.7,1.5499999999999998,1.19,0.915,1280.0,660.0,3370.0,1815.0,Poor
63.0,25.0,33.1,4.8,6.2,6.9,8.1,365.0,36540.0,1.1,2.5,0.32,31.02,130.0,3300.0,330.0,7900.0,35.6,150.8,8.100000000000001,29.05,1.4000000000000004,5.5,1.1999999999999993,7.5,36175.0,18452.5,1.4,1.8,30.7,15.67,3170.0,1715.0,7570.0,4115.0,Poor
63.0,19.0,31.0,6.2,7.5,6.8,8.0,80.0,164.0,1.1,1.8,0.32,1.58,110.0,1300.0,490.0,4000.0,5.0,18.8,12.0,25.0,1.2999999999999998,6.85,1.2000000000000002,7.4,84.0,122.0,0.7,1.4500000000000002,1.26,0.9500000000000001,1190.0,705.0,3510.0,2245.0,Poor
63.0,21.0,29.0,6.2,9.6,6.8,8.0,103.0,178.0,1.1,1.9,0.32,0.65,130.0,790.0,490.0,2400.0,113.2,306.0,8.0,25.0,3.3999999999999995,7.9,1.2000000000000002,7.4,75.0,140.5,0.7999999999999998,1.5,0.33,0.485,660.0,460.0,1910.0,1445.0,Poor
63.0,21.0,23.0,6.2,8.5,7.1,8.2,110.0,328.0,1.1,2.6,0.32,3.35,130.0,4900.0,330.0,24000.0,5.16,117.92,2.0,22.0,2.3,7.35,1.0999999999999996,7.6499999999999995,218.0,219.0,1.5,1.85,3.0300000000000002,1.835,4770.0,2515.0,23670.0,12165.0,Poor
63.0,19.0,29.0,6.0,7.3,6.8,8.1,73.0,153.0,1.1,1.5,0.32,1.08,45.0,700.0,330.0,2200.0,106.2,296.0,10.0,24.0,1.2999999999999998,6.65,1.2999999999999998,7.449999999999999,80.0,113.0,0.3999999999999999,1.3,0.76,0.7000000000000001,655.0,372.5,1870.0,1265.0,Poor
63.0,19.0,30.0,6.4,7.4,6.7,8.1,70.0,151.0,1.1,1.4,0.32,1.42,110.0,790.0,330.0,2200.0,113.2,306.0,11.0,24.5,1.0,6.9,1.3999999999999995,7.4,81.0,110.5,0.2999999999999998,1.25,1.0999999999999999,0.87,680.0,450.0,1870.0,1265.0,Poor
63.0,20.0,32.0,6.2,7.3,6.8,8.0,112.0,168.0,1.1,1.8,0.32,1.49,78.0,1300.0,330.0,4900.0,9.2,41.6,12.0,26.0,1.0999999999999996,6.75,1.2000000000000002,7.4,56.0,140.0,0.7,1.4500000000000002,1.17,0.905,1222.0,689.0,4570.0,2615.0,Poor
63.0,20.0,29.3,6.3,7.0,6.7,8.1,93.0,140.0,1.1,1.7,0.32,1.51,2.0,1700.0,330.0,2400.0,1700.0,1700.0,9.3,24.65,0.7000000000000002,6.65,1.3999999999999995,7.4,47.0,116.5,0.5999999999999999,1.4,1.19,0.915,1698.0,851.0,2070.0,1365.0,Poor
63.0,20.0,32.0,4.8,9.2,6.6,7.8,140.0,20550.0,1.1,2.0,0.32,1.38,170.0,2200.0,490.0,4900.0,4.8,194.4,12.0,26.0,4.3999999999999995,7.0,1.2000000000000002,7.199999999999999,20410.0,10345.0,0.8999999999999999,1.55,1.0599999999999998,0.85,2030.0,1185.0,4410.0,2695.0,Poor
63.0,20.0,32.0,4.4,9.2,6.5,8.3,150.0,21870.0,1.3,2.1,0.32,1.9,170.0,4900.0,490.0,17000.0,37.4,167.4,12.0,26.0,4.799999999999999,6.8,1.8000000000000007,7.4,21720.0,11010.0,0.8,1.7000000000000002,1.5799999999999998,1.1099999999999999,4730.0,2535.0,16510.0,8745.0,Poor
63.0,20.0,30.0,4.8,9.2,6.7,8.4,105.0,322.0,1.1,1.6,0.32,2.24,130.0,24000.0,790.0,54000.0,32.4,422.4,10.0,25.0,4.3999999999999995,7.0,1.7000000000000002,7.550000000000001,217.0,213.5,0.5,1.35,1.9200000000000002,1.28,23870.0,12065.0,53210.0,27395.0,Poor
63.0,20.0,30.0,4.4,9.6,6.6,8.2,98.0,380.0,1.2,1.9,0.32,1.69,330.0,7900.0,1700.0,22000.0,6.36,500.71999999999997,10.0,25.0,5.199999999999999,7.0,1.5999999999999996,7.3999999999999995,282.0,239.0,0.7,1.5499999999999998,1.3699999999999999,1.005,7570.0,4115.0,20300.0,11850.0,Poor
63.0,20.0,29.0,6.8,8.5,6.7,8.5,144.0,322.0,1.1,2.0,0.32,1.42,130.0,3300.0,330.0,11000.0,17.4,512.6,9.0,24.5,1.7000000000000002,7.65,1.7999999999999998,7.6,178.0,233.0,0.8999999999999999,1.55,1.0999999999999999,0.87,3170.0,1715.0,10670.0,5665.0,Poor
63.0,25.2,32.0,4.5,7.6,7.1,8.0,1384.0,41900.0,1.2,1.9,0.32,1.51,20.0,1300.0,130.0,3500.0,2.0,91.6,6.800000000000001,28.6,3.0999999999999996,6.05,0.9000000000000004,7.55,40516.0,21642.0,0.7,1.5499999999999998,1.19,0.915,1280.0,660.0,3370.0,1815.0,Poor
63.0,22.0,31.0,5.0,8.8,6.9,8.2,114.0,218.0,1.1,1.7,0.32,3.24,140.0,2300.0,490.0,4900.0,2.6,54.6,9.0,26.5,3.8000000000000007,6.9,1.299999999999999,7.55,104.0,166.0,0.5999999999999999,1.4,2.9200000000000004,1.78,2160.0,1220.0,4410.0,2695.0,Poor
63.0,21.0,31.0,2.4,7.0,6.6,7.8,188.0,625.0,3.2,5.7,0.72,18.78,4900.0,54000.0,9400.0,92000.0,22.0,350.0,10.0,26.0,4.6,4.7,1.2000000000000002,7.199999999999999,437.0,406.5,2.5,4.45,18.060000000000002,9.75,49100.0,29450.0,82600.0,50700.0,Poor
63.0,23.0,32.0,2.8,7.8,6.7,7.8,141.0,368.0,3.4,5.3,0.75,11.44,33.0,17000.0,7000.0,54000.0,17.0,130.0,9.0,27.5,5.0,5.3,1.0999999999999996,7.25,227.0,254.5,1.9,4.35,10.69,6.095,16967.0,8516.5,47000.0,30500.0,Poor
63.0,17.0,34.0,5.4,8.1,6.6,8.1,110.0,263.0,1.5,2.8,0.32,6.84,13.0,2300.0,130.0,4900.0,2.0,14.0,17.0,25.5,2.6999999999999993,6.75,1.5,7.35,153.0,186.5,1.2999999999999998,2.15,6.52,3.58,2287.0,1156.5,4770.0,2515.0,Poor
63.0,16.0,34.0,6.1,10.5,6.7,8.1,112.0,246.0,1.1,2.1,0.34,6.28,13.0,24000.0,130.0,54000.0,32.4,422.4,18.0,25.0,4.4,8.3,1.3999999999999995,7.4,134.0,179.0,1.0,1.6,5.94,3.31,23987.0,12006.5,53870.0,27065.0,Poor
63.0,22.0,29.0,6.0,9.8,7.1,8.5,114.0,185.0,1.1,2.0,0.32,0.7,17.0,490.0,45.0,2400.0,34.4,72.2,7.0,25.5,3.8000000000000007,7.9,1.4000000000000004,7.8,71.0,149.5,0.8999999999999999,1.55,0.37999999999999995,0.51,473.0,253.5,2355.0,1222.5,Poor
63.0,23.0,30.0,6.2,10.2,7.1,8.4,116.0,158.0,1.1,1.9,0.32,0.75,130.0,1700.0,490.0,4900.0,5.6,41.6,7.0,26.5,3.999999999999999,8.2,1.3000000000000007,7.75,42.0,137.0,0.7999999999999998,1.5,0.43,0.535,1570.0,915.0,4410.0,2695.0,Poor
63.0,23.0,30.0,6.4,9.8,7.1,8.3,113.0,176.0,1.2,1.5,0.32,0.58,45.0,790.0,330.0,2400.0,113.2,306.0,7.0,26.5,3.4000000000000004,8.100000000000001,1.200000000000001,7.7,63.0,144.5,0.30000000000000004,1.35,0.25999999999999995,0.44999999999999996,745.0,417.5,2070.0,1365.0,Poor
63.0,23.0,28.0,5.6,9.2,6.9,8.1,126.0,233.0,1.3,1.7,0.32,0.59,78.0,330.0,290.0,1300.0,2.4,7.6,5.0,25.5,3.5999999999999996,7.3999999999999995,1.1999999999999993,7.5,107.0,179.5,0.3999999999999999,1.5,0.26999999999999996,0.45499999999999996,252.0,204.0,1010.0,795.0,Poor
63.0,22.0,28.0,6.2,8.6,7.1,8.1,143.0,224.0,1.2,2.1,0.32,1.28,330.0,1700.0,940.0,3500.0,115.4,352.4,6.0,25.0,2.3999999999999995,7.4,1.0,7.6,81.0,183.5,0.9000000000000001,1.65,0.96,0.8,1370.0,1015.0,2560.0,2220.0,Poor
63.0,23.0,29.0,6.8,9.0,6.9,7.5,134.0,227.0,1.4,1.8,0.32,1.62,330.0,2400.0,1700.0,4900.0,3.2,38.0,6.0,26.0,2.2,7.9,0.5999999999999996,7.2,93.0,180.5,0.40000000000000013,1.6,1.3,0.9700000000000001,2070.0,1365.0,3200.0,3300.0,Poor
63.0,22.0,28.0,6.8,9.0,7.1,8.2,136.0,187.0,1.1,2.4,0.32,0.67,130.0,1300.0,490.0,2800.0,433.0,702.0,6.0,25.0,2.2,7.9,1.0999999999999996,7.6499999999999995,51.0,161.5,1.2999999999999998,1.75,0.35000000000000003,0.495,1170.0,715.0,2310.0,1645.0,Poor
63.0,24.0,29.0,6.0,9.0,6.5,7.6,133.0,386.0,1.1,1.6,0.32,2.82,78.0,2300.0,490.0,4600.0,2.6,54.6,5.0,26.5,3.0,7.5,1.0999999999999996,7.05,253.0,259.5,0.5,1.35,2.5,1.5699999999999998,2222.0,1189.0,4110.0,2545.0,Poor
63.0,21.0,23.0,6.0,8.9,6.6,8.1,110.0,325.0,1.1,1.6,0.32,1.33,78.0,1700.0,330.0,3300.0,360.2,450.4,2.0,22.0,2.9000000000000004,7.45,1.5,7.35,215.0,217.5,0.5,1.35,1.01,0.8250000000000001,1622.0,889.0,2970.0,1815.0,Poor
63.0,21.0,24.0,6.2,8.6,6.9,8.2,135.0,178.0,1.3,1.6,0.32,1.66,130.0,24000.0,790.0,54000.0,32.4,422.4,3.0,22.5,2.3999999999999995,7.4,1.299999999999999,7.55,43.0,156.5,0.30000000000000004,1.4500000000000002,1.3399999999999999,0.99,23870.0,12065.0,53210.0,27395.0,Poor
63.0,21.0,24.0,6.4,8.7,6.5,8.4,131.0,186.0,1.1,1.9,0.32,1.2,110.0,2200.0,490.0,9400.0,15.6,87.4,3.0,22.5,2.299999999999999,7.55,1.9000000000000004,7.45,55.0,158.5,0.7999999999999998,1.5,0.8799999999999999,0.76,2090.0,1155.0,8910.0,4945.0,Poor
63.0,24.1,33.5,5.8,8.6,7.3,8.2,165.0,233.0,1.1,1.4,0.32,0.88,330.0,1700.0,1300.0,4000.0,3.2,37.4,9.399999999999999,28.8,2.8,7.199999999999999,0.8999999999999995,7.75,68.0,199.0,0.2999999999999998,1.25,0.56,0.6,1370.0,1015.0,2700.0,2650.0,Poor
63.0,23.0,32.0,3.2,9.0,6.5,8.5,140.0,345.0,1.8,4.8,0.52,7.32,78.0,2300.0,330.0,7900.0,2.0,23.0,9.0,27.5,5.8,6.1,2.0,7.5,205.0,242.5,3.0,3.3,6.800000000000001,3.92,2222.0,1189.0,7570.0,4115.0,Poor
63.0,23.0,29.0,6.4,8.6,6.5,7.6,124.0,187.0,1.1,1.9,0.32,0.7,1700.0,17000.0,3500.0,35000.0,14.0,79.0,6.0,26.0,2.1999999999999993,7.5,1.0999999999999996,7.05,63.0,155.5,0.7999999999999998,1.5,0.37999999999999995,0.51,15300.0,9350.0,31500.0,19250.0,Poor
63.0,24.0,29.0,6.4,9.4,6.8,7.5,126.0,220.0,1.1,1.6,0.32,0.88,110.0,1400.0,490.0,3500.0,44.2,208.6,5.0,26.5,3.0,7.9,0.7000000000000002,7.15,94.0,173.0,0.5,1.35,0.56,0.6,1290.0,755.0,3010.0,1995.0,Poor
63.0,20.0,23.0,6.2,8.6,6.9,8.2,125.0,162.0,1.1,1.6,0.32,1.2,45.0,2300.0,330.0,4900.0,2.0,48.0,3.0,21.5,2.3999999999999995,7.4,1.299999999999999,7.55,37.0,143.5,0.5,1.35,0.8799999999999999,0.76,2255.0,1172.5,4570.0,2615.0,Poor
63.0,23.6,33.1,5.5,8.6,7.3,8.4,140.0,371.0,1.1,1.5,0.32,0.6,220.0,2300.0,700.0,4900.0,3.2,60.6,9.5,28.35,3.0999999999999996,7.05,1.1000000000000005,7.85,231.0,255.5,0.3999999999999999,1.3,0.27999999999999997,0.45999999999999996,2080.0,1260.0,4200.0,2800.0,Poor
63.0,21.0,23.0,6.3,8.9,6.8,8.5,108.0,236.0,1.1,1.9,0.32,4.34,110.0,2300.0,790.0,5600.0,3.2,60.6,2.0,22.0,2.6000000000000005,7.6,1.7000000000000002,7.65,128.0,172.0,0.7999999999999998,1.5,4.02,2.33,2190.0,1205.0,4810.0,3195.0,Poor
63.0,23.0,28.0,3.8,7.8,6.9,7.9,302.0,710.0,1.1,1.9,0.32,3.13,230.0,2300.0,790.0,4900.0,3.2,45.0,5.0,25.5,4.0,5.8,1.0,7.4,408.0,506.0,0.7999999999999998,1.5,2.81,1.7249999999999999,2070.0,1265.0,4110.0,2845.0,Poor
63.0,22.0,29.0,4.6,9.6,7.5,7.9,260.0,455.0,1.1,1.8,0.32,1.0,110.0,1700.0,490.0,4900.0,17.0,17.0,7.0,25.5,5.0,7.1,0.40000000000000036,7.7,195.0,357.5,0.7,1.4500000000000002,0.6799999999999999,0.66,1590.0,905.0,4410.0,2695.0,Poor
63.0,23.0,30.0,5.4,8.4,6.7,7.9,100.0,198.0,1.1,1.5,0.32,0.57,78.0,1300.0,490.0,4900.0,9.2,41.6,7.0,26.5,3.0,6.9,1.2000000000000002,7.300000000000001,98.0,149.0,0.3999999999999999,1.3,0.24999999999999994,0.44499999999999995,1222.0,689.0,4410.0,2695.0,Poor
63.0,20.0,31.0,6.2,8.1,6.7,8.2,115.0,178.0,1.1,1.6,0.32,0.81,78.0,1300.0,330.0,3900.0,6.8,19.4,11.0,25.5,1.8999999999999995,7.15,1.4999999999999991,7.449999999999999,63.0,146.5,0.5,1.35,0.49000000000000005,0.5650000000000001,1222.0,689.0,3570.0,2115.0,Poor
63.0,22.0,28.0,6.0,10.4,7.1,8.1,185.0,386.0,1.1,1.9,0.32,0.97,230.0,4900.0,1300.0,24000.0,5.76,126.72,6.0,25.0,4.4,8.2,1.0,7.6,201.0,285.5,0.7999999999999998,1.5,0.6499999999999999,0.645,4670.0,2565.0,22700.0,12650.0,Poor
63.0,21.0,23.0,6.0,8.4,6.8,8.0,83.0,205.0,1.1,2.0,0.32,1.05,130.0,2200.0,330.0,3500.0,360.2,453.6,2.0,22.0,2.4000000000000004,7.2,1.2000000000000002,7.4,122.0,144.0,0.8999999999999999,1.55,0.73,0.685,2070.0,1165.0,3170.0,1915.0,Poor
63.0,22.0,29.0,6.2,9.0,7.5,8.2,163.0,366.0,1.1,1.4,0.32,92.02,78.0,2100.0,330.0,4000.0,2.0,38.6,7.0,25.5,2.8,7.6,0.6999999999999993,7.85,203.0,264.5,0.2999999999999998,1.25,91.7,46.169999999999995,2022.0,1089.0,3670.0,2165.0,Poor
63.0,23.0,29.0,6.8,10.8,7.5,8.4,174.0,416.0,1.4,2.0,0.32,1.18,170.0,2200.0,490.0,4900.0,2.6,54.6,6.0,26.0,4.000000000000001,8.8,0.9000000000000004,7.95,242.0,295.0,0.6000000000000001,1.7,0.8599999999999999,0.75,2030.0,1185.0,4410.0,2695.0,Poor
63.0,24.0,29.0,5.2,8.6,7.2,8.1,101.0,272.0,1.1,1.9,0.32,0.65,130.0,790.0,490.0,2800.0,115.0,378.0,5.0,26.5,3.3999999999999995,6.9,0.8999999999999995,7.65,171.0,186.5,0.7999999999999998,1.5,0.33,0.485,660.0,460.0,2310.0,1645.0,Poor
63.0,22.0,32.0,5.0,8.3,6.8,8.5,123.0,220.0,1.1,1.8,0.32,1.31,330.0,2300.0,1700.0,4900.0,3.2,38.0,10.0,27.0,3.3000000000000007,6.65,1.7000000000000002,7.65,97.0,171.5,0.7,1.4500000000000002,0.99,0.8150000000000001,1970.0,1315.0,3200.0,3300.0,Poor
63.0,21.0,27.0,4.8,12.4,6.8,8.4,325.0,595.0,1.1,1.6,0.47,3.86,78.0,2300.0,330.0,4900.0,2.0,41.6,6.0,24.0,7.6000000000000005,8.6,1.6000000000000005,7.6,270.0,460.0,0.5,1.35,3.3899999999999997,2.165,2222.0,1189.0,4570.0,2615.0,Poor
63.0,22.0,28.0,6.2,12.6,6.9,8.3,410.0,721.0,1.3,2.0,0.32,2.34,130.0,2100.0,490.0,4900.0,2.0,17.0,6.0,25.0,6.3999999999999995,9.4,1.4000000000000004,7.6000000000000005,311.0,565.5,0.7,1.65,2.02,1.3299999999999998,1970.0,1115.0,4410.0,2695.0,Poor
63.0,23.0,28.0,6.2,12.0,7.4,8.4,290.0,523.0,1.1,1.6,0.32,1.78,130.0,790.0,460.0,3500.0,25.4,72.0,5.0,25.5,5.8,9.1,1.0,7.9,233.0,406.5,0.5,1.35,1.46,1.05,660.0,460.0,3040.0,1980.0,Poor
63.0,23.0,28.0,4.8,10.8,7.5,8.3,312.0,530.0,1.4,1.8,0.32,92.02,130.0,1300.0,700.0,4900.0,9.8,41.2,5.0,25.5,6.000000000000001,7.800000000000001,0.8000000000000007,7.9,218.0,421.0,0.40000000000000013,1.6,91.7,46.169999999999995,1170.0,715.0,4200.0,2800.0,Poor
63.0,23.0,30.0,6.6,10.0,7.3,8.2,280.0,520.0,1.1,1.6,0.32,3.74,170.0,2300.0,700.0,4900.0,3.2,54.2,7.0,26.5,3.4000000000000004,8.3,0.8999999999999995,7.75,240.0,400.0,0.5,1.35,3.4200000000000004,2.0300000000000002,2130.0,1235.0,4200.0,2800.0,Poor
63.0,21.0,28.0,5.8,9.0,7.2,7.9,471.0,1052.0,1.1,2.5,0.32,2.98,130.0,1100.0,330.0,3500.0,2.0,34.0,7.0,24.5,3.2,7.4,0.7000000000000002,7.550000000000001,581.0,761.5,1.4,1.8,2.66,1.65,970.0,615.0,3170.0,1915.0,Poor
50.0,20.0,29.0,5.9,7.3,7.1,8.0,157.0,302.0,2.8,3.2,0.3,2.4,4.0,46.0,38.0,68.0,2.0,2.0,9.0,24.5,1.3999999999999995,6.6,0.9000000000000004,7.55,145.0,229.5,0.40000000000000036,3.0,2.1,1.3499999999999999,42.0,25.0,30.0,53.0,Poor
50.0,20.0,28.0,5.5,6.5,7.2,7.9,280.0,856.0,2.8,3.6,0.75,3.67,4.0,63.0,35.0,68.0,2.0,4.0,8.0,24.0,1.0,6.0,0.7000000000000002,7.550000000000001,576.0,568.0,0.8000000000000003,3.2,2.92,2.21,59.0,33.5,33.0,51.5,Poor
50.0,20.0,28.0,4.8,7.2,7.2,7.9,308.0,3317.0,3.0,4.2,0.61,3.19,4.0,48.0,40.0,58.0,2.0,2.0,8.0,24.0,2.4000000000000004,6.0,0.7000000000000002,7.550000000000001,3009.0,1812.5,1.2000000000000002,3.6,2.58,1.9,44.0,26.0,18.0,49.0,Poor
50.0,20.0,29.0,3.5,6.9,7.3,8.1,272.0,578.0,3.4,4.2,0.3,3.03,4.0,63.0,48.0,110.0,2.0,2.0,9.0,24.5,3.4000000000000004,5.2,0.7999999999999998,7.699999999999999,306.0,425.0,0.8000000000000003,3.8,2.73,1.6649999999999998,59.0,33.5,62.0,79.0,Poor
50.0,20.0,28.0,3.8,6.8,6.8,8.0,272.0,588.0,3.0,4.2,0.59,4.1,4.0,47.0,46.0,115.0,2.0,2.0,8.0,24.0,3.0,5.3,1.2000000000000002,7.4,316.0,430.0,1.2000000000000002,3.6,3.51,2.3449999999999998,43.0,25.5,69.0,80.5,Poor
50.0,20.0,28.0,2.3,6.4,7.3,7.9,239.0,545.0,3.0,8.0,0.61,4.1,4.0,63.0,48.0,68.0,2.0,2.0,8.0,24.0,4.1000000000000005,4.35,0.6000000000000005,7.6,306.0,392.0,5.0,5.5,3.4899999999999998,2.355,59.0,33.5,20.0,58.0,Poor
50.0,20.0,28.0,5.4,7.1,7.2,7.9,243.0,3288.0,3.0,3.8,0.58,4.36,4.0,43.0,43.0,55.0,2.0,4.0,8.0,24.0,1.6999999999999993,6.25,0.7000000000000002,7.550000000000001,3045.0,1765.5,0.7999999999999998,3.4,3.7800000000000002,2.47,39.0,23.5,12.0,49.0,Poor
50.0,20.0,28.0,5.5,6.4,7.2,8.0,238.0,761.0,2.8,3.8,0.63,5.4,4.0,48.0,40.0,58.0,2.0,2.0,8.0,24.0,0.9000000000000004,5.95,0.7999999999999998,7.6,523.0,499.5,1.0,3.3,4.7700000000000005,3.015,44.0,26.0,18.0,49.0,Poor
50.0,20.0,28.0,5.4,6.8,7.1,8.0,217.0,812.0,3.0,3.8,0.5,3.53,4.0,58.0,40.0,58.0,2.0,2.0,8.0,24.0,1.3999999999999995,6.1,0.9000000000000004,7.55,595.0,514.5,0.7999999999999998,3.4,3.03,2.0149999999999997,54.0,31.0,18.0,49.0,Poor
50.0,22.0,36.0,4.4,7.3,7.9,9.0,630.0,2614.0,3.0,8.0,0.3,7.5,2.0,35.0,2.0,240.0,2.0,2.0,14.0,29.0,2.8999999999999995,5.85,1.0999999999999996,8.45,1984.0,1622.0,5.0,5.5,7.2,3.9,33.0,18.5,238.0,121.0,Poor
50.0,22.0,36.0,6.0,7.3,8.5,9.0,612.0,1273.0,2.4,7.5,0.3,1.45,2.0,17.0,2.0,47.0,2.0,2.0,14.0,29.0,1.2999999999999998,6.65,0.5,8.75,661.0,942.5,5.1,4.95,1.15,0.875,15.0,9.5,45.0,24.5,Poor
50.0,22.0,36.0,5.8,7.2,8.2,8.9,630.0,1250.0,2.4,6.0,0.3,1.36,2.0,9.0,2.0,47.0,2.0,2.0,14.0,29.0,1.4000000000000004,6.5,0.7000000000000011,8.55,620.0,940.0,3.6,4.2,1.06,0.8300000000000001,7.0,5.5,45.0,24.5,Poor
50.0,22.0,36.0,6.0,7.3,8.5,9.0,652.0,1232.0,2.6,8.5,0.3,2.47,2.0,14.0,2.0,140.0,2.0,2.0,14.0,29.0,1.2999999999999998,6.65,0.5,8.75,580.0,942.0,5.9,5.55,2.1700000000000004,1.385,12.0,8.0,138.0,71.0,Poor
50.0,23.0,30.0,3.0,7.1,8.0,8.7,456.0,9153.0,3.0,12.0,0.45,7.12,2.0,25.0,2.0,170.0,2.0,2.0,7.0,26.5,4.1,5.05,0.6999999999999993,8.35,8697.0,4804.5,9.0,7.5,6.67,3.785,23.0,13.5,168.0,86.0,Poor
50.0,19.0,23.0,4.1,7.2,7.9,8.0,419.0,546.0,3.0,6.0,0.35,3.17,2.0,2.0,2.0,2.0,2.0,2.0,4.0,21.0,3.1000000000000005,5.65,0.09999999999999964,7.95,127.0,482.5,3.0,4.5,2.82,1.76,0.0,2.0,0.0,2.0,Poor
50.0,18.0,24.0,2.9,7.4,7.4,8.8,361.0,4548.0,2.4,11.0,0.41,3.48,2.0,26.0,2.0,280.0,2.0,2.0,6.0,21.0,4.5,5.15,1.4000000000000004,8.100000000000001,4187.0,2454.5,8.6,6.7,3.07,1.945,24.0,14.0,278.0,141.0,Poor
50.0,18.0,34.0,5.5,7.2,8.1,8.7,376.0,7952.0,2.6,6.5,0.31,4.32,2.0,33.0,2.0,170.0,2.0,2.0,16.0,26.0,1.7000000000000002,6.35,0.5999999999999996,8.399999999999999,7576.0,4164.0,3.9,4.55,4.010000000000001,2.315,31.0,17.5,168.0,86.0,Poor
50.0,19.0,35.0,6.4,7.2,8.1,8.7,375.0,7229.0,2.8,5.0,0.3,16.1,2.0,22.0,2.0,170.0,2.0,2.0,16.0,27.0,0.7999999999999998,6.800000000000001,0.5999999999999996,8.399999999999999,6854.0,3802.0,2.2,3.9,15.8,8.200000000000001,20.0,12.0,168.0,86.0,Poor
50.0,21.0,21.0,5.3,5.3,8.3,8.3,530.0,530.0,4.8,4.8,1.17,1.17,25.0,25.0,275.0,275.0,7.0,7.0,0.0,21.0,0.0,5.3,0.0,8.3,0.0,530.0,0.0,4.8,0.0,1.17,0.0,25.0,0.0,275.0,Poor
79.0,22.0,24.0,6.5,7.9,7.1,8.3,574.0,1054.0,2.0,4.2,12.07,28.06,5.0,6.0,18.0,23.0,4.0,5.0,2.0,23.0,1.4000000000000004,7.2,1.200000000000001,7.7,480.0,814.0,2.2,3.1,15.989999999999998,20.064999999999998,1.0,5.5,5.0,20.5,Poor
79.0,20.0,27.0,6.2,7.8,7.1,8.4,406.0,913.0,2.8,4.2,10.06,26.08,6.0,6.0,17.0,25.0,2.0,6.0,7.0,23.5,1.5999999999999996,7.0,1.3000000000000007,7.75,507.0,659.5,1.4000000000000004,3.5,16.019999999999996,18.07,0.0,6.0,8.0,21.0,Poor
79.0,22.0,25.0,6.1,7.5,7.2,8.3,610.0,1225.0,2.6,4.2,11.07,36.15,6.0,6.0,20.0,27.0,3.0,4.0,3.0,23.5,1.4000000000000004,6.8,1.1000000000000005,7.75,615.0,917.5,1.6,3.4000000000000004,25.08,23.61,0.0,6.0,7.0,23.5,Poor
79.0,25.0,27.0,0.3,6.2,7.4,8.2,360.0,1309.0,1.0,8.0,0.72,4.4,2.0,17.0,14.0,540.0,2.0,4.0,2.0,26.0,5.9,3.25,0.7999999999999989,7.8,949.0,834.5,7.0,4.5,3.6800000000000006,2.56,15.0,9.5,526.0,277.0,Poor
79.0,24.0,26.0,5.4,6.2,7.2,8.2,364.0,1398.0,1.0,2.4,0.62,2.6,2.0,2.0,24.0,43.0,2.0,2.0,2.0,25.0,0.7999999999999998,5.800000000000001,0.9999999999999991,7.699999999999999,1034.0,881.0,1.4,1.7,1.98,1.61,0.0,2.0,19.0,33.5,Poor
79.0,24.0,28.0,5.2,6.1,7.3,8.4,365.0,597.0,1.0,3.4,0.62,2.6,2.0,2.0,14.0,48.0,2.0,2.0,4.0,26.0,0.8999999999999995,5.65,1.1000000000000005,7.85,232.0,481.0,2.4,2.2,1.98,1.61,0.0,2.0,34.0,31.0,Poor
79.0,25.0,26.0,4.8,6.1,7.0,8.2,401.0,595.0,1.4,4.0,0.78,2.2,2.0,2.0,21.0,40.0,2.0,2.0,1.0,25.5,1.2999999999999998,5.449999999999999,1.1999999999999993,7.6,194.0,498.0,2.6,2.7,1.4200000000000002,1.4900000000000002,0.0,2.0,19.0,30.5,Poor
79.0,24.5,27.0,5.0,6.2,7.2,8.2,380.0,744.0,1.0,4.0,0.42,2.4,2.0,2.0,24.0,58.0,2.0,2.0,2.5,25.75,1.2000000000000002,5.6,0.9999999999999991,7.699999999999999,364.0,562.0,3.0,2.5,1.98,1.41,0.0,2.0,34.0,41.0,Poor
79.0,25.8,28.0,2.8,6.2,6.7,7.8,424.0,1040.0,1.0,2.6,0.8,3.8,2.0,2.0,17.0,120.0,2.0,2.0,2.1999999999999993,26.9,3.4000000000000004,4.5,1.0999999999999996,7.25,616.0,732.0,1.6,1.8,3.0,2.3,0.0,2.0,103.0,68.5,Poor
79.0,25.0,27.0,5.0,6.2,7.3,8.1,412.0,744.0,1.0,2.4,0.82,2.4,2.0,2.0,21.0,94.0,2.0,2.0,2.0,26.0,1.2000000000000002,5.6,0.7999999999999998,7.699999999999999,332.0,578.0,1.4,1.7,1.58,1.6099999999999999,0.0,2.0,73.0,57.5,Poor
79.0,24.0,28.0,5.6,6.3,7.0,8.4,322.0,1128.0,1.0,4.0,0.3,4.6,2.0,2.0,21.0,34.0,2.0,2.0,4.0,26.0,0.7000000000000002,5.949999999999999,1.4000000000000004,7.7,806.0,725.0,3.0,2.5,4.3,2.4499999999999997,0.0,2.0,13.0,27.5,Poor
79.0,25.0,30.0,5.4,6.2,7.1,8.4,251.0,588.0,1.0,2.0,0.3,2.6,2.0,2.0,17.0,40.0,2.0,2.0,5.0,27.5,0.7999999999999998,5.800000000000001,1.3000000000000007,7.75,337.0,419.5,1.0,1.5,2.3000000000000003,1.45,0.0,2.0,23.0,28.5,Poor
79.0,26.0,30.0,5.4,6.2,7.0,8.4,225.0,517.0,1.0,2.2,0.3,3.2,2.0,2.0,20.0,58.0,2.0,2.0,4.0,28.0,0.7999999999999998,5.800000000000001,1.4000000000000004,7.7,292.0,371.0,1.2000000000000002,1.6,2.9000000000000004,1.75,0.0,2.0,38.0,39.0,Poor
79.0,25.0,31.1,5.0,6.2,7.3,8.4,254.0,762.0,1.0,2.5,0.43,2.8,2.0,2.0,17.0,47.0,2.0,2.0,6.100000000000001,28.05,1.2000000000000002,5.6,1.1000000000000005,7.85,508.0,508.0,1.5,1.75,2.3699999999999997,1.615,0.0,2.0,30.0,32.0,Poor
79.0,26.0,31.0,5.1,6.1,7.0,8.2,223.0,512.0,1.2,2.2,0.55,3.16,2.0,2.0,17.0,47.0,2.0,2.0,5.0,28.5,1.0,5.6,1.1999999999999993,7.6,289.0,367.5,1.0000000000000002,1.7000000000000002,2.6100000000000003,1.855,0.0,2.0,30.0,32.0,Poor
79.0,24.8,31.3,4.8,6.2,7.1,8.2,247.0,687.0,1.0,3.2,0.88,20.3,2.0,2.0,24.0,220.0,2.0,2.0,6.5,28.05,1.4000000000000004,5.5,1.0999999999999996,7.6499999999999995,440.0,467.0,2.2,2.1,19.42,10.59,0.0,2.0,196.0,122.0,Poor
79.0,22.0,32.0,6.2,7.5,7.8,8.4,130.0,2133.0,1.1,2.2,0.32,2.32,3.0,9.0,64.0,210.0,2.0,3.0,10.0,27.0,1.2999999999999998,6.85,0.6000000000000005,8.1,2003.0,1131.5,1.1,1.6500000000000001,1.9999999999999998,1.3199999999999998,6.0,6.0,146.0,137.0,Poor
84.0,23.0,27.0,6.2,7.8,7.2,8.5,64.0,762.0,1.3,2.3,0.32,1.06,2.0,9.0,21.0,120.0,2.0,2.0,4.0,25.0,1.5999999999999996,7.0,1.2999999999999998,7.85,698.0,413.0,0.9999999999999998,1.7999999999999998,0.74,0.6900000000000001,7.0,5.5,99.0,70.5,Poor
84.0,22.0,34.0,6.0,7.5,7.4,8.4,130.0,284.0,1.2,2.6,0.3,3.87,3.0,14.0,64.0,240.0,2.0,3.0,12.0,28.0,1.5,6.75,1.0,7.9,154.0,207.0,1.4000000000000001,1.9,3.5700000000000003,2.085,11.0,8.5,176.0,152.0,Poor
44.0,25.0,32.0,6.9,7.6,6.6,8.3,155.0,630.0,1.6,2.2,0.3,1.82,4.0,9.0,75.0,150.0,2.0,3.0,7.0,28.5,0.6999999999999993,7.25,1.700000000000001,7.45,475.0,392.5,0.6000000000000001,1.9000000000000001,1.52,1.06,5.0,6.5,75.0,112.5,Poor
70.0,25.0,27.0,6.7,7.5,6.3,8.3,180.0,361.0,1.8,2.4,0.3,2.64,3.0,11.0,75.0,210.0,2.0,3.0,2.0,26.0,0.7999999999999998,7.1,2.000000000000001,7.300000000000001,181.0,270.5,0.5999999999999999,2.1,2.3400000000000003,1.47,8.0,7.0,135.0,142.5,Poor
70.0,25.0,27.0,6.1,7.2,6.4,8.4,141.0,296.0,2.0,2.4,0.32,2.43,4.0,20.0,150.0,240.0,2.0,3.0,2.0,26.0,1.1000000000000005,6.65,2.0,7.4,155.0,218.5,0.3999999999999999,2.2,2.1100000000000003,1.375,16.0,12.0,90.0,195.0,Poor
24.0,26.0,28.0,6.4,7.4,6.5,8.4,129.0,297.0,1.8,2.4,0.32,2.42,4.0,15.0,39.0,240.0,2.0,3.0,2.0,27.0,1.0,6.9,1.9000000000000004,7.45,168.0,213.0,0.5999999999999999,2.1,2.1,1.3699999999999999,11.0,9.5,201.0,139.5,Poor
69.0,25.0,29.0,6.4,7.4,6.6,8.5,125.0,285.0,2.0,2.4,0.32,1.02,4.0,15.0,93.0,460.0,2.0,3.0,4.0,27.0,1.0,6.9,1.9000000000000004,7.55,160.0,205.0,0.3999999999999999,2.2,0.7,0.67,11.0,9.5,367.0,276.5,Poor
63.0,13.0,30.0,4.5,8.2,6.7,7.8,90.0,192.0,1.1,1.8,0.32,3.77,78.0,13000.0,490.0,28000.0,27.160000000000004,708.92,17.0,21.5,3.6999999999999993,6.35,1.0999999999999996,7.25,102.0,141.0,0.7,1.4500000000000002,3.45,2.045,12922.0,6539.0,27510.0,14245.0,Poor
63.0,26.0,30.0,7.5,7.6,7.0,7.0,102.0,110.0,1.0,1.0,0.32,0.32,1300.0,1300.0,2200.0,2200.0,20.0,20.0,4.0,28.0,0.09999999999999964,7.55,0.0,7.0,8.0,106.0,0.0,1.0,0.0,0.32,0.0,1300.0,0.0,2200.0,Poor
49.0,20.0,31.0,7.1,7.2,7.4,8.2,611.0,816.0,1.8,2.2,1.6,2.44,3.0,4.0,15.0,39.0,2.8,4.0,11.0,25.5,0.10000000000000053,7.15,0.7999999999999989,7.8,205.0,713.5,0.40000000000000013,2.0,0.8399999999999999,2.02,1.0,3.5,24.0,27.0,Poor
49.0,19.0,31.0,7.1,7.8,7.1,8.1,288.0,816.0,1.0,2.2,0.0,3.38,2.0,7.0,10.0,120.0,2.0,2.4,12.0,25.0,0.7000000000000002,7.449999999999999,1.0,7.6,528.0,552.0,1.2000000000000002,1.6,3.38,1.69,5.0,4.5,110.0,65.0,Poor
50.0,19.0,30.0,5.4,6.8,7.2,8.6,906.0,1411.0,3.0,3.5,0.3,2.73,14.0,43.0,110.0,350.0,2.0,2.0,11.0,24.5,1.3999999999999995,6.1,1.3999999999999995,7.9,505.0,1158.5,0.5,3.25,2.43,1.515,29.0,28.5,240.0,230.0,Poor
50.0,19.0,30.0,5.1,6.6,7.6,8.6,819.0,1316.0,3.0,4.0,0.3,2.98,11.0,48.0,140.0,430.0,2.0,2.0,11.0,24.5,1.5,5.85,1.0,8.1,497.0,1067.5,1.0,3.5,2.68,1.64,37.0,29.5,290.0,285.0,Poor
50.0,16.0,21.0,2.0,6.2,7.5,8.4,730.0,1756.0,3.0,9.8,0.3,2.93,14.0,43.0,110.0,280.0,2.0,2.0,5.0,18.5,4.2,4.1,0.9000000000000004,7.95,1026.0,1243.0,6.800000000000001,6.4,2.6300000000000003,1.615,29.0,28.5,170.0,195.0,Poor
79.0,24.0,28.6,5.0,6.2,7.2,8.3,412.0,835.0,1.0,2.2,0.3,2.4,2.0,2.0,24.0,39.0,2.0,2.0,4.600000000000001,26.3,1.2000000000000002,5.6,1.1000000000000005,7.75,423.0,623.5,1.2000000000000002,1.6,2.1,1.3499999999999999,0.0,2.0,15.0,31.5,Poor
79.0,25.8,29.1,4.6,6.1,7.5,8.2,408.0,596.0,1.0,2.4,0.3,2.8,2.0,2.0,20.0,39.0,2.0,2.0,3.3000000000000007,27.450000000000003,1.5,5.35,0.6999999999999993,7.85,188.0,502.0,1.4,1.7,2.5,1.5499999999999998,0.0,2.0,19.0,29.5,Poor
79.0,25.0,29.1,4.8,6.2,7.5,8.2,179.0,612.0,1.0,2.8,0.78,2.5,2.0,2.0,17.0,120.0,2.0,2.0,4.100000000000001,27.05,1.4000000000000004,5.5,0.6999999999999993,7.85,433.0,395.5,1.7999999999999998,1.9,1.72,1.6400000000000001,0.0,2.0,103.0,68.5,Poor
50.0,19.0,30.0,5.1,6.8,7.2,8.7,870.0,1740.0,3.0,4.0,0.3,2.9,11.0,40.0,110.0,220.0,2.0,2.0,11.0,24.5,1.7000000000000002,5.949999999999999,1.4999999999999991,7.949999999999999,870.0,1305.0,1.0,3.5,2.6,1.5999999999999999,29.0,25.5,110.0,165.0,Poor
79.0,26.0,27.0,0.3,5.9,6.9,8.4,438.0,2143.0,1.8,13.0,1.12,6.6,2.0,24.0,32.0,430.0,2.0,4.0,1.0,26.5,5.6000000000000005,3.1,1.5,7.65,1705.0,1290.5,11.2,7.4,5.4799999999999995,3.86,22.0,13.0,398.0,231.0,Poor
79.0,25.0,26.0,4.0,6.0,6.9,8.1,424.0,872.0,1.6,3.8,2.2,3.28,2.0,2.0,27.0,84.0,2.0,2.0,1.0,25.5,2.0,5.0,1.1999999999999993,7.5,448.0,648.0,2.1999999999999997,2.7,1.0799999999999996,2.74,0.0,2.0,57.0,55.5,Poor
79.0,25.0,27.0,5.2,6.2,6.6,8.4,436.0,811.0,1.0,2.9,0.58,3.24,2.0,2.0,21.0,70.0,2.0,2.0,2.0,26.0,1.0,5.7,1.8000000000000007,7.5,375.0,623.5,1.9,1.95,2.66,1.9100000000000001,0.0,2.0,49.0,45.5,Poor
41.0,24.0,30.0,6.9,7.9,7.4,8.3,390.0,582.0,2.0,3.0,0.58,4.0,33.0,540.0,140.0,2800.0,34.4,72.2,6.0,27.0,1.0,7.4,0.9000000000000004,7.8500000000000005,192.0,486.0,1.0,2.5,3.42,2.29,507.0,286.5,2660.0,1470.0,Poor
79.0,22.0,34.0,6.1,7.6,7.5,8.4,575.0,676.0,2.1,3.3,6.02,28.04,4.0,6.0,27.0,39.0,4.0,5.0,12.0,28.0,1.5,6.85,0.9000000000000004,7.95,101.0,625.5,1.1999999999999997,2.7,22.02,17.03,2.0,5.0,12.0,33.0,Poor
79.0,20.0,29.0,5.8,6.6,7.0,8.3,605.0,758.0,2.0,3.2,5.03,123.0,8.0,8.0,39.0,52.0,4.0,6.0,9.0,24.5,0.7999999999999998,6.199999999999999,1.3000000000000007,7.65,153.0,681.5,1.2000000000000002,2.6,117.97,64.015,0.0,8.0,13.0,45.5,Poor
79.0,19.0,27.0,5.9,6.9,7.1,7.9,850.0,1020.0,2.0,3.2,10.06,29.04,7.0,8.0,27.0,34.0,6.0,6.0,8.0,23.0,1.0,6.4,0.8000000000000007,7.5,170.0,935.0,1.2000000000000002,2.6,18.979999999999997,19.55,1.0,7.5,7.0,30.5,Poor
79.0,19.0,28.0,5.9,7.0,7.2,7.8,1203.0,1489.0,2.3,3.9,14.13,26.12,6.0,7.0,34.0,41.0,4.0,5.0,9.0,23.5,1.0999999999999996,6.45,0.5999999999999996,7.5,286.0,1346.0,1.6,3.0999999999999996,11.99,20.125,1.0,6.5,7.0,37.5,Poor
79.0,16.0,28.0,6.2,7.3,7.1,8.3,592.0,1195.0,2.2,4.0,9.16,41.13,4.0,6.0,18.0,84.0,2.0,2.0,12.0,22.0,1.0999999999999996,6.75,1.200000000000001,7.7,603.0,893.5,1.7999999999999998,3.1,31.970000000000002,25.145000000000003,2.0,5.0,66.0,51.0,Poor
50.0,18.0,20.0,6.0,6.5,8.0,8.5,641.0,792.0,5.2,5.2,0.59,0.62,2.0,2.0,5.0,32.0,2.0,5.0,2.0,19.0,0.5,6.25,0.5,8.25,151.0,716.5,0.0,5.2,0.030000000000000027,0.605,0.0,2.0,27.0,18.5,Poor
41.0,24.0,28.0,7.7,9.3,8.4,8.5,461.0,604.0,1.0,7.0,0.0,4.8,470.0,1400.0,3500.0,7000.0,98.0,209.8,4.0,26.0,1.6000000000000005,8.5,0.09999999999999964,8.45,143.0,532.5,6.0,4.0,4.8,2.4,930.0,935.0,3500.0,5250.0,Poor
50.0,23.0,27.0,3.1,5.9,7.4,8.3,891.0,1989.0,3.0,5.8,0.32,9.43,12.0,48.0,120.0,210.0,2.0,2.0,4.0,25.0,2.8000000000000003,4.5,0.9000000000000004,7.8500000000000005,1098.0,1440.0,2.8,4.4,9.11,4.875,36.0,30.0,90.0,165.0,Poor
79.0,18.0,21.0,4.2,5.4,6.8,7.3,1206.0,1555.0,3.5,4.8,20.12,40.13,8.0,8.0,79.0,94.0,7.0,8.0,3.0,19.5,1.2000000000000002,4.800000000000001,0.5,7.05,349.0,1380.5,1.2999999999999998,4.15,20.01,30.125,0.0,8.0,15.0,86.5,Poor
49.0,19.0,30.0,7.1,7.7,7.2,8.1,264.0,716.0,1.4,2.0,0.47,5.04,2.0,10.0,15.0,120.0,2.0,2.0,11.0,24.5,0.6000000000000005,7.4,0.8999999999999995,7.65,452.0,490.0,0.6000000000000001,1.7,4.57,2.755,8.0,6.0,105.0,67.5,Poor
49.0,19.0,31.0,7.1,7.8,7.1,8.1,322.0,716.0,1.0,2.0,0.0,5.1,2.0,7.0,15.0,120.0,2.0,2.0,12.0,25.0,0.7000000000000002,7.449999999999999,1.0,7.6,394.0,519.0,1.0,1.5,5.1,2.55,5.0,4.5,105.0,67.5,Poor
50.0,23.0,28.0,5.2,6.1,7.8,8.4,780.0,1214.0,3.0,4.0,0.32,7.08,12.0,41.0,110.0,170.0,2.0,2.0,5.0,25.5,0.8999999999999995,5.65,0.6000000000000005,8.1,434.0,997.0,1.0,3.5,6.76,3.7,29.0,26.5,60.0,140.0,Poor
50.0,19.0,23.0,5.6,5.9,7.7,8.7,665.0,1226.0,3.2,3.8,0.3,3.75,12.0,46.0,110.0,220.0,2.0,2.0,4.0,21.0,0.3000000000000007,5.75,0.9999999999999991,8.2,561.0,945.5,0.5999999999999996,3.5,3.45,2.025,34.0,29.0,110.0,165.0,Poor
50.0,20.0,22.0,5.7,6.2,7.8,8.7,650.0,1146.0,3.0,3.6,0.3,3.57,12.0,40.0,94.0,210.0,2.0,2.0,2.0,21.0,0.5,5.95,0.8999999999999995,8.25,496.0,898.0,0.6000000000000001,3.3,3.27,1.9349999999999998,28.0,26.0,116.0,152.0,Poor
26.0,23.0,28.0,6.0,7.6,7.4,8.5,70.0,1178.0,1.2,2.9,0.32,2.02,2.0,7.0,28.0,93.0,2.0,3.0,5.0,25.5,1.5999999999999996,6.8,1.0999999999999996,7.95,1108.0,624.0,1.7,2.05,1.7,1.17,5.0,4.5,65.0,60.5,Poor
49.0,20.3,24.1,6.9,7.8,7.2,7.9,238.0,368.0,1.2,1.6,0.19,1.6,2.0,7.0,23.0,48.0,2.0,2.0,3.8000000000000007,22.200000000000003,0.8999999999999995,7.35,0.7000000000000002,7.550000000000001,130.0,303.0,0.40000000000000013,1.4,1.4100000000000001,0.895,5.0,4.5,25.0,35.5,Good
49.0,20.7,24.2,5.4,7.8,7.1,7.9,257.0,421.0,1.6,2.4,0.23,1.34,2.0,10.0,39.0,150.0,2.0,2.0,3.5,22.45,2.3999999999999995,6.6,0.8000000000000007,7.5,164.0,339.0,0.7999999999999998,2.0,1.11,0.785,8.0,6.0,111.0,94.5,Poor
49.0,20.2,24.2,7.2,7.7,7.2,7.8,270.0,519.0,1.6,1.9,0.03,1.6,2.0,17.0,15.0,170.0,2.0,5.8,4.0,22.2,0.5,7.45,0.5999999999999996,7.5,249.0,394.5,0.2999999999999998,1.75,1.57,0.8150000000000001,15.0,9.5,155.0,92.5,Good
50.0,21.0,21.0,6.0,6.0,8.6,8.6,736.0,736.0,3.0,3.0,0.68,0.68,22.0,22.0,120.0,120.0,2.0,2.0,0.0,21.0,0.0,6.0,0.0,8.6,0.0,736.0,0.0,3.0,0.0,0.68,0.0,22.0,0.0,120.0,Poor
50.0,18.0,39.0,6.0,6.7,7.7,8.7,667.0,1210.0,3.0,3.2,0.3,2.87,12.0,42.0,120.0,280.0,2.0,2.0,21.0,28.5,0.7000000000000002,6.35,0.9999999999999991,8.2,543.0,938.5,0.20000000000000018,3.1,2.5700000000000003,1.585,30.0,27.0,160.0,200.0,Poor
50.0,18.0,39.0,5.5,6.8,7.8,8.8,739.0,1290.0,3.0,3.5,0.3,1.12,24.0,43.0,210.0,430.0,2.0,2.0,21.0,28.5,1.2999999999999998,6.15,1.0000000000000009,8.3,551.0,1014.5,0.5,3.25,0.8200000000000001,0.7100000000000001,19.0,33.5,220.0,320.0,Poor
50.0,19.0,22.0,5.7,7.0,7.9,8.8,654.0,1230.0,3.0,3.4,0.3,3.24,11.0,43.0,170.0,350.0,2.0,2.0,3.0,20.5,1.2999999999999998,6.35,0.9000000000000004,8.350000000000001,576.0,942.0,0.3999999999999999,3.2,2.9400000000000004,1.77,32.0,27.0,180.0,260.0,Poor
50.0,19.0,22.0,5.5,6.7,7.8,8.8,549.0,1375.0,3.2,4.5,0.3,3.22,17.0,47.0,110.0,430.0,2.0,2.0,3.0,20.5,1.2000000000000002,6.1,1.0000000000000009,8.3,826.0,962.0,1.2999999999999998,3.85,2.9200000000000004,1.76,30.0,32.0,320.0,270.0,Poor
50.0,16.0,21.0,3.9,6.1,7.6,9.0,789.0,1126.0,3.1,5.0,0.3,1.14,12.0,38.0,110.0,280.0,2.0,2.0,5.0,18.5,2.1999999999999997,5.0,1.4000000000000004,8.3,337.0,957.5,1.9,4.05,0.8399999999999999,0.72,26.0,25.0,170.0,195.0,Poor
50.0,19.0,23.0,2.5,6.1,7.9,8.8,674.0,1251.0,3.2,8.4,0.3,3.24,14.0,34.0,94.0,220.0,2.0,2.0,4.0,21.0,3.5999999999999996,4.3,0.9000000000000004,8.350000000000001,577.0,962.5,5.2,5.800000000000001,2.9400000000000004,1.77,20.0,24.0,126.0,157.0,Poor
50.0,26.0,31.0,8.0,8.4,8.1,8.3,266.0,394.0,1.2,2.1,0.48,0.5,2.0,2.0,63.0,100.0,2.0,2.0,5.0,28.5,0.40000000000000036,8.2,0.20000000000000107,8.2,128.0,330.0,0.9000000000000001,1.65,0.020000000000000018,0.49,0.0,2.0,37.0,81.5,Poor
50.0,16.0,18.0,5.8,6.7,7.9,8.8,762.0,1080.0,3.0,3.6,0.3,2.87,24.0,43.0,110.0,220.0,2.0,2.0,2.0,17.0,0.9000000000000004,6.25,0.9000000000000004,8.350000000000001,318.0,921.0,0.6000000000000001,3.3,2.5700000000000003,1.585,19.0,33.5,110.0,165.0,Poor
50.0,19.0,20.0,5.8,6.6,7.8,8.7,892.0,5473.0,3.0,3.2,0.3,3.01,6.0,41.0,130.0,350.0,2.0,2.0,1.0,19.5,0.7999999999999998,6.199999999999999,0.8999999999999995,8.25,4581.0,3182.5,0.20000000000000018,3.1,2.71,1.6549999999999998,35.0,23.5,220.0,240.0,Poor
50.0,19.0,20.0,5.2,6.1,7.8,8.8,549.0,1370.0,3.0,4.6,0.3,3.33,11.0,40.0,120.0,430.0,2.0,2.0,1.0,19.5,0.8999999999999995,5.65,1.0000000000000009,8.3,821.0,959.5,1.5999999999999996,3.8,3.0300000000000002,1.815,29.0,25.5,310.0,275.0,Poor
50.0,19.0,20.0,5.3,6.0,7.8,8.7,750.0,1210.0,3.0,4.0,0.3,4.07,12.0,38.0,110.0,280.0,2.0,2.0,1.0,19.5,0.7000000000000002,5.65,0.8999999999999995,8.25,460.0,980.0,1.0,3.5,3.7700000000000005,2.185,26.0,25.0,170.0,195.0,Poor
50.0,19.0,23.0,5.6,6.5,7.9,8.8,698.0,1290.0,3.0,3.9,0.3,3.18,13.0,41.0,110.0,350.0,2.0,2.0,4.0,21.0,0.9000000000000004,6.05,0.9000000000000004,8.350000000000001,592.0,994.0,0.8999999999999999,3.45,2.8800000000000003,1.74,28.0,27.0,240.0,230.0,Poor
50.0,19.0,23.0,5.4,6.2,7.7,8.8,722.0,1390.0,3.2,4.2,0.3,3.22,20.0,47.0,170.0,430.0,2.0,2.0,4.0,21.0,0.7999999999999998,5.800000000000001,1.1000000000000005,8.25,668.0,1056.0,1.0,3.7,2.9200000000000004,1.76,27.0,33.5,260.0,300.0,Poor
50.0,19.0,23.0,5.2,6.5,7.9,8.7,660.0,1162.0,3.0,3.8,0.3,3.31,14.0,43.0,120.0,280.0,2.0,2.0,4.0,21.0,1.2999999999999998,5.85,0.7999999999999989,8.3,502.0,911.0,0.7999999999999998,3.4,3.0100000000000002,1.805,29.0,28.5,160.0,200.0,Poor
50.0,16.0,20.0,5.8,6.8,8.1,8.8,936.0,1142.0,3.0,3.4,0.3,3.36,17.0,43.0,210.0,350.0,2.0,2.0,4.0,18.0,1.0,6.3,0.7000000000000011,8.45,206.0,1039.0,0.3999999999999999,3.2,3.06,1.8299999999999998,26.0,30.0,140.0,280.0,Poor
50.0,16.0,20.0,5.1,6.7,8.0,8.8,976.0,1236.0,3.0,3.8,0.3,2.89,20.0,48.0,280.0,540.0,2.0,2.0,4.0,18.0,1.6000000000000005,5.9,0.8000000000000007,8.4,260.0,1106.0,0.7999999999999998,3.4,2.5900000000000003,1.595,28.0,34.0,260.0,410.0,Poor
50.0,22.0,30.0,0.3,6.6,2.0,8.0,5.0,137.0,1.0,3.0,0.3,1.65,2.0,20.0,2.0,250.0,2.0,14.0,8.0,26.0,6.3,3.4499999999999997,6.0,5.0,132.0,71.0,2.0,2.0,1.3499999999999999,0.975,18.0,11.0,248.0,126.0,Poor
50.0,25.0,31.0,5.1,6.3,7.4,8.2,230.0,3504.0,2.8,5.8,0.3,1.56,8.0,30.0,85.0,250.0,2.0,14.0,6.0,28.0,1.2000000000000002,5.699999999999999,0.7999999999999989,7.8,3274.0,1867.0,3.0,4.3,1.26,0.93,22.0,19.0,165.0,167.5,Poor
50.0,23.0,29.0,5.1,6.3,7.9,8.5,342.0,620.0,2.5,5.4,0.3,3.62,9.0,110.0,170.0,425.0,4.0,20.0,6.0,26.0,1.2000000000000002,5.699999999999999,0.5999999999999996,8.2,278.0,481.0,2.9000000000000004,3.95,3.3200000000000003,1.96,101.0,59.5,255.0,297.5,Poor
50.0,25.0,30.0,4.7,6.4,7.1,8.2,293.0,4553.0,3.0,8.4,0.3,2.88,9.0,45.0,150.0,425.0,4.0,17.0,5.0,27.5,1.7000000000000002,5.550000000000001,1.0999999999999996,7.6499999999999995,4260.0,2423.0,5.4,5.7,2.58,1.5899999999999999,36.0,27.0,275.0,287.5,Poor
50.0,25.0,31.5,5.3,6.2,7.5,8.1,82.0,2086.0,2.8,5.2,0.3,1.74,8.0,30.0,140.0,250.0,4.0,14.0,6.5,28.25,0.9000000000000004,5.75,0.5999999999999996,7.8,2004.0,1084.0,2.4000000000000004,4.0,1.44,1.02,22.0,19.0,110.0,195.0,Poor
50.0,26.0,30.0,5.8,7.8,7.7,8.7,50.0,4273.0,1.8,3.0,0.42,3.77,5.0,10.0,20.0,48.0,2.0,2.0,4.0,28.0,2.0,6.8,0.9999999999999991,8.2,4223.0,2161.5,1.2,2.4,3.35,2.095,5.0,7.5,28.0,34.0,Poor
50.0,8.1,28.0,5.2,7.8,7.4,8.7,221.0,4394.0,1.8,4.0,0.32,2.56,6.0,10.0,17.0,38.0,2.0,2.0,19.9,18.05,2.5999999999999996,6.5,1.299999999999999,8.05,4173.0,2307.5,2.2,2.9,2.24,1.44,4.0,8.0,21.0,27.5,Poor
50.0,22.0,22.0,5.1,5.1,8.1,8.1,659.0,659.0,5.8,5.8,1.67,1.67,17.0,17.0,250.0,250.0,7.0,7.0,0.0,22.0,0.0,5.1,0.0,8.1,0.0,659.0,0.0,5.8,0.0,1.67,0.0,17.0,0.0,250.0,Poor
50.0,24.0,28.0,5.3,7.7,7.7,8.6,156.0,735.0,1.8,3.0,0.49,4.52,6.0,10.0,24.0,40.0,2.0,2.0,4.0,26.0,2.4000000000000004,6.5,0.8999999999999995,8.15,579.0,445.5,1.2,2.4,4.029999999999999,2.505,4.0,8.0,16.0,32.0,Poor
50.0,24.0,28.0,5.3,7.6,7.6,8.6,157.0,1016.0,1.8,3.0,0.58,3.6,6.0,9.0,21.0,46.0,2.0,2.0,4.0,26.0,2.3,6.449999999999999,1.0,8.1,859.0,586.5,1.2,2.4,3.02,2.09,3.0,7.5,25.0,33.5,Poor
41.0,24.0,31.0,6.3,8.5,6.3,9.0,274.0,956.0,1.0,3.9,5.61,23.0,350.0,920.0,920.0,1600.0,220.0,540.0,7.0,27.5,2.2,7.4,2.7,7.65,682.0,615.0,2.9,2.45,17.39,14.305,570.0,635.0,680.0,1260.0,Poor
41.0,25.0,32.0,6.5,8.1,6.2,8.9,210.0,960.0,1.0,3.5,5.9,19.26,540.0,920.0,920.0,1600.0,240.0,540.0,7.0,28.5,1.5999999999999996,7.3,2.7,7.550000000000001,750.0,585.0,2.5,2.25,13.360000000000001,12.580000000000002,380.0,730.0,680.0,1260.0,Poor
41.0,18.0,21.0,5.9,11.7,6.3,8.8,260.0,2080.0,1.2,17.0,1.36,32.35,350.0,920.0,920.0,1600.0,170.0,540.0,3.0,19.5,5.799999999999999,8.8,2.500000000000001,7.550000000000001,1820.0,1170.0,15.8,9.1,30.990000000000002,16.855,570.0,635.0,680.0,1260.0,Poor
41.0,18.0,21.0,6.4,11.8,8.0,8.5,396.0,948.0,1.1,2.9,2.41,24.94,540.0,920.0,1600.0,1600.0,240.0,540.0,3.0,19.5,5.4,9.100000000000001,0.5,8.25,552.0,672.0,1.7999999999999998,2.0,22.53,13.675,380.0,730.0,0.0,1600.0,Poor
41.0,28.0,32.0,5.6,8.7,7.0,8.8,280.0,1378.0,1.0,4.8,2.0,17.22,350.0,920.0,920.0,1600.0,240.0,540.0,4.0,30.0,3.0999999999999996,7.1499999999999995,1.8000000000000007,7.9,1098.0,829.0,3.8,2.9,15.219999999999999,9.61,570.0,635.0,680.0,1260.0,Poor
41.0,28.0,32.0,6.3,8.6,7.0,8.8,272.0,1388.0,1.0,4.3,1.12,10.6,280.0,1840.0,920.0,3200.0,130.0,1080.0,4.0,30.0,2.3,7.449999999999999,1.8000000000000007,7.9,1116.0,830.0,3.3,2.65,9.48,5.859999999999999,1560.0,1060.0,2280.0,2060.0,Poor
41.0,27.0,32.0,6.7,8.0,8.2,8.7,685.0,1961.0,2.0,3.2,0.5,3.6,170.0,460.0,920.0,2700.0,183.2,377.2,5.0,29.5,1.2999999999999998,7.35,0.5,8.45,1276.0,1323.0,1.2000000000000002,2.6,3.1,2.05,290.0,315.0,1780.0,1810.0,Poor
41.0,25.0,28.0,6.4,13.2,7.9,8.7,1104.0,2060.0,1.0,1.0,0.0,1.42,79.0,2800.0,350.0,16000.0,5.0,61.8,3.0,26.5,6.799999999999999,9.8,0.7999999999999989,8.3,956.0,1582.0,0.0,1.0,1.42,0.71,2721.0,1439.5,15650.0,8175.0,Poor
79.0,25.0,28.2,5.2,6.2,7.4,8.3,312.0,1293.0,1.2,2.8,0.3,6.0,2.0,2.0,13.0,58.0,2.0,2.0,3.1999999999999993,26.6,1.0,5.7,0.9000000000000004,7.8500000000000005,981.0,802.5,1.5999999999999999,2.0,5.7,3.15,0.0,2.0,45.0,35.5,Poor
41.0,24.0,32.0,6.5,8.5,8.1,8.6,894.0,1750.0,2.2,3.5,0.45,9.68,220.0,580.0,920.0,2800.0,149.6,216.0,8.0,28.0,2.0,7.5,0.5,8.35,856.0,1322.0,1.2999999999999998,2.85,9.23,5.0649999999999995,360.0,400.0,1880.0,1860.0,Poor
79.0,24.0,28.4,5.1,6.2,7.3,8.4,344.0,1792.0,1.2,3.6,0.4,6.0,2.0,2.0,21.0,70.0,2.0,2.0,4.399999999999999,26.2,1.1000000000000005,5.65,1.1000000000000005,7.85,1448.0,1068.0,2.4000000000000004,2.4,5.6,3.2,0.0,2.0,49.0,45.5,Poor
79.0,25.0,28.9,4.4,6.2,7.0,8.3,512.0,1692.0,1.4,3.2,0.4,12.0,2.0,10.0,21.0,170.0,2.0,2.0,3.8999999999999986,26.95,1.7999999999999998,5.300000000000001,1.3000000000000007,7.65,1180.0,1102.0,1.8000000000000003,2.3,11.6,6.2,8.0,6.0,149.0,95.5,Poor
43.0,20.0,28.0,5.3,6.2,6.9,8.2,531.0,1714.0,1.0,2.0,0.35,0.94,102.0,303.0,549.0,1046.0,12.4,28.4,8.0,24.0,0.9000000000000004,5.75,1.299999999999999,7.55,1183.0,1122.5,1.0,1.5,0.59,0.645,201.0,202.5,497.0,797.5,Moderate
76.0,19.0,29.0,5.3,6.2,6.9,8.0,580.0,842.0,1.0,1.7,0.34,1.31,152.0,343.0,479.0,921.0,31.8,89.0,10.0,24.0,0.9000000000000004,5.75,1.0999999999999996,7.45,262.0,711.0,0.7,1.35,0.97,0.8250000000000001,191.0,247.5,442.0,700.0,Poor
79.0,17.0,24.0,6.2,7.6,6.8,8.4,852.0,1281.0,2.2,3.4,14.12,35.15,6.0,6.0,33.0,41.0,4.0,5.0,7.0,20.5,1.3999999999999995,6.9,1.6000000000000005,7.6,429.0,1066.5,1.1999999999999997,2.8,21.03,24.634999999999998,0.0,6.0,8.0,37.0,Poor
79.0,17.0,25.0,5.4,7.2,7.2,8.6,1010.0,1311.0,2.1,4.1,15.22,35.23,8.0,9.0,27.0,39.0,6.0,6.0,8.0,21.0,1.7999999999999998,6.300000000000001,1.3999999999999995,7.9,301.0,1160.5,1.9999999999999996,3.0999999999999996,20.009999999999998,25.224999999999998,1.0,8.5,12.0,33.0,Poor
79.0,23.0,25.0,6.9,7.6,7.2,8.1,621.0,998.0,2.6,2.9,1.27,1.86,4.0,39.0,43.0,470.0,2.0,3.0,2.0,24.0,0.6999999999999993,7.25,0.8999999999999995,7.65,377.0,809.5,0.2999999999999998,2.75,0.5900000000000001,1.565,35.0,21.5,427.0,256.5,Poor
79.0,18.0,25.0,6.0,7.9,7.3,8.4,926.0,1296.0,2.2,16.0,15.15,41.13,6.0,6.0,33.0,43.0,4.0,4.0,7.0,21.5,1.9000000000000004,6.95,1.1000000000000005,7.85,370.0,1111.0,13.8,9.1,25.980000000000004,28.14,0.0,6.0,10.0,38.0,Poor
79.0,18.0,24.0,5.9,7.2,7.0,8.5,834.0,1319.0,2.2,3.9,16.16,44.27,6.0,7.0,34.0,43.0,4.0,5.0,6.0,21.0,1.2999999999999998,6.550000000000001,1.5,7.75,485.0,1076.5,1.6999999999999997,3.05,28.110000000000003,30.215000000000003,1.0,6.5,9.0,38.5,Poor
79.0,19.0,24.0,5.8,7.0,7.0,8.6,862.0,1357.0,2.0,3.0,8.16,33.17,4.0,5.0,31.0,41.0,2.0,2.0,5.0,21.5,1.2000000000000002,6.4,1.5999999999999996,7.8,495.0,1109.5,1.0,2.5,25.01,20.665,1.0,4.5,10.0,36.0,Poor
34.0,25.0,27.0,7.1,7.7,7.2,8.2,772.0,950.0,2.4,2.8,1.05,1.76,4.0,28.0,64.0,470.0,2.0,4.0,2.0,26.0,0.6000000000000005,7.4,0.9999999999999991,7.699999999999999,178.0,861.0,0.3999999999999999,2.5999999999999996,0.71,1.405,24.0,16.0,406.0,267.0,Poor
2.0,22.0,25.0,6.9,7.7,7.3,8.1,664.0,882.0,2.3,2.9,1.05,1.65,7.0,39.0,75.0,460.0,2.0,4.0,3.0,23.5,0.7999999999999998,7.300000000000001,0.7999999999999998,7.699999999999999,218.0,773.0,0.6000000000000001,2.5999999999999996,0.5999999999999999,1.35,32.0,23.0,385.0,267.5,Poor
32.0,24.0,25.0,7.1,7.6,7.2,8.1,406.0,830.0,2.2,2.8,0.86,1.64,4.0,14.0,43.0,470.0,2.0,3.0,1.0,24.5,0.5,7.35,0.8999999999999995,7.65,424.0,618.0,0.5999999999999996,2.5,0.7799999999999999,1.25,10.0,9.0,427.0,256.5,Poor
84.0,24.0,24.0,7.1,7.8,7.2,8.1,520.0,788.0,2.4,2.8,0.64,1.26,4.0,15.0,64.0,470.0,2.0,3.0,0.0,24.0,0.7000000000000002,7.449999999999999,0.8999999999999995,7.65,268.0,654.0,0.3999999999999999,2.5999999999999996,0.62,0.95,11.0,9.5,406.0,267.0,Poor
45.0,25.0,25.0,25.0,28.0,7.2,6.1,7.2,6.9,7.8,7.6,7.8,8.2,796.0,7770.0,796.0,27420.0,2.8,2.6,0.0,25.0,3.0,26.5,-1.1000000000000005,6.65,-0.2999999999999998,7.050000000000001,-0.20000000000000018,7.699999999999999,0.39999999999999947,8.0,6974.0,4283.0,26624.0,14108.0,Poor
50.0,27.0,30.0,4.9,6.5,7.7,8.5,128.0,1577.0,2.2,7.2,0.3,3.48,7.0,65.0,115.0,425.0,2.0,14.0,3.0,28.5,1.5999999999999996,5.7,0.7999999999999998,8.1,1449.0,852.5,5.0,4.7,3.18,1.89,58.0,36.0,310.0,270.0,Poor
50.0,25.0,30.0,5.4,6.4,7.3,8.6,75.0,264.0,3.0,4.5,0.3,2.05,7.0,25.0,75.0,250.0,2.0,9.0,5.0,27.5,1.0,5.9,1.2999999999999998,7.949999999999999,189.0,169.5,1.5,3.75,1.7499999999999998,1.1749999999999998,18.0,16.0,175.0,162.5,Poor
50.0,26.0,30.0,5.3,6.2,7.9,8.5,483.0,944.0,3.0,6.2,0.3,3.38,7.0,65.0,120.0,275.0,2.0,13.0,4.0,28.0,0.9000000000000004,5.75,0.5999999999999996,8.2,461.0,713.5,3.2,4.6,3.08,1.8399999999999999,58.0,36.0,155.0,197.5,Poor
50.0,26.0,30.0,4.9,5.8,7.3,8.4,621.0,1273.0,3.8,7.5,0.3,4.88,7.0,120.0,150.0,900.0,2.0,25.0,4.0,28.0,0.8999999999999995,5.35,1.1000000000000005,7.85,652.0,947.0,3.7,5.65,4.58,2.59,113.0,63.5,750.0,525.0,Poor
50.0,25.0,32.0,4.3,5.6,8.0,8.4,1567.0,6941.0,4.4,14.0,0.3,2.54,9.0,110.0,130.0,550.0,4.0,25.0,7.0,28.5,1.2999999999999998,4.949999999999999,0.40000000000000036,8.2,5374.0,4254.0,9.6,9.2,2.24,1.42,101.0,59.5,420.0,340.0,Poor
50.0,20.0,32.0,5.7,6.6,6.6,8.3,42.0,686.0,2.2,3.6,0.3,2.11,7.0,30.0,95.0,250.0,2.0,8.0,12.0,26.0,0.8999999999999995,6.15,1.700000000000001,7.45,644.0,364.0,1.4,2.9000000000000004,1.8099999999999998,1.2049999999999998,23.0,18.5,155.0,172.5,Poor
50.0,23.0,31.0,5.3,6.4,7.6,8.3,177.0,445.0,2.6,5.0,0.3,1.96,7.0,30.0,85.0,225.0,2.0,11.0,8.0,27.0,1.1000000000000005,5.85,0.7000000000000011,7.95,268.0,311.0,2.4,3.8,1.66,1.13,23.0,18.5,140.0,155.0,Poor
50.0,23.0,30.0,4.8,6.2,7.4,8.2,206.0,553.0,2.8,6.4,0.3,2.82,8.0,65.0,95.0,350.0,4.0,13.0,7.0,26.5,1.4000000000000004,5.5,0.7999999999999989,7.8,347.0,379.5,3.6000000000000005,4.6,2.52,1.5599999999999998,57.0,36.5,255.0,222.5,Poor
79.0,25.0,29.0,0.3,3.0,6.8,7.9,384.0,1526.0,2.2,14.0,2.08,8.2,4.0,350.0,280.0,920.0,2.0,6.0,4.0,27.0,2.7,1.65,1.1000000000000005,7.35,1142.0,955.0,11.8,8.1,6.119999999999999,5.14,346.0,177.0,640.0,600.0,Poor
79.0,24.0,27.8,0.3,1.1,6.8,7.6,784.0,1474.0,5.2,14.0,3.4,9.2,8.0,63.0,430.0,920.0,2.0,7.0,3.8000000000000007,25.9,0.8,0.7000000000000001,0.7999999999999998,7.199999999999999,690.0,1129.0,8.8,9.6,5.799999999999999,6.3,55.0,35.5,490.0,675.0,Poor
79.0,24.0,28.0,0.3,0.3,6.9,7.8,1027.0,1621.0,6.0,15.0,3.2,9.0,6.0,58.0,350.0,920.0,2.0,12.0,4.0,26.0,0.0,0.3,0.8999999999999995,7.35,594.0,1324.0,9.0,10.5,5.8,6.1,52.0,32.0,570.0,635.0,Poor
79.0,24.0,28.9,0.3,0.3,7.0,7.9,1040.0,1794.0,6.0,16.0,3.0,12.5,11.0,48.0,350.0,920.0,2.0,21.0,4.899999999999999,26.45,0.0,0.3,0.9000000000000004,7.45,754.0,1417.0,10.0,11.0,9.5,7.75,37.0,29.5,570.0,635.0,Poor
79.0,24.0,29.0,0.3,0.8,7.0,7.4,1022.0,1502.0,5.8,14.0,3.0,10.8,14.0,48.0,350.0,1600.0,2.0,12.0,5.0,26.5,0.5,0.55,0.40000000000000036,7.2,480.0,1262.0,8.2,9.9,7.800000000000001,6.9,34.0,31.0,1250.0,975.0,Poor
79.0,24.0,28.0,0.3,1.2,6.8,7.7,1005.0,1488.0,5.2,16.0,2.6,13.6,11.0,84.0,350.0,920.0,4.0,14.0,4.0,26.0,0.8999999999999999,0.75,0.9000000000000004,7.25,483.0,1246.5,10.8,10.6,11.0,8.1,73.0,47.5,570.0,635.0,Poor
79.0,24.0,27.2,0.3,3.2,7.0,7.5,998.0,1504.0,4.0,6.0,2.6,11.84,11.0,70.0,350.0,1600.0,2.0,15.0,3.1999999999999993,25.6,2.9000000000000004,1.75,0.5,7.25,506.0,1251.0,2.0,5.0,9.24,7.22,59.0,40.5,1250.0,975.0,Poor
79.0,18.0,23.0,5.9,7.0,6.8,8.2,1025.0,1832.0,2.1,6.1,23.15,38.16,7.0,8.0,70.0,92.0,5.0,6.0,5.0,20.5,1.0999999999999996,6.45,1.3999999999999995,7.5,807.0,1428.5,3.9999999999999996,4.1,15.009999999999998,30.654999999999998,1.0,7.5,22.0,81.0,Poor
79.0,18.0,23.0,5.9,7.6,6.7,8.3,1159.0,1802.0,2.0,5.8,20.15,43.15,8.0,9.0,79.0,110.0,6.0,6.0,5.0,20.5,1.6999999999999993,6.75,1.6000000000000005,7.5,643.0,1480.5,3.8,3.9,23.0,31.65,1.0,8.5,31.0,94.5,Poor
79.0,18.0,25.0,6.3,7.6,7.4,8.5,1101.0,1724.0,2.0,4.7,16.08,35.08,7.0,8.0,49.0,70.0,5.0,6.0,7.0,21.5,1.2999999999999998,6.949999999999999,1.0999999999999996,7.95,623.0,1412.5,2.7,3.35,19.0,25.58,1.0,7.5,21.0,59.5,Poor
79.0,19.0,24.0,5.4,7.5,7.5,8.5,1154.0,2245.0,2.2,3.6,18.21,38.15,5.0,6.0,33.0,41.0,4.0,4.0,5.0,21.5,2.0999999999999996,6.45,1.0,8.0,1091.0,1699.5,1.4,2.9000000000000004,19.939999999999998,28.18,1.0,5.5,8.0,37.0,Poor
79.0,18.0,24.0,6.0,7.2,7.3,8.6,1121.0,1648.0,2.3,3.1,10.1,28.13,6.0,8.0,39.0,44.0,6.0,7.0,6.0,21.0,1.2000000000000002,6.6,1.2999999999999998,7.949999999999999,527.0,1384.5,0.8000000000000003,2.7,18.03,19.115,2.0,7.0,5.0,41.5,Poor
50.0,27.5,29.0,2.9,4.1,7.1,7.9,499.0,693.0,17.9,27.0,0.3,4.9,10.0,225.0,275.0,1800.0,6.0,40.0,1.5,28.25,1.1999999999999997,3.5,0.8000000000000007,7.5,194.0,596.0,9.100000000000001,22.45,4.6000000000000005,2.6,215.0,117.5,1525.0,1037.5,Poor
50.0,27.0,29.0,3.3,4.5,6.9,7.8,339.0,683.0,10.4,23.0,0.0,3.45,25.0,250.0,425.0,1800.0,9.0,25.0,2.0,28.0,1.2000000000000002,3.9,0.8999999999999995,7.35,344.0,511.0,12.6,16.7,3.45,1.725,225.0,137.5,1375.0,1112.5,Poor
50.0,26.0,29.0,5.0,6.2,7.4,8.3,210.0,726.0,3.0,5.4,0.3,5.4,9.0,45.0,200.0,550.0,3.0,17.0,3.0,27.5,1.2000000000000002,5.6,0.9000000000000004,7.8500000000000005,516.0,468.0,2.4000000000000004,4.2,5.1000000000000005,2.85,36.0,27.0,350.0,375.0,Poor
50.0,27.0,29.0,4.2,5.8,7.4,8.0,347.0,1603.0,4.0,10.9,0.3,11.12,8.0,200.0,110.0,900.0,4.0,25.0,2.0,28.0,1.5999999999999996,5.0,0.5999999999999996,7.7,1256.0,975.0,6.9,7.45,10.819999999999999,5.71,192.0,104.0,790.0,505.0,Poor
50.0,27.0,30.0,4.5,5.8,7.5,8.1,349.0,1621.0,3.4,8.5,0.3,10.78,10.0,115.0,95.0,900.0,2.0,20.0,3.0,28.5,1.2999999999999998,5.15,0.5999999999999996,7.8,1272.0,985.0,5.1,5.95,10.479999999999999,5.54,105.0,62.5,805.0,497.5,Poor
50.0,27.0,30.0,4.9,6.2,7.4,8.3,332.0,967.0,2.8,7.5,0.3,5.09,7.0,85.0,170.0,350.0,2.0,14.0,3.0,28.5,1.2999999999999998,5.550000000000001,0.9000000000000004,7.8500000000000005,635.0,649.5,4.7,5.15,4.79,2.695,78.0,46.0,180.0,260.0,Poor
50.0,29.0,36.0,5.3,6.4,8.0,8.4,722.0,6664.0,3.2,7.6,0.3,2.77,7.0,120.0,75.0,425.0,2.0,25.0,7.0,32.5,1.1000000000000005,5.85,0.40000000000000036,8.2,5942.0,3693.0,4.3999999999999995,5.4,2.47,1.535,113.0,63.5,350.0,250.0,Poor
50.0,22.0,22.0,4.9,4.9,8.3,8.3,1656.0,1656.0,7.8,7.8,1.11,1.11,45.0,45.0,350.0,350.0,17.0,17.0,0.0,22.0,0.0,4.9,0.0,8.3,0.0,1656.0,0.0,7.8,0.0,1.11,0.0,45.0,0.0,350.0,Poor
50.0,29.0,36.0,4.4,6.3,7.8,8.4,950.0,2383.0,2.5,10.4,0.3,2.23,6.0,45.0,80.0,550.0,2.0,14.0,7.0,32.5,1.8999999999999995,5.35,0.6000000000000005,8.1,1433.0,1666.5,7.9,6.45,1.93,1.265,39.0,25.5,470.0,315.0,Poor
41.0,29.0,29.0,6.0,10.0,7.0,8.5,826.0,1620.0,1.2,2.9,2.27,8.15,540.0,920.0,1600.0,1600.0,280.0,540.0,0.0,29.0,4.0,8.0,1.5,7.75,794.0,1223.0,1.7,2.05,5.880000000000001,5.21,380.0,730.0,0.0,1600.0,Poor
41.0,25.0,31.0,6.0,8.6,7.4,8.5,1050.0,2010.0,3.0,8.0,0.48,3.51,230.0,260000.0,1600.0,280000.0,19.2,2536.0,6.0,28.0,2.5999999999999996,7.3,1.0999999999999996,7.95,960.0,1530.0,5.0,5.5,3.03,1.9949999999999999,259770.0,130115.0,278400.0,140800.0,Poor
41.0,24.0,32.0,6.5,11.6,7.7,8.8,880.0,1295.0,2.0,4.0,0.51,67.0,140.0,23000.0,1100.0,350000.0,27.6,141.6,8.0,28.0,5.1,9.05,1.1000000000000005,8.25,415.0,1087.5,2.0,3.0,66.49,33.755,22860.0,11570.0,348900.0,175550.0,Poor
41.0,24.0,32.0,5.6,12.0,7.7,8.6,818.0,1278.0,2.0,3.3,0.46,6.9,20.0,700.0,350.0,5400.0,2.0,2.0,8.0,28.0,6.4,8.8,0.8999999999999995,8.15,460.0,1048.0,1.2999999999999998,2.65,6.44,3.68,680.0,360.0,5050.0,2875.0,Poor
41.0,24.0,28.0,7.1,8.7,8.1,8.6,1270.0,2198.0,4.0,6.7,0.0,3.72,790.0,2200.0,4900.0,9200.0,36.2,101.0,4.0,26.0,1.5999999999999996,7.8999999999999995,0.5,8.35,928.0,1734.0,2.7,5.35,3.72,1.86,1410.0,1495.0,4300.0,7050.0,Poor
41.0,26.0,34.0,7.0,8.0,8.1,8.5,390.0,1473.0,2.0,3.0,0.35,11.56,33.0,490.0,280.0,2800.0,7.6,27.8,8.0,30.0,1.0,7.5,0.40000000000000036,8.3,1083.0,931.5,1.0,2.5,11.21,5.955,457.0,261.5,2520.0,1540.0,Poor
28.0,21.0,29.0,5.5,6.2,6.9,8.1,547.0,896.0,1.3,2.5,0.34,1.29,173.0,378.0,501.0,980.0,31.8,89.0,8.0,25.0,0.7000000000000002,5.85,1.1999999999999993,7.5,349.0,721.5,1.2,1.9,0.95,0.8150000000000001,205.0,275.5,479.0,740.5,Moderate
39.0,22.0,28.0,5.4,6.3,7.4,8.1,1152.0,1479.0,1.0,2.8,0.93,2.12,146.0,320.0,575.0,816.0,2.4,11.2,6.0,25.0,0.8999999999999995,5.85,0.6999999999999993,7.75,327.0,1315.5,1.7999999999999998,1.9,1.19,1.5250000000000001,174.0,233.0,241.0,695.5,Moderate
41.0,20.0,25.0,6.6,7.7,7.0,8.2,70.0,164.0,1.6,2.0,0.3,0.6,12.0,40.0,110.0,350.0,2.0,5.6,5.0,22.5,1.1000000000000005,7.15,1.1999999999999993,7.6,94.0,117.0,0.3999999999999999,1.8,0.3,0.44999999999999996,28.0,26.0,240.0,230.0,Poor
41.0,20.0,25.0,6.6,7.9,6.9,8.2,61.0,150.0,1.2,2.0,0.3,0.52,11.0,40.0,110.0,350.0,2.0,5.6,5.0,22.5,1.3000000000000007,7.25,1.299999999999999,7.55,89.0,105.5,0.8,1.6,0.22000000000000003,0.41000000000000003,29.0,25.5,240.0,230.0,Poor
41.0,26.0,27.0,6.6,8.1,7.0,8.1,103.0,250.0,1.0,2.4,0.3,0.83,13.0,93.0,110.0,1600.0,2.0,2.0,1.0,26.5,1.5,7.35,1.0999999999999996,7.55,147.0,176.5,1.4,1.7,0.53,0.565,80.0,53.0,1490.0,855.0,Poor
41.0,26.0,28.0,4.9,8.0,7.0,8.5,100.0,250.0,1.5,2.9,0.3,1.53,78.0,390.0,920.0,2400.0,74.8,188.8,2.0,27.0,3.0999999999999996,6.45,1.5,7.75,150.0,175.0,1.4,2.2,1.23,0.915,312.0,234.0,1480.0,1660.0,Poor
41.0,26.0,27.0,6.7,9.5,7.1,8.4,111.0,190.0,1.3,3.3,0.3,0.96,11.0,310.0,110.0,2400.0,34.4,84.2,1.0,26.5,2.8,8.1,1.3000000000000007,7.75,79.0,150.5,1.9999999999999998,2.3,0.6599999999999999,0.63,299.0,160.5,2290.0,1255.0,Poor
41.0,26.0,28.0,6.0,7.8,7.0,7.9,122.0,200.0,1.2,2.8,0.3,1.2,13.0,270.0,140.0,1300.0,2.0,2.0,2.0,27.0,1.7999999999999998,6.9,0.9000000000000004,7.45,78.0,161.0,1.5999999999999999,2.0,0.8999999999999999,0.75,257.0,141.5,1160.0,720.0,Poor
50.0,25.0,36.0,4.7,6.2,7.7,8.4,672.0,9529.0,3.0,8.3,0.3,2.12,9.0,45.0,110.0,550.0,4.0,25.0,11.0,30.5,1.5,5.45,0.7000000000000002,8.05,8857.0,5100.5,5.300000000000001,5.65,1.82,1.21,36.0,27.0,440.0,330.0,Poor
50.0,25.0,36.0,4.5,5.8,7.8,8.4,745.0,1824.0,4.2,9.0,0.3,3.35,10.0,175.0,140.0,900.0,5.0,25.0,11.0,30.5,1.2999999999999998,5.15,0.6000000000000005,8.1,1079.0,1284.5,4.8,6.6,3.0500000000000003,1.825,165.0,92.5,760.0,520.0,Poor
41.0,24.0,29.0,6.1,8.7,7.8,8.7,196.0,884.0,1.1,3.0,3.23,28.19,350.0,540.0,920.0,1600.0,110.0,350.0,5.0,26.5,2.5999999999999996,7.3999999999999995,0.8999999999999995,8.25,688.0,540.0,1.9,2.05,24.96,15.71,190.0,445.0,680.0,1260.0,Poor
41.0,18.0,21.0,5.6,13.7,6.4,9.2,208.0,1258.0,1.8,5.2,3.95,55.36,350.0,920.0,920.0,1600.0,240.0,540.0,3.0,19.5,8.1,9.649999999999999,2.799999999999999,7.8,1050.0,733.0,3.4000000000000004,3.5,51.41,29.655,570.0,635.0,680.0,1260.0,Poor
41.0,17.0,20.0,5.6,13.7,6.3,9.1,268.0,1320.0,1.6,4.2,4.37,47.51,430.0,920.0,920.0,1600.0,240.0,540.0,3.0,18.5,8.1,9.649999999999999,2.8,7.699999999999999,1052.0,794.0,2.6,2.9000000000000004,43.14,25.939999999999998,490.0,675.0,680.0,1260.0,Poor
50.0,26.0,27.0,4.6,6.1,7.5,8.4,431.0,1336.0,3.5,9.7,0.3,3.42,7.0,45.0,200.0,550.0,2.0,20.0,1.0,26.5,1.5,5.35,0.9000000000000004,7.95,905.0,883.5,6.199999999999999,6.6,3.12,1.8599999999999999,38.0,26.0,350.0,375.0,Poor
50.0,25.0,29.0,4.8,6.1,7.0,7.8,216.0,777.0,2.2,8.3,0.3,7.25,8.0,70.0,85.0,900.0,2.0,30.0,4.0,27.0,1.2999999999999998,5.449999999999999,0.7999999999999998,7.4,561.0,496.5,6.1000000000000005,5.25,6.95,3.775,62.0,39.0,815.0,492.5,Poor
50.0,26.0,29.0,5.2,5.8,7.0,7.9,210.0,784.0,3.2,8.4,0.3,3.41,10.0,115.0,170.0,550.0,4.0,20.0,3.0,27.5,0.5999999999999996,5.5,0.9000000000000004,7.45,574.0,497.0,5.2,5.800000000000001,3.1100000000000003,1.855,105.0,62.5,380.0,360.0,Poor
50.0,26.0,28.0,4.8,5.8,7.0,8.0,190.0,711.0,3.5,8.9,0.3,7.7,8.0,70.0,140.0,550.0,4.0,20.0,2.0,27.0,1.0,5.3,1.0,7.5,521.0,450.5,5.4,6.2,7.4,4.0,62.0,39.0,410.0,345.0,Poor
41.0,24.0,32.0,6.7,8.8,7.7,8.5,340.0,610.0,1.7,4.0,0.31,3.4,49.0,63000.0,240.0,120000.0,27.6,808.0,8.0,28.0,2.1000000000000005,7.75,0.7999999999999998,8.1,270.0,475.0,2.3,2.85,3.09,1.855,62951.0,31524.5,119760.0,60120.0,Poor
41.0,24.0,32.0,7.2,8.9,7.7,8.6,339.0,612.0,1.0,3.6,0.34,3.0,63.0,7000.0,540.0,16000.0,8.6,906.0,8.0,28.0,1.7000000000000002,8.05,0.8999999999999995,8.15,273.0,475.5,2.6,2.3,2.66,1.67,6937.0,3531.5,15460.0,8270.0,Poor
41.0,24.0,32.0,6.7,8.7,7.9,8.5,316.0,580.0,2.0,6.0,0.48,4.0,14.0,7900.0,20.0,160000.0,453.2,4210.0,8.0,28.0,1.9999999999999991,7.699999999999999,0.5999999999999996,8.2,264.0,448.0,4.0,4.0,3.52,2.24,7886.0,3957.0,159980.0,80010.0,Poor
50.0,26.0,32.0,5.4,6.7,7.5,8.1,65.0,239.0,2.0,5.0,0.3,2.84,7.0,35.0,110.0,350.0,2.0,13.0,6.0,29.0,1.2999999999999998,6.050000000000001,0.5999999999999996,7.8,174.0,152.0,3.0,3.5,2.54,1.5699999999999998,28.0,21.0,240.0,230.0,Poor
41.0,22.0,29.0,5.6,8.4,6.5,8.8,190.0,268.0,1.3,2.9,1.65,15.25,350.0,920.0,920.0,1600.0,130.0,540.0,7.0,25.5,2.8000000000000007,7.0,2.3000000000000007,7.65,78.0,229.0,1.5999999999999999,2.1,13.6,8.45,570.0,635.0,680.0,1260.0,Poor
41.0,24.0,32.0,5.6,8.8,7.7,8.7,268.0,518.0,1.1,3.0,1.23,23.04,280.0,920.0,920.0,1600.0,170.0,540.0,8.0,28.0,3.200000000000001,7.2,0.9999999999999991,8.2,250.0,393.0,1.9,2.05,21.81,12.135,640.0,600.0,680.0,1260.0,Poor
41.0,18.0,22.0,5.0,11.5,7.6,8.8,708.0,1868.0,1.0,3.8,5.55,37.28,540.0,920.0,920.0,1600.0,240.0,540.0,4.0,20.0,6.5,8.25,1.200000000000001,8.2,1160.0,1288.0,2.8,2.4,31.73,21.415,380.0,730.0,680.0,1260.0,Poor
41.0,18.0,21.0,5.0,11.7,8.1,8.7,758.0,1748.0,1.0,4.6,3.48,38.24,350.0,920.0,1600.0,1600.0,240.0,540.0,3.0,19.5,6.699999999999999,8.35,0.5999999999999996,8.399999999999999,990.0,1253.0,3.5999999999999996,2.8,34.760000000000005,20.86,570.0,635.0,0.0,1600.0,Poor
41.0,20.0,26.0,5.1,8.3,6.9,9.0,190.0,270.0,1.0,2.8,2.02,14.18,270.0,920.0,920.0,1600.0,110.0,540.0,6.0,23.0,3.200000000000001,6.7,2.0999999999999996,7.95,80.0,230.0,1.7999999999999998,1.9,12.16,8.1,650.0,595.0,680.0,1260.0,Poor
50.0,27.0,29.0,4.3,5.4,7.0,7.9,249.0,805.0,5.2,16.0,0.3,4.95,10.0,195.0,200.0,1600.0,4.0,30.0,2.0,28.0,1.1000000000000005,4.85,0.9000000000000004,7.45,556.0,527.0,10.8,10.6,4.65,2.625,185.0,102.5,1400.0,900.0,Poor
50.0,27.5,29.0,3.4,5.1,7.0,8.1,246.0,728.0,5.4,25.0,0.3,3.62,14.0,225.0,275.0,1800.0,7.0,45.0,1.5,28.25,1.6999999999999997,4.25,1.0999999999999996,7.55,482.0,487.0,19.6,15.2,3.3200000000000003,1.96,211.0,119.5,1525.0,1037.5,Poor
50.0,27.0,29.0,3.6,4.6,7.1,7.9,337.0,667.0,11.0,21.0,0.3,3.12,20.0,170.0,540.0,1800.0,8.0,30.0,2.0,28.0,0.9999999999999996,4.1,0.8000000000000007,7.5,330.0,502.0,10.0,16.0,2.8200000000000003,1.71,150.0,95.0,1260.0,1170.0,Poor
50.0,25.0,28.0,4.3,5.1,7.0,7.8,326.0,693.0,7.0,13.5,0.3,2.43,13.0,110.0,280.0,1600.0,4.0,20.0,3.0,26.5,0.7999999999999998,4.699999999999999,0.7999999999999998,7.4,367.0,509.5,6.5,10.25,2.1300000000000003,1.365,97.0,61.5,1320.0,940.0,Poor
42.0,26.0,26.0,6.9,7.7,7.6,8.1,585.0,998.0,2.4,2.9,1.26,1.92,3.0,28.0,39.0,470.0,2.0,3.0,0.0,26.0,0.7999999999999998,7.300000000000001,0.5,7.85,413.0,791.5,0.5,2.65,0.6599999999999999,1.5899999999999999,25.0,15.5,431.0,254.5,Poor
79.0,24.8,30.7,4.6,6.1,7.2,8.3,343.0,802.0,1.0,3.2,0.92,3.4,2.0,2.0,23.0,49.0,2.0,2.0,5.899999999999999,27.75,1.5,5.35,1.1000000000000005,7.75,459.0,572.5,2.2,2.1,2.48,2.16,0.0,2.0,26.0,36.0,Poor
50.0,25.0,28.0,5.8,6.6,7.3,8.0,59.0,155.0,2.2,3.2,0.3,1.22,4.0,40.0,80.0,350.0,2.0,9.0,3.0,26.5,0.7999999999999998,6.199999999999999,0.7000000000000002,7.65,96.0,107.0,1.0,2.7,0.9199999999999999,0.76,36.0,22.0,270.0,215.0,Poor
50.0,27.5,29.0,2.5,3.9,6.8,7.8,394.0,589.0,21.3,29.0,0.3,3.12,25.0,550.0,900.0,1800.0,9.0,50.0,1.5,28.25,1.4,3.2,1.0,7.3,195.0,491.5,7.699999999999999,25.15,2.8200000000000003,1.71,525.0,287.5,900.0,1350.0,Poor
50.0,27.5,29.0,2.7,4.1,6.9,7.8,433.0,568.0,21.0,29.0,0.3,3.05,20.0,350.0,900.0,1800.0,9.0,55.0,1.5,28.25,1.3999999999999995,3.4,0.8999999999999995,7.35,135.0,500.5,8.0,25.0,2.75,1.6749999999999998,330.0,185.0,900.0,1350.0,Poor
50.0,27.0,29.0,2.8,4.1,6.9,7.8,376.0,609.0,19.8,30.0,0.3,2.55,30.0,350.0,550.0,1800.0,10.0,50.0,2.0,28.0,1.2999999999999998,3.4499999999999997,0.8999999999999995,7.35,233.0,492.5,10.2,24.9,2.25,1.4249999999999998,320.0,190.0,1250.0,1175.0,Poor
33.0,25.0,27.0,7.1,7.9,7.5,8.1,880.0,1170.0,2.6,2.9,0.95,1.96,3.0,28.0,39.0,470.0,2.0,4.0,2.0,26.0,0.8000000000000007,7.5,0.5999999999999996,7.8,290.0,1025.0,0.2999999999999998,2.75,1.01,1.455,25.0,15.5,431.0,254.5,Poor
50.0,24.0,27.0,5.3,7.8,7.4,8.1,85.0,192.0,1.8,3.0,0.39,2.59,6.0,11.0,24.0,39.0,2.0,2.0,3.0,25.5,2.5,6.55,0.6999999999999993,7.75,107.0,138.5,1.2,2.4,2.1999999999999997,1.49,5.0,8.5,15.0,31.5,Poor
50.0,24.0,27.0,5.6,7.6,7.4,8.5,83.0,223.0,1.8,3.0,0.36,2.53,6.0,12.0,22.0,47.0,2.0,2.0,3.0,25.5,2.0,6.6,1.0999999999999996,7.95,140.0,153.0,1.2,2.4,2.17,1.4449999999999998,6.0,9.0,25.0,34.5,Poor
50.0,24.0,28.0,5.6,7.8,7.3,8.6,84.0,734.0,1.8,3.8,0.82,3.43,6.0,10.0,25.0,47.0,2.0,2.0,4.0,26.0,2.2,6.699999999999999,1.2999999999999998,7.949999999999999,650.0,409.0,1.9999999999999998,2.8,2.6100000000000003,2.125,4.0,8.0,22.0,36.0,Poor
50.0,24.0,28.0,5.4,7.7,7.6,8.5,155.0,1029.0,1.8,3.0,0.66,3.26,4.0,9.0,21.0,47.0,2.0,2.0,4.0,26.0,2.3,6.550000000000001,0.9000000000000004,8.05,874.0,592.0,1.2,2.4,2.5999999999999996,1.96,5.0,6.5,26.0,34.0,Poor
50.0,26.0,28.0,3.1,4.4,7.0,7.9,223.0,705.0,12.0,27.0,0.3,4.98,12.0,275.0,350.0,1600.0,6.0,30.0,2.0,27.0,1.3000000000000003,3.75,0.9000000000000004,7.45,482.0,464.0,15.0,19.5,4.680000000000001,2.64,263.0,143.5,1250.0,975.0,Poor
50.0,26.0,28.0,5.3,6.5,7.0,8.0,114.0,276.0,2.4,4.8,0.3,1.42,4.0,30.0,85.0,275.0,2.0,17.0,2.0,27.0,1.2000000000000002,5.9,1.0,7.5,162.0,195.0,2.4,3.5999999999999996,1.1199999999999999,0.86,26.0,17.0,190.0,180.0,Poor
50.0,26.0,28.0,4.2,5.8,6.9,8.0,190.0,594.0,4.8,13.0,0.3,4.42,11.0,95.0,350.0,1800.0,4.0,35.0,2.0,27.0,1.5999999999999996,5.0,1.0999999999999996,7.45,404.0,392.0,8.2,8.9,4.12,2.36,84.0,53.0,1450.0,1075.0,Poor
50.0,26.0,28.0,3.2,4.9,7.0,7.9,245.0,830.0,9.0,31.0,0.3,4.39,14.0,550.0,425.0,1800.0,6.0,50.0,2.0,27.0,1.7000000000000002,4.050000000000001,0.9000000000000004,7.45,585.0,537.5,22.0,20.0,4.09,2.3449999999999998,536.0,282.0,1375.0,1112.5,Poor
50.0,26.0,28.0,3.7,4.4,7.0,7.8,243.0,679.0,13.0,24.0,0.3,3.72,12.0,195.0,425.0,1800.0,8.0,35.0,2.0,27.0,0.7000000000000002,4.050000000000001,0.7999999999999998,7.4,436.0,461.0,11.0,18.5,3.4200000000000004,2.0100000000000002,183.0,103.5,1375.0,1112.5,Poor
50.0,25.0,28.0,2.9,4.3,7.0,7.9,229.0,754.0,13.5,28.0,0.3,3.08,14.0,195.0,540.0,1800.0,7.0,45.0,3.0,26.5,1.4,3.5999999999999996,0.9000000000000004,7.45,525.0,491.5,14.5,20.75,2.7800000000000002,1.69,181.0,104.5,1260.0,1170.0,Poor
50.0,28.0,35.0,4.4,5.6,7.7,8.6,755.0,1826.0,4.4,10.9,1.08,1.89,9.0,25.0,115.0,275.0,4.0,9.0,7.0,31.5,1.1999999999999993,5.0,0.8999999999999995,8.15,1071.0,1290.5,6.5,7.65,0.8099999999999998,1.4849999999999999,16.0,17.0,160.0,195.0,Poor
41.0,26.0,28.0,0.5,9.3,6.5,7.7,88.0,360.0,1.2,8.0,0.3,2.82,110.0,940.0,1400.0,3500.0,174.2,321.4,2.0,27.0,8.8,4.9,1.2000000000000002,7.1,272.0,224.0,6.8,4.6,2.52,1.5599999999999998,830.0,525.0,2100.0,2450.0,Poor
41.0,25.0,28.0,5.0,9.7,6.5,8.1,66.0,220.0,1.0,2.5,0.3,0.92,17.0,46.0,210.0,540.0,2.0,2.2,3.0,26.5,4.699999999999999,7.35,1.5999999999999996,7.3,154.0,143.0,1.5,1.75,0.6200000000000001,0.61,29.0,31.5,330.0,375.0,Poor
41.0,25.0,28.0,6.3,8.2,6.8,8.1,100.0,193.0,1.0,3.0,0.3,1.1,4.0,43.0,220.0,540.0,2.0,7.4,3.0,26.5,1.8999999999999995,7.25,1.2999999999999998,7.449999999999999,93.0,146.5,2.0,2.0,0.8,0.7000000000000001,39.0,23.5,320.0,380.0,Poor
41.0,25.0,30.0,7.0,7.6,7.4,8.5,92.0,350.0,1.0,2.8,0.3,1.2,17.0,170.0,170.0,1500.0,2.0,6.4,5.0,27.5,0.5999999999999996,7.3,1.0999999999999996,7.95,258.0,221.0,1.7999999999999998,1.9,0.8999999999999999,0.75,153.0,93.5,1330.0,835.0,Poor
41.0,27.0,30.0,7.0,7.6,7.4,8.5,123.0,750.0,1.4,3.0,0.3,1.2,17.0,210.0,170.0,1700.0,5.0,32.0,3.0,28.5,0.5999999999999996,7.3,1.0999999999999996,7.95,627.0,436.5,1.6,2.2,0.8999999999999999,0.75,193.0,113.5,1530.0,935.0,Poor
41.0,25.0,29.0,7.0,7.4,7.1,8.5,102.0,370.0,1.1,3.0,0.3,1.57,4.0,200.0,140.0,1700.0,2.0,6.4,4.0,27.0,0.40000000000000036,7.2,1.4000000000000004,7.8,268.0,236.0,1.9,2.05,1.27,0.935,196.0,102.0,1560.0,920.0,Poor
41.0,26.0,30.0,6.1,6.8,7.0,8.2,250.0,1900.0,3.2,6.2,0.43,2.64,11.0,94.0,170.0,920.0,3.0,15.6,4.0,28.0,0.7000000000000002,6.449999999999999,1.1999999999999993,7.6,1650.0,1075.0,3.0,4.7,2.21,1.5350000000000001,83.0,52.5,750.0,545.0,Poor
41.0,25.0,29.0,6.9,7.4,7.1,8.5,96.0,360.0,1.2,3.0,0.3,1.53,11.0,130.0,220.0,1600.0,2.0,6.4,4.0,27.0,0.5,7.15,1.4000000000000004,7.8,264.0,228.0,1.8,2.1,1.23,0.915,119.0,70.5,1380.0,910.0,Poor
41.0,26.0,30.0,6.7,7.0,7.1,8.3,128.0,610.0,3.2,5.2,0.32,1.77,700.0,4700.0,4300.0,43000.0,10.4,855.4,4.0,28.0,0.2999999999999998,6.85,1.200000000000001,7.7,482.0,369.0,2.0,4.2,1.45,1.045,4000.0,2700.0,38700.0,23650.0,Poor
41.0,27.0,30.0,6.1,6.9,7.0,8.5,133.0,1400.0,2.2,4.6,0.34,1.44,13.0,200.0,350.0,1300.0,11.8,27.6,3.0,28.5,0.8000000000000007,6.5,1.5,7.75,1267.0,766.5,2.3999999999999995,3.4,1.0999999999999999,0.89,187.0,106.5,950.0,825.0,Poor
41.0,27.0,28.0,6.7,7.8,7.1,8.2,119.0,1070.0,2.0,4.2,0.94,1.4,21.0,280.0,280.0,2800.0,14.6,31.0,1.0,27.5,1.0999999999999996,7.25,1.0999999999999996,7.6499999999999995,951.0,594.5,2.2,3.1,0.45999999999999996,1.17,259.0,150.5,2520.0,1540.0,Poor
41.0,27.0,30.0,6.8,7.4,7.6,8.4,116.0,900.0,1.8,3.4,0.63,1.34,17.0,110.0,220.0,1600.0,4.6,25.4,3.0,28.5,0.6000000000000005,7.1,0.8000000000000007,8.0,784.0,508.0,1.5999999999999999,2.6,0.7100000000000001,0.9850000000000001,93.0,63.5,1380.0,910.0,Poor
41.0,27.0,31.0,6.9,7.3,7.7,8.5,152.0,790.0,1.1,2.8,0.3,1.5,9.0,91.0,170.0,840.0,2.8,15.2,4.0,29.0,0.39999999999999947,7.1,0.7999999999999998,8.1,638.0,471.0,1.6999999999999997,1.95,1.2,0.9,82.0,50.0,670.0,505.0,Poor
41.0,27.0,30.0,7.0,8.3,7.7,8.3,120.0,970.0,1.5,3.5,0.62,2.45,17.0,140.0,240.0,1200.0,2.4,15.4,3.0,28.5,1.3000000000000007,7.65,0.6000000000000005,8.0,850.0,545.0,2.0,2.5,1.83,1.5350000000000001,123.0,78.5,960.0,720.0,Poor
41.0,27.0,32.0,7.0,10.5,7.6,8.4,136.0,850.0,1.0,3.6,0.65,1.41,18.0,140.0,170.0,1400.0,3.6,16.8,5.0,29.5,3.5,8.75,0.8000000000000007,8.0,714.0,493.0,2.6,2.3,0.7599999999999999,1.03,122.0,79.0,1230.0,785.0,Poor
41.0,27.0,31.0,7.0,10.2,7.1,8.5,137.0,820.0,1.0,6.6,0.66,1.43,21.0,120.0,350.0,1100.0,2.4,11.6,4.0,29.0,3.1999999999999993,8.6,1.4000000000000004,7.8,683.0,478.5,5.6,3.8,0.7699999999999999,1.045,99.0,70.5,750.0,725.0,Poor
41.0,27.0,34.0,7.1,11.8,7.3,8.5,145.0,660.0,1.0,3.0,0.72,1.22,33.0,940.0,130.0,5400.0,6.2,17.4,7.0,30.5,4.700000000000001,9.45,1.2000000000000002,7.9,515.0,402.5,2.0,2.0,0.5,0.97,907.0,486.5,5270.0,2765.0,Poor
41.0,27.0,31.0,7.2,7.5,7.4,8.5,164.0,770.0,1.6,3.0,0.4,1.5,13.0,630.0,110.0,4300.0,3.8,11.4,4.0,29.0,0.2999999999999998,7.35,1.0999999999999996,7.95,606.0,467.0,1.4,2.3,1.1,0.95,617.0,321.5,4190.0,2205.0,Poor
41.0,22.0,30.0,7.1,7.8,7.3,8.5,328.0,900.0,2.0,3.0,0.3,3.34,280.0,490.0,1600.0,2800.0,110.0,110.0,8.0,26.0,0.7000000000000002,7.449999999999999,1.2000000000000002,7.9,572.0,614.0,1.0,2.5,3.04,1.8199999999999998,210.0,385.0,1200.0,2200.0,Poor
41.0,17.0,29.0,0.3,7.8,6.5,8.4,69.0,2430.0,1.0,78.0,0.32,8.0,48.0,4800000.0,79.0,54000000.0,2.0,17.0,12.0,23.0,7.5,4.05,1.9000000000000004,7.45,2361.0,1249.5,77.0,39.5,7.68,4.16,4799952.0,2400024.0,53999921.0,27000039.5,Poor
41.0,27.0,32.0,6.8,8.7,8.3,8.6,676.0,2050.0,2.5,3.5,1.1,4.0,280.0,700.0,1600.0,2800.0,248.0,420.0,5.0,29.5,1.8999999999999995,7.75,0.29999999999999893,8.45,1374.0,1363.0,1.0,3.0,2.9,2.55,420.0,490.0,1200.0,2200.0,Poor
41.0,24.0,28.0,7.2,12.2,8.2,8.7,921.0,2560.0,1.0,1.0,0.0,1.52,70.0,790.0,280.0,5400.0,6.2,20.4,4.0,26.0,4.999999999999999,9.7,0.5,8.45,1639.0,1740.5,0.0,1.0,1.52,0.76,720.0,430.0,5120.0,2840.0,Poor
84.0,21.0,29.0,5.3,6.4,7.3,8.0,964.0,1652.0,1.0,2.7,0.46,1.51,163.0,615.0,602.0,1553.0,49.6,181.8,8.0,25.0,1.1000000000000005,5.85,0.7000000000000002,7.65,688.0,1308.0,1.7000000000000002,1.85,1.05,0.985,452.0,389.0,951.0,1077.5,Moderate
47.0,22.0,28.0,5.2,6.3,7.3,8.1,1360.0,1698.0,1.7,2.5,0.53,2.24,177.0,479.0,549.0,1203.0,2.4,14.8,6.0,25.0,1.0999999999999996,5.75,0.7999999999999998,7.699999999999999,338.0,1529.0,0.8,2.1,1.7100000000000002,1.3850000000000002,302.0,328.0,654.0,876.0,Moderate
47.0,18.0,27.0,5.0,5.9,6.8,7.9,1329.0,2263.0,1.3,2.8,0.52,1.46,162.0,549.0,613.0,1553.0,50.6,130.2,9.0,22.5,0.9000000000000004,5.45,1.1000000000000005,7.35,934.0,1796.0,1.4999999999999998,2.05,0.94,0.99,387.0,355.5,940.0,1083.0,Moderate
4.0,21.0,28.0,5.1,5.7,7.0,7.8,720.0,1720.0,1.0,2.8,1.09,1.84,177.0,689.0,649.0,1986.0,130.8,392.4,7.0,24.5,0.6000000000000005,5.4,0.7999999999999998,7.4,1000.0,1220.0,1.7999999999999998,1.9,0.75,1.465,512.0,433.0,1337.0,1317.5,Moderate
46.0,24.0,26.0,5.8,6.7,7.6,8.0,34400.0,54200.0,2.3,2.9,0.66,1.24,3.0,14.0,36.0,210.0,2.0,3.0,2.0,25.0,0.9000000000000004,6.25,0.40000000000000036,7.8,19800.0,44300.0,0.6000000000000001,2.5999999999999996,0.58,0.95,11.0,8.5,174.0,123.0,Poor
50.0,25.0,33.5,4.9,6.4,7.3,8.3,174.0,887.0,3.0,5.2,0.3,1.83,8.0,40.0,95.0,425.0,4.0,14.0,8.5,29.25,1.5,5.65,1.0000000000000009,7.800000000000001,713.0,530.5,2.2,4.1,1.53,1.065,32.0,24.0,330.0,260.0,Poor
50.0,26.0,29.0,5.0,6.1,7.9,8.0,177.0,582.0,4.0,8.4,0.3,0.3,14.0,110.0,350.0,425.0,6.0,17.0,3.0,27.5,1.0999999999999996,5.55,0.09999999999999964,7.95,405.0,379.5,4.4,6.2,0.0,0.3,96.0,62.0,75.0,387.5,Poor
86.0,23.0,34.0,5.3,5.9,7.3,8.0,683.0,1263.0,1.2,2.8,0.61,1.61,203.0,613.0,816.0,1553.0,188.4,500.0,11.0,28.5,0.6000000000000005,5.6,0.7000000000000002,7.65,580.0,973.0,1.5999999999999999,2.0,1.0,1.11,410.0,408.0,737.0,1184.5,Moderate
85.0,22.0,28.0,5.5,6.2,7.3,8.1,806.0,1298.0,1.0,2.5,0.69,1.43,185.0,395.0,575.0,1300.0,11.4,90.6,6.0,25.0,0.7000000000000002,5.85,0.7999999999999998,7.699999999999999,492.0,1052.0,1.5,1.75,0.74,1.06,210.0,290.0,725.0,937.5,Moderate
3.0,17.0,20.0,6.8,8.3,7.5,8.2,728.0,1080.0,2.6,2.8,0.54,1.46,3.0,14.0,64.0,470.0,2.0,3.0,3.0,18.5,1.5000000000000009,7.550000000000001,0.6999999999999993,7.85,352.0,904.0,0.19999999999999973,2.7,0.9199999999999999,1.0,11.0,8.5,406.0,267.0,Poor
84.0,20.0,28.0,5.0,6.4,6.6,7.7,835.0,1451.0,1.0,2.7,0.38,1.7,151.0,381.0,575.0,1049.0,11.8,23.6,8.0,24.0,1.4000000000000004,5.7,1.1000000000000005,7.15,616.0,1143.0,1.7000000000000002,1.85,1.3199999999999998,1.04,230.0,266.0,474.0,812.0,Moderate
55.0,15.0,29.0,3.4,5.9,6.9,7.7,876.0,1310.0,2.2,3.6,0.75,2.38,235.0,649.0,770.0,1986.0,192.4,500.0,14.0,22.0,2.5000000000000004,4.65,0.7999999999999998,7.300000000000001,434.0,1093.0,1.4,2.9000000000000004,1.63,1.565,414.0,442.0,1216.0,1378.0,Moderate
67.0,29.0,35.0,6.3,13.7,8.1,9.4,856.0,1605.0,2.0,9.0,0.0,0.32,2.0,1600.0,170.0,1600.0,2.0,280.0,6.0,32.0,7.3999999999999995,10.0,1.3000000000000007,8.75,749.0,1230.5,7.0,5.5,0.32,0.16,1598.0,801.0,1430.0,885.0,Poor
41.0,17.0,26.0,6.3,7.7,7.0,8.7,48.0,170.0,1.0,2.5,0.3,1.0,17.0,43.0,210.0,350.0,2.0,5.6,9.0,21.5,1.4000000000000004,7.0,1.6999999999999993,7.85,122.0,109.0,1.5,1.75,0.7,0.65,26.0,30.0,140.0,280.0,Poor
41.0,18.0,27.0,6.2,7.7,7.2,8.6,63.0,326.0,1.0,3.0,0.3,1.9,32.0,78.0,240.0,630.0,2.0,5.0,9.0,22.5,1.5,6.95,1.3999999999999995,7.9,263.0,194.5,2.0,2.0,1.5999999999999999,1.0999999999999999,46.0,55.0,390.0,435.0,Poor
41.0,19.0,28.0,6.1,7.0,7.0,8.6,143.0,489.0,1.0,4.0,0.78,3.4,83.0,170.0,940.0,1300.0,28.0,103.0,9.0,23.5,0.9000000000000004,6.55,1.5999999999999996,7.8,346.0,316.0,3.0,2.5,2.62,2.09,87.0,126.5,360.0,1120.0,Poor
41.0,20.0,29.0,5.7,6.7,7.8,8.5,221.0,518.0,2.0,4.5,0.75,4.1,110.0,270.0,1300.0,2400.0,80.6,135.8,9.0,24.5,1.0,6.2,0.7000000000000002,8.15,297.0,369.5,2.5,3.25,3.3499999999999996,2.425,160.0,190.0,1100.0,1850.0,Poor
41.0,19.0,29.0,5.5,6.9,7.7,8.7,158.0,438.0,2.0,4.0,1.4,2.8,110.0,210.0,1200.0,1700.0,68.8,187.0,10.0,24.0,1.4000000000000004,6.2,0.9999999999999991,8.2,280.0,298.0,2.0,3.0,1.4,2.0999999999999996,100.0,160.0,500.0,1450.0,Poor
41.0,21.0,33.0,5.4,7.0,7.9,8.6,215.0,485.0,1.0,3.5,1.16,2.4,110.0,210.0,1100.0,1700.0,29.2,107.0,12.0,27.0,1.5999999999999996,6.2,0.6999999999999993,8.25,270.0,350.0,2.5,2.25,1.24,1.7799999999999998,100.0,160.0,600.0,1400.0,Poor
41.0,23.0,28.0,5.7,7.1,8.0,8.5,195.0,495.0,1.0,3.5,0.97,2.8,110.0,170.0,1100.0,1700.0,29.2,107.0,5.0,25.5,1.3999999999999995,6.4,0.5,8.25,300.0,345.0,2.5,2.25,1.8299999999999998,1.8849999999999998,60.0,140.0,600.0,1400.0,Poor
41.0,19.0,28.0,6.2,6.9,7.6,8.5,160.0,457.0,1.8,3.0,0.48,3.3,110.0,210.0,1100.0,1500.0,73.6,187.0,9.0,23.5,0.7000000000000002,6.550000000000001,0.9000000000000004,8.05,297.0,308.5,1.2,2.4,2.82,1.89,100.0,160.0,400.0,1300.0,Poor
41.0,19.0,29.0,6.1,7.1,7.5,8.7,140.0,564.0,1.0,3.0,0.96,2.9,83.0,170.0,700.0,2100.0,7.4,39.0,10.0,24.0,1.0,6.6,1.1999999999999993,8.1,424.0,352.0,2.0,2.0,1.94,1.93,87.0,126.5,1400.0,1400.0,Poor
41.0,20.0,29.0,5.7,6.4,7.5,8.6,203.0,586.0,2.5,4.0,0.72,3.9,110.0,260.0,1200.0,2300.0,60.4,77.8,9.0,24.5,0.7000000000000002,6.050000000000001,1.0999999999999996,8.05,383.0,394.5,1.5,3.25,3.1799999999999997,2.31,150.0,185.0,1100.0,1750.0,Moderate
41.0,20.0,29.0,5.8,6.7,7.3,8.6,216.0,704.0,2.0,4.5,0.71,4.1,93.0,320.0,1100.0,2100.0,13.8,38.8,9.0,24.5,0.9000000000000004,6.25,1.2999999999999998,7.949999999999999,488.0,460.0,2.5,3.25,3.3899999999999997,2.405,227.0,206.5,1000.0,1600.0,Poor
41.0,21.0,30.0,5.9,7.0,7.3,8.6,140.0,535.0,1.0,3.5,0.56,4.3,68.0,220.0,840.0,1300.0,28.0,102.0,9.0,25.5,1.0999999999999996,6.45,1.2999999999999998,7.949999999999999,395.0,337.5,2.5,2.25,3.7399999999999998,2.4299999999999997,152.0,144.0,460.0,1070.0,Poor
41.0,21.0,30.0,6.3,7.2,7.4,8.6,120.0,493.0,1.0,3.0,0.48,2.9,68.0,93.0,700.0,1100.0,2.4,7.6,9.0,25.5,0.9000000000000004,6.75,1.1999999999999993,8.0,373.0,306.5,2.0,2.0,2.42,1.69,25.0,80.5,400.0,900.0,Poor
41.0,17.0,27.0,6.2,7.7,7.3,8.6,66.0,326.0,1.0,3.0,0.32,1.8,32.0,68.0,240.0,700.0,2.0,4.8,10.0,22.0,1.5,6.95,1.2999999999999998,7.949999999999999,260.0,196.0,2.0,2.0,1.48,1.06,36.0,50.0,460.0,470.0,Poor
41.0,18.0,28.0,6.2,7.4,7.6,8.6,152.0,462.0,1.0,3.0,1.1,2.9,68.0,120.0,230.0,1100.0,2.0,2.0,10.0,23.0,1.2000000000000002,6.800000000000001,1.0,8.1,310.0,307.0,2.0,2.0,1.7999999999999998,2.0,52.0,94.0,870.0,665.0,Poor
41.0,19.0,27.0,6.5,7.3,8.0,8.7,218.0,481.0,1.0,3.0,0.75,2.4,68.0,110.0,700.0,1500.0,7.8,38.0,8.0,23.0,0.7999999999999998,6.9,0.6999999999999993,8.35,263.0,349.5,2.0,2.0,1.65,1.575,42.0,89.0,800.0,1100.0,Poor
41.0,23.0,33.0,5.2,6.8,7.9,8.7,205.0,492.0,2.0,4.0,1.0,3.4,78.0,260.0,940.0,1700.0,8.6,46.0,10.0,28.0,1.5999999999999996,6.0,0.7999999999999989,8.3,287.0,348.5,2.0,3.0,2.4,2.2,182.0,169.0,760.0,1320.0,Poor
41.0,19.0,28.0,6.3,7.3,7.9,8.7,218.0,480.0,1.0,3.0,0.84,2.7,61.0,110.0,630.0,1200.0,3.2,13.2,9.0,23.5,1.0,6.8,0.7999999999999989,8.3,262.0,349.0,2.0,2.0,1.8600000000000003,1.77,49.0,85.5,570.0,915.0,Poor
41.0,25.0,36.0,3.6,6.9,7.2,8.1,269.0,1144.0,4.0,12.0,1.0,5.0,22.0,9400.0,79.0,92000.0,6.0,510.4,11.0,30.5,3.3000000000000003,5.25,0.8999999999999995,7.65,875.0,706.5,8.0,8.0,4.0,3.0,9378.0,4711.0,91921.0,46039.5,Poor
41.0,22.0,31.0,6.2,7.0,7.0,8.7,217.0,484.0,1.0,3.0,0.96,3.2,78.0,170.0,840.0,1400.0,8.0,42.0,9.0,26.5,0.7999999999999998,6.6,1.6999999999999993,7.85,267.0,350.5,2.0,2.0,2.24,2.08,92.0,124.0,560.0,1120.0,Poor
41.0,16.0,27.0,6.5,7.8,6.8,8.9,48.0,127.0,1.0,2.5,0.3,1.0,17.0,41.0,210.0,350.0,2.0,5.6,11.0,21.5,1.2999999999999998,7.15,2.1000000000000005,7.85,79.0,87.5,1.5,1.75,0.7,0.65,24.0,29.0,140.0,280.0,Poor
41.0,17.0,27.0,6.6,7.6,7.2,8.8,58.0,333.0,1.0,3.0,0.3,2.2,21.0,92.0,220.0,1200.0,2.0,2.0,10.0,22.0,1.0,7.1,1.6000000000000005,8.0,275.0,195.5,2.0,2.0,1.9000000000000001,1.25,71.0,56.5,980.0,710.0,Poor
41.0,25.0,26.0,7.0,7.7,8.0,8.8,329.0,586.0,1.0,1.0,0.0,1.72,11.0,79.0,350.0,350.0,10.0,18.2,1.0,25.5,0.7000000000000002,7.35,0.8000000000000007,8.4,257.0,457.5,0.0,1.0,1.72,0.86,68.0,45.0,0.0,350.0,Good
78.0,23.0,31.0,5.2,6.5,7.0,8.9,340.0,1596.0,1.0,2.7,0.32,0.55,5.0,17.0,13.0,39.0,2.0,2.0,8.0,27.0,1.2999999999999998,5.85,1.9000000000000004,7.95,1256.0,968.0,1.7000000000000002,1.85,0.23000000000000004,0.43500000000000005,12.0,11.0,26.0,26.0,Poor
78.0,24.0,30.0,5.9,6.7,7.2,8.3,304.0,1204.0,1.0,2.7,0.32,1.22,7.0,33.0,14.0,140.0,2.0,2.0,6.0,27.0,0.7999999999999998,6.300000000000001,1.1000000000000005,7.75,900.0,754.0,1.7000000000000002,1.85,0.8999999999999999,0.77,26.0,20.0,126.0,77.0,Poor
78.0,28.0,37.0,5.2,6.5,7.1,8.3,335.0,1177.0,1.0,3.1,0.32,3.42,14.0,26.0,26.0,70.0,2.0,2.0,9.0,32.5,1.2999999999999998,5.85,1.200000000000001,7.7,842.0,756.0,2.1,2.05,3.1,1.8699999999999999,12.0,20.0,44.0,48.0,Poor
78.0,26.0,35.0,5.6,7.3,7.6,8.3,531.0,1085.0,1.0,2.8,0.32,0.75,2.0,21.0,8.0,47.0,2.6,3.0,9.0,30.5,1.7000000000000002,6.449999999999999,0.7000000000000011,7.95,554.0,808.0,1.7999999999999998,1.9,0.43,0.535,19.0,11.5,39.0,27.5,Poor
78.0,3.0,33.0,5.5,6.7,7.6,8.6,500.0,1336.0,1.0,2.7,0.32,0.92,9.0,24.0,17.0,39.0,2.2,2.4,30.0,18.0,1.2000000000000002,6.1,1.0,8.1,836.0,918.0,1.7000000000000002,1.85,0.6000000000000001,0.62,15.0,16.5,22.0,28.0,Poor
78.0,26.0,34.0,5.6,6.8,7.5,8.4,373.0,1260.0,1.0,2.5,0.32,1.21,2.0,27.0,5.0,130.0,2.0,2.0,8.0,30.0,1.2000000000000002,6.199999999999999,0.9000000000000004,7.95,887.0,816.5,1.5,1.75,0.8899999999999999,0.765,25.0,14.5,125.0,67.5,Poor
78.0,25.0,31.0,6.4,8.8,7.1,8.4,426.0,978.0,1.0,3.0,0.32,2.12,6.0,78.0,14.0,400.0,2.0,4.4,6.0,28.0,2.4000000000000004,7.6000000000000005,1.3000000000000007,7.75,552.0,702.0,2.0,2.0,1.8,1.22,72.0,42.0,386.0,207.0,Poor
78.0,25.0,32.0,4.5,7.9,7.2,8.5,392.0,932.0,1.0,4.0,0.32,2.08,7.0,170.0,17.0,940.0,2.0,14.4,7.0,28.5,3.4000000000000004,6.2,1.2999999999999998,7.85,540.0,662.0,3.0,2.5,1.76,1.2,163.0,88.5,923.0,478.5,Poor
78.0,25.0,32.0,4.2,7.9,7.1,8.3,384.0,904.0,1.0,3.0,0.32,2.22,7.0,45.0,24.0,140.0,2.0,2.8,7.0,28.5,3.7,6.050000000000001,1.200000000000001,7.7,520.0,644.0,2.0,2.0,1.9000000000000001,1.27,38.0,26.0,116.0,82.0,Poor
78.0,24.0,31.0,5.7,8.0,7.3,8.5,472.0,1016.0,1.0,3.0,0.32,18.12,7.0,93.0,21.0,330.0,2.0,4.4,7.0,27.5,2.3,6.85,1.2000000000000002,7.9,544.0,744.0,2.0,2.0,17.8,9.22,86.0,50.0,309.0,175.5,Poor
78.0,23.0,28.0,4.5,7.9,7.3,8.1,472.0,946.0,1.0,2.9,0.32,6.48,2.0,68.0,8.0,680.0,2.0,3.2,5.0,25.5,3.4000000000000004,6.2,0.7999999999999998,7.699999999999999,474.0,709.0,1.9,1.95,6.16,3.4000000000000004,66.0,35.0,672.0,344.0,Poor
78.0,24.0,32.0,5.6,7.9,7.3,8.4,395.0,890.0,1.0,2.8,0.32,2.36,2.0,20.0,4.0,450.0,2.0,2.4,8.0,28.0,2.3000000000000007,6.75,1.1000000000000005,7.85,495.0,642.5,1.7999999999999998,1.9,2.04,1.3399999999999999,18.0,11.0,446.0,227.0,Poor
78.0,23.0,23.0,5.9,6.2,7.8,8.0,583.0,627.0,1.0,1.0,0.32,0.5,14.0,14.0,26.0,31.0,2.8,4.0,0.0,23.0,0.2999999999999998,6.050000000000001,0.20000000000000018,7.9,44.0,605.0,0.0,1.0,0.18,0.41000000000000003,0.0,14.0,5.0,28.5,Poor
78.0,25.0,30.0,5.8,6.5,7.4,8.3,368.0,839.0,1.0,2.4,0.32,1.49,11.0,27.0,17.0,110.0,2.0,2.0,5.0,27.5,0.7000000000000002,6.15,0.9000000000000004,7.8500000000000005,471.0,603.5,1.4,1.7,1.17,0.905,16.0,19.0,93.0,63.5,Poor
78.0,29.0,37.0,4.9,6.7,7.7,8.7,322.0,707.0,1.0,3.0,0.32,0.64,8.0,27.0,17.0,47.0,2.0,2.0,8.0,33.0,1.7999999999999998,5.800000000000001,0.9999999999999991,8.2,385.0,514.5,2.0,2.0,0.32,0.48,19.0,17.5,30.0,32.0,Poor
78.0,25.0,30.0,5.9,6.5,7.5,8.4,350.0,903.0,1.0,2.1,0.32,0.92,7.0,24.0,14.0,46.0,2.0,3.2,5.0,27.5,0.5999999999999996,6.2,0.9000000000000004,7.95,553.0,626.5,1.1,1.55,0.6000000000000001,0.62,17.0,15.5,32.0,30.0,Poor
78.0,24.0,31.0,6.1,6.5,7.4,8.3,325.0,1306.0,1.0,2.4,0.32,1.46,11.0,40.0,22.0,220.0,2.0,2.0,7.0,27.5,0.40000000000000036,6.3,0.9000000000000004,7.8500000000000005,981.0,815.5,1.4,1.7,1.14,0.89,29.0,25.5,198.0,121.0,Poor
78.0,27.0,31.0,5.6,6.7,7.4,7.9,340.0,533.0,2.3,2.8,0.32,1.04,2.0,11.0,2.0,200.0,2.0,2.0,4.0,29.0,1.1000000000000005,6.15,0.5,7.65,193.0,436.5,0.5,2.55,0.72,0.68,9.0,6.5,198.0,101.0,Poor
78.0,24.0,34.0,5.2,6.5,7.7,8.6,819.0,37450.0,2.1,16.0,0.0,1.79,9.0,26.0,17.0,140.0,2.0,91.6,10.0,29.0,1.2999999999999998,5.85,0.8999999999999995,8.15,36631.0,19134.5,13.9,9.05,1.79,0.895,17.0,17.5,123.0,78.5,Poor
78.0,22.0,34.0,5.2,6.5,7.7,8.4,777.0,44100.0,2.1,8.0,0.0,7.32,9.0,21.0,17.0,47.0,2.0,91.6,12.0,28.0,1.2999999999999998,5.85,0.7000000000000002,8.05,43323.0,22438.5,5.9,5.05,7.32,3.66,12.0,15.0,30.0,32.0,Poor
78.0,26.0,37.0,5.2,6.5,7.3,8.7,331.0,959.0,1.0,3.0,0.32,2.92,11.0,26.0,17.0,70.0,2.0,4.0,11.0,31.5,1.2999999999999998,5.85,1.3999999999999995,8.0,628.0,645.0,2.0,2.0,2.6,1.6199999999999999,15.0,18.5,53.0,43.5,Poor
78.0,28.0,37.0,5.6,6.7,7.6,8.5,352.0,681.0,1.0,2.7,0.0,0.46,2.0,24.0,14.0,70.0,2.0,2.0,9.0,32.5,1.1000000000000005,6.15,0.9000000000000004,8.05,329.0,516.5,1.7000000000000002,1.85,0.46,0.23,22.0,13.0,56.0,42.0,Poor
78.0,28.9,37.0,5.7,6.7,7.7,8.6,366.0,578.0,1.0,2.8,0.0,1.82,11.0,26.0,21.0,48.0,2.0,2.0,8.100000000000001,32.95,1.0,6.2,0.8999999999999995,8.15,212.0,472.0,1.7999999999999998,1.9,1.82,0.91,15.0,18.5,27.0,34.5,Poor
78.0,24.0,29.0,5.7,6.5,7.3,8.5,335.0,665.0,1.0,2.1,0.32,0.53,11.0,21.0,17.0,47.0,2.0,2.0,5.0,26.5,0.7999999999999998,6.1,1.2000000000000002,7.9,330.0,500.0,1.1,1.55,0.21000000000000002,0.42500000000000004,10.0,16.0,30.0,32.0,Poor
78.0,23.0,29.0,5.7,6.8,7.3,8.4,317.0,912.0,1.0,2.7,0.32,1.71,9.0,47.0,21.0,280.0,2.8,7.2,6.0,26.0,1.0999999999999996,6.25,1.1000000000000005,7.85,595.0,614.5,1.7000000000000002,1.85,1.39,1.015,38.0,28.0,259.0,150.5,Poor
78.0,26.0,34.0,5.6,6.8,7.5,8.8,462.0,1134.0,1.0,2.6,0.32,1.13,6.0,24.0,14.0,48.0,2.4,2.6,8.0,30.0,1.2000000000000002,6.199999999999999,1.3000000000000007,8.15,672.0,798.0,1.6,1.8,0.8099999999999998,0.725,18.0,15.0,34.0,31.0,Poor
78.0,20.0,20.0,5.6,6.2,8.1,8.2,567.0,583.0,1.0,1.0,0.54,0.54,17.0,20.0,39.0,47.0,2.4,2.6,0.0,20.0,0.6000000000000005,5.9,0.09999999999999964,8.149999999999999,16.0,575.0,0.0,1.0,0.0,0.54,3.0,18.5,8.0,43.0,Poor
41.0,18.0,28.0,6.1,7.3,7.6,8.6,219.0,482.0,1.0,3.0,0.88,2.6,68.0,120.0,630.0,1300.0,4.8,22.4,10.0,23.0,1.2000000000000002,6.699999999999999,1.0,8.1,263.0,350.5,2.0,2.0,1.7200000000000002,1.74,52.0,94.0,670.0,965.0,Poor
41.0,17.0,20.0,6.7,7.3,7.3,8.0,40.0,91.0,1.0,2.0,0.3,0.64,17.0,41.0,220.0,350.0,2.0,3.8,3.0,18.5,0.5999999999999996,7.0,0.7000000000000002,7.65,51.0,65.5,1.0,1.5,0.34,0.47,24.0,29.0,130.0,285.0,Poor
41.0,17.0,21.0,6.7,7.7,7.2,8.1,50.0,86.0,1.0,2.0,0.3,0.56,17.0,47.0,210.0,350.0,2.0,3.8,4.0,19.0,1.0,7.2,0.8999999999999995,7.65,36.0,68.0,1.0,1.5,0.26000000000000006,0.43000000000000005,30.0,32.0,140.0,280.0,Poor
41.0,16.0,20.0,6.6,7.7,7.5,8.0,50.0,85.0,1.0,2.5,0.3,0.68,24.0,33.0,220.0,430.0,2.0,5.2,4.0,18.0,1.1000000000000005,7.15,0.5,7.75,35.0,67.5,1.5,1.75,0.38000000000000006,0.49,9.0,28.5,210.0,325.0,Poor
41.0,18.0,21.0,6.8,7.6,6.8,8.0,58.0,105.0,1.0,2.0,0.3,0.64,22.0,32.0,210.0,280.0,2.0,2.8,3.0,19.5,0.7999999999999998,7.199999999999999,1.2000000000000002,7.4,47.0,81.5,1.0,1.5,0.34,0.47,10.0,27.0,70.0,245.0,Poor
41.0,17.0,22.0,6.8,7.5,7.3,7.8,50.0,92.0,1.0,2.0,0.3,0.68,27.0,47.0,240.0,350.0,2.0,3.8,5.0,19.5,0.7000000000000002,7.15,0.5,7.55,42.0,71.0,1.0,1.5,0.38000000000000006,0.49,20.0,37.0,110.0,295.0,Poor
41.0,22.0,28.0,6.0,6.9,7.5,8.3,146.0,445.0,2.0,3.0,0.96,2.5,92.0,170.0,1100.0,1500.0,73.6,187.0,6.0,25.0,0.9000000000000004,6.45,0.8000000000000007,7.9,299.0,295.5,1.0,2.5,1.54,1.73,78.0,131.0,400.0,1300.0,Poor
41.0,22.0,27.0,6.0,7.0,7.8,8.4,147.0,447.0,1.0,3.5,1.1,2.8,92.0,210.0,940.0,1700.0,8.6,46.0,5.0,24.5,1.0,6.5,0.6000000000000005,8.1,300.0,297.0,2.5,2.25,1.6999999999999997,1.95,118.0,151.0,760.0,1320.0,Poor
41.0,23.0,27.0,5.4,6.7,7.7,8.4,253.0,541.0,2.0,4.2,1.9,4.1,140.0,330.0,1300.0,2400.0,60.4,77.8,4.0,25.0,1.2999999999999998,6.050000000000001,0.7000000000000002,8.05,288.0,397.0,2.2,3.1,2.1999999999999997,3.0,190.0,235.0,1100.0,1850.0,Poor
41.0,23.0,26.0,5.2,6.5,7.8,8.4,272.0,516.0,3.0,4.5,1.3,3.8,120.0,390.0,1500.0,2800.0,81.0,116.2,3.0,24.5,1.2999999999999998,5.85,0.6000000000000005,8.1,244.0,394.0,1.5,3.75,2.5,2.55,270.0,255.0,1300.0,2150.0,Moderate
78.0,26.0,33.0,5.7,6.5,6.9,8.5,434.0,966.0,1.0,2.7,0.32,1.03,7.0,22.0,17.0,47.0,2.0,3.6,7.0,29.5,0.7999999999999998,6.1,1.5999999999999996,7.7,532.0,700.0,1.7000000000000002,1.85,0.71,0.675,15.0,14.5,30.0,32.0,Poor
78.0,26.0,35.0,5.6,7.3,7.6,8.3,531.0,1085.0,1.0,2.8,0.32,0.75,2.0,21.0,8.0,47.0,2.6,3.0,9.0,30.5,1.7000000000000002,6.449999999999999,0.7000000000000011,7.95,554.0,808.0,1.7999999999999998,1.9,0.43,0.535,19.0,11.5,39.0,27.5,Poor
78.0,28.7,37.0,5.3,6.7,7.6,8.5,342.0,968.0,1.0,2.4,0.32,3.92,7.0,24.0,12.0,39.0,2.0,3.6,8.3,32.85,1.4000000000000004,6.0,0.9000000000000004,8.05,626.0,655.0,1.4,1.7,3.6,2.12,17.0,15.5,27.0,25.5,Poor
78.0,19.0,30.0,5.6,6.6,6.9,8.0,93.0,409.0,1.0,2.7,0.32,0.74,7.0,140.0,14.0,320.0,2.0,2.0,11.0,24.5,1.0,6.1,1.0999999999999996,7.45,316.0,251.0,1.7000000000000002,1.85,0.42,0.53,133.0,73.5,306.0,167.0,Poor
78.0,20.0,30.0,5.6,6.9,7.0,8.4,128.0,391.0,1.0,2.4,0.32,1.25,8.0,68.0,14.0,200.0,3.4,17.0,10.0,25.0,1.3000000000000007,6.25,1.4000000000000004,7.7,263.0,259.5,1.4,1.7,0.9299999999999999,0.785,60.0,38.0,186.0,107.0,Poor
78.0,26.0,34.0,5.2,6.5,7.2,8.6,184.0,579.0,1.0,2.9,0.32,1.47,11.0,17.0,20.0,40.0,2.0,2.0,8.0,30.0,1.2999999999999998,5.85,1.3999999999999995,7.9,395.0,381.5,1.9,1.95,1.15,0.895,6.0,14.0,20.0,30.0,Poor
78.0,27.0,34.0,5.8,6.9,7.3,8.1,159.0,436.0,1.0,2.7,0.32,2.95,9.0,68.0,14.0,170.0,5.8,33.0,7.0,30.5,1.1000000000000005,6.35,0.7999999999999998,7.699999999999999,277.0,297.5,1.7000000000000002,1.85,2.6300000000000003,1.635,59.0,38.5,156.0,92.0,Poor
78.0,29.0,37.0,5.2,6.7,7.7,8.6,336.0,955.0,1.0,3.0,0.32,2.63,8.0,21.0,20.0,48.0,2.0,4.0,8.0,33.0,1.5,5.95,0.8999999999999995,8.15,619.0,645.5,2.0,2.0,2.31,1.4749999999999999,13.0,14.5,28.0,34.0,Poor
78.0,28.0,37.0,5.7,6.7,7.8,8.8,341.0,947.0,1.0,2.7,0.32,0.89,11.0,22.0,21.0,49.0,2.0,3.6,9.0,32.5,1.0,6.2,1.0000000000000009,8.3,606.0,644.0,1.7000000000000002,1.85,0.5700000000000001,0.605,11.0,16.5,28.0,35.0,Poor
41.0,23.0,28.0,5.0,7.1,7.4,8.3,220.0,590.0,2.0,3.0,0.2,0.87,110.0,470.0,920.0,3500.0,11.0,17.0,5.0,25.5,2.0999999999999996,6.05,0.9000000000000004,7.8500000000000005,370.0,405.0,1.0,2.5,0.6699999999999999,0.535,360.0,290.0,2580.0,2210.0,Poor
41.0,22.0,27.0,6.4,7.7,7.4,8.2,120.0,280.0,2.0,2.2,0.3,0.63,70.0,120.0,540.0,1100.0,2.4,7.6,5.0,24.5,1.2999999999999998,7.050000000000001,0.7999999999999989,7.8,160.0,200.0,0.20000000000000018,2.1,0.33,0.46499999999999997,50.0,95.0,560.0,820.0,Poor
41.0,21.0,27.0,5.3,6.5,7.8,8.6,568.0,737.0,2.5,4.5,1.2,4.8,140.0,390.0,1500.0,4300.0,7.6,109.4,6.0,24.0,1.2000000000000002,5.9,0.7999999999999998,8.2,169.0,652.5,2.0,3.5,3.5999999999999996,3.0,250.0,265.0,2800.0,2900.0,Moderate
41.0,23.0,31.0,2.1,6.3,6.7,7.4,194.0,578.0,4.0,18.0,0.6,7.0,40.0,17000.0,350.0,160000.0,11.0,920.0,8.0,27.0,4.199999999999999,4.2,0.7000000000000002,7.050000000000001,384.0,386.0,14.0,11.0,6.4,3.8,16960.0,8520.0,159650.0,80175.0,Poor
41.0,23.0,30.0,4.6,6.4,7.8,8.6,622.0,740.0,2.5,5.0,2.3,3.5,150.0,400.0,1500.0,3500.0,128.4,195.6,7.0,26.5,1.8000000000000007,5.5,0.7999999999999998,8.2,118.0,681.0,2.5,3.75,1.2000000000000002,2.9,250.0,275.0,2000.0,2500.0,Poor
78.0,25.0,32.0,0.3,5.2,7.0,7.9,1075.0,2250.0,2.1,27.0,0.32,1.36,7.0,21000.0,14.0,47000.0,33.0,340.4,7.0,28.5,4.9,2.75,0.9000000000000004,7.45,1175.0,1662.5,24.9,14.55,1.04,0.8400000000000001,20993.0,10503.5,46986.0,23507.0,Poor
78.0,26.0,31.0,0.3,6.0,6.9,8.0,878.0,2350.0,2.7,120.0,0.32,4.43,9.0,390000.0,20.0,470000.0,290.2,28420.8,5.0,28.5,5.7,3.15,1.0999999999999996,7.45,1472.0,1614.0,117.3,61.35,4.109999999999999,2.375,389991.0,195004.5,469980.0,235010.0,Poor
78.0,22.0,32.0,5.2,7.5,7.0,8.1,84.0,395.0,1.0,2.4,0.32,0.82,2.0,17.0,11.0,39.0,2.0,6.8,10.0,27.0,2.3,6.35,1.0999999999999996,7.55,311.0,239.5,1.4,1.7,0.49999999999999994,0.57,15.0,9.5,28.0,25.0,Poor
78.0,3.0,31.0,5.2,6.7,7.3,8.2,2612.0,3550.0,1.0,3.0,0.32,2.69,2.0,17.0,2.0,49.0,5.4,7.8,28.0,17.0,1.5,5.95,0.8999999999999995,7.75,938.0,3081.0,2.0,2.0,2.37,1.505,15.0,9.5,47.0,25.5,Poor
78.0,25.0,34.0,5.5,6.8,7.1,7.9,1769.0,2850.0,1.0,2.8,0.32,3.52,4.0,40.0,17.0,540.0,5.4,7.8,9.0,29.5,1.2999999999999998,6.15,0.8000000000000007,7.5,1081.0,2309.5,1.7999999999999998,1.9,3.2,1.92,36.0,22.0,523.0,278.5,Poor
41.0,25.0,35.0,3.2,7.0,6.7,7.9,499.0,1520.0,4.0,18.0,1.9,5.8,40.0,15000.0,540.0,160000.0,70.0,2400.0,10.0,30.0,3.8,5.1,1.2000000000000002,7.300000000000001,1021.0,1009.5,14.0,11.0,3.9,3.8499999999999996,14960.0,7520.0,159460.0,80270.0,Poor
41.0,25.0,31.0,1.8,6.1,6.6,8.1,664.0,2082.0,4.0,21.0,2.0,16.0,31.0,84000.0,140.0,920000.0,23.0,1600.0,6.0,28.0,4.3,3.9499999999999997,1.5,7.35,1418.0,1373.0,17.0,12.5,14.0,9.0,83969.0,42015.5,919860.0,460070.0,Poor
41.0,24.0,27.0,0.3,6.1,6.0,7.1,280.0,976.0,4.0,72.0,0.9,3.74,14.0,4900.0,170.0,35000.0,10.559999999999999,896.5200000000001,3.0,25.5,5.8,3.1999999999999997,1.0999999999999996,6.55,696.0,628.0,68.0,38.0,2.8400000000000003,2.3200000000000003,4886.0,2457.0,34830.0,17585.0,Poor
41.0,25.0,36.0,3.1,6.3,6.7,8.2,396.0,1418.0,4.0,20.0,1.7,5.0,21.0,11000.0,110.0,160000.0,447.0,4212.0,11.0,30.5,3.1999999999999997,4.7,1.4999999999999991,7.449999999999999,1022.0,907.0,16.0,12.0,3.3,3.35,10979.0,5510.5,159890.0,80055.0,Poor
41.0,20.0,29.0,5.1,6.9,7.7,8.3,197.0,555.0,2.0,4.0,0.32,3.2,110.0,220.0,1100.0,1700.0,29.2,107.0,9.0,24.5,1.8000000000000007,6.0,0.6000000000000005,8.0,358.0,376.0,2.0,3.0,2.8800000000000003,1.76,110.0,165.0,600.0,1400.0,Poor
41.0,22.0,30.0,5.6,6.8,7.4,8.4,152.0,360.0,2.0,4.0,0.3,2.1,93.0,320.0,1100.0,1700.0,70.8,165.0,8.0,26.0,1.2000000000000002,6.199999999999999,1.0,7.9,208.0,256.0,2.0,3.0,1.8,1.2,227.0,206.5,600.0,1400.0,Poor
87.0,24.0,32.0,6.1,7.7,6.5,7.3,65.0,169.0,1.0,1.2,0.3,0.3,8.0,130.0,22.0,150.0,2.0,58.0,8.0,28.0,1.6000000000000005,6.9,0.7999999999999998,6.9,104.0,117.0,0.19999999999999996,1.1,0.0,0.3,122.0,69.0,128.0,86.0,Poor
41.0,19.0,29.0,6.3,7.3,7.8,8.4,159.0,358.0,1.0,3.0,0.32,2.3,65.0,120.0,700.0,1200.0,2.4,7.6,10.0,24.0,1.0,6.8,0.6000000000000005,8.1,199.0,258.5,2.0,2.0,1.9799999999999998,1.3099999999999998,55.0,92.5,500.0,950.0,Poor
41.0,19.0,30.0,5.0,6.6,7.6,8.6,259.0,555.0,3.0,4.5,0.3,4.2,150.0,390.0,1500.0,2400.0,128.8,162.8,11.0,24.5,1.5999999999999996,5.8,1.0,8.1,296.0,407.0,1.5,3.75,3.9000000000000004,2.25,240.0,270.0,900.0,1950.0,Poor
41.0,19.0,30.0,5.8,7.2,7.7,8.4,174.0,460.0,1.0,3.5,0.3,2.9,93.0,320.0,1100.0,2300.0,34.4,97.8,11.0,24.5,1.4000000000000004,6.5,0.7000000000000002,8.05,286.0,317.0,2.5,2.25,2.6,1.5999999999999999,227.0,206.5,1200.0,1700.0,Poor
41.0,21.0,29.0,4.4,6.5,7.9,8.5,258.0,564.0,2.5,6.0,0.56,4.8,130.0,340.0,1500.0,2400.0,128.8,162.8,8.0,25.0,2.0999999999999996,5.45,0.5999999999999996,8.2,306.0,411.0,3.5,4.25,4.24,2.6799999999999997,210.0,235.0,900.0,1950.0,Poor
41.0,22.0,31.0,2.5,6.2,7.3,8.4,319.0,859.0,3.0,8.0,1.5,5.4,140.0,680.0,2100.0,4100.0,154.4,319.4,9.0,26.5,3.7,4.35,1.1000000000000005,7.85,540.0,589.0,5.0,5.5,3.9000000000000004,3.45,540.0,410.0,2000.0,3100.0,Poor
41.0,22.0,31.0,3.0,6.4,7.2,8.5,318.0,767.0,3.0,8.0,1.4,5.6,140.0,480.0,2100.0,4300.0,154.4,319.4,9.0,26.5,3.4000000000000004,4.7,1.2999999999999998,7.85,449.0,542.5,5.0,5.5,4.199999999999999,3.5,340.0,310.0,2200.0,3200.0,Poor
41.0,22.0,31.0,4.4,6.4,7.6,8.5,290.0,660.0,3.0,6.0,1.2,3.9,120.0,410.0,2100.0,3500.0,198.2,271.4,9.0,26.5,2.0,5.4,0.9000000000000004,8.05,370.0,475.0,3.0,4.5,2.7,2.55,290.0,265.0,1400.0,2800.0,Poor
78.0,23.0,30.0,0.3,5.9,6.8,8.2,1413.0,3710.0,1.8,36.0,0.32,1.53,14.0,26000.0,26.0,220000.0,136.0,3918.0,7.0,26.5,5.6000000000000005,3.1,1.3999999999999995,7.5,2297.0,2561.5,34.2,18.9,1.21,0.925,25986.0,13007.0,219974.0,110013.0,Poor
78.0,27.0,31.0,0.3,3.6,6.8,7.8,490.0,2120.0,4.2,25.0,1.22,32.0,18.0,470.0,310.0,1400.0,2.6,7.4,4.0,29.0,3.3000000000000003,1.95,1.0,7.3,1630.0,1305.0,20.8,14.6,30.78,16.61,452.0,244.0,1090.0,855.0,Poor
78.0,27.0,31.0,0.3,2.9,6.7,7.5,476.0,2040.0,5.3,25.0,1.06,31.0,18.0,330.0,360.0,1400.0,2.6,7.4,4.0,29.0,2.6,1.5999999999999999,0.7999999999999998,7.1,1564.0,1258.0,19.7,15.15,29.94,16.03,312.0,174.0,1040.0,880.0,Poor
78.0,27.0,32.0,0.3,3.9,6.9,7.4,398.0,1986.0,4.5,20.0,0.32,16.02,40.0,270.0,200.0,1400.0,3.0,11.2,5.0,29.5,3.6,2.1,0.5,7.15,1588.0,1192.0,15.5,12.25,15.7,8.17,230.0,155.0,1200.0,800.0,Poor
78.0,28.0,33.0,0.3,2.7,6.6,7.4,378.0,20600.0,6.0,40.0,0.32,18.02,2.0,320.0,330.0,1700.0,2.4,86.8,5.0,30.5,2.4000000000000004,1.5,0.8000000000000007,7.0,20222.0,10489.0,34.0,23.0,17.7,9.17,318.0,161.0,1370.0,1015.0,Poor
78.0,28.0,33.0,0.3,4.1,6.5,7.3,426.0,16410.0,4.6,38.0,1.25,18.5,40.0,320.0,460.0,1500.0,2.4,86.8,5.0,30.5,3.8,2.1999999999999997,0.7999999999999998,6.9,15984.0,8418.0,33.4,21.3,17.25,9.875,280.0,180.0,1040.0,980.0,Poor
78.0,28.0,32.0,0.3,1.9,6.5,7.1,647.0,2270.0,7.0,33.0,0.32,14.0,68.0,520.0,680.0,2200.0,84.2,229.4,4.0,30.0,1.5999999999999999,1.0999999999999999,0.5999999999999996,6.8,1623.0,1458.5,26.0,20.0,13.68,7.16,452.0,294.0,1520.0,1440.0,Poor
78.0,28.0,33.0,0.3,2.4,6.6,7.3,638.0,2290.0,6.0,83.0,0.32,16.02,61.0,390.0,630.0,2000.0,84.2,229.4,5.0,30.5,2.1,1.3499999999999999,0.7000000000000002,6.949999999999999,1652.0,1464.0,77.0,44.5,15.7,8.17,329.0,225.5,1370.0,1315.0,Poor
78.0,28.0,32.0,0.3,4.4,6.6,7.1,610.0,2310.0,5.5,131.0,0.32,15.0,81.0,340.0,490.0,2100.0,36.6,124.4,4.0,30.0,4.1000000000000005,2.35,0.5,6.85,1700.0,1460.0,125.5,68.25,14.68,7.66,259.0,210.5,1610.0,1295.0,Poor
78.0,27.0,33.0,0.3,3.4,6.7,7.3,1053.0,2510.0,4.0,27.0,0.82,61.52,2.0,330.0,310.0,1700.0,3.0,22.6,6.0,30.0,3.1,1.8499999999999999,0.5999999999999996,7.0,1457.0,1781.5,23.0,15.5,60.7,31.17,328.0,166.0,1390.0,1005.0,Poor
78.0,27.0,33.0,0.3,3.2,6.8,7.2,495.0,2460.0,5.6,46.0,0.32,23.0,45.0,380.0,600.0,2000.0,84.2,229.4,6.0,30.0,2.9000000000000004,1.75,0.40000000000000036,7.0,1965.0,1477.5,40.4,25.8,22.68,11.66,335.0,212.5,1400.0,1300.0,Poor
78.0,27.0,33.0,0.3,1.0,6.6,7.0,1217.0,3240.0,13.0,36.0,1.1,13.43,45.0,780.0,460.0,3300.0,36.6,229.4,6.0,30.0,0.7,0.65,0.40000000000000036,6.8,2023.0,2228.5,23.0,24.5,12.33,7.265,735.0,412.5,2840.0,1880.0,Poor
78.0,28.0,33.0,0.3,2.5,6.7,7.1,797.0,36200.0,8.1,52.0,0.32,14.49,2.0,470.0,370.0,2500.0,2.0,91.6,5.0,30.5,2.2,1.4,0.39999999999999947,6.9,35403.0,18498.5,43.9,30.05,14.17,7.405,468.0,236.0,2130.0,1435.0,Poor
78.0,26.0,29.0,5.3,6.8,7.3,7.7,305.0,655.0,1.0,3.0,0.32,0.71,2.0,17.0,11.0,49.0,2.0,2.0,3.0,27.5,1.5,6.05,0.40000000000000036,7.5,350.0,480.0,2.0,2.0,0.38999999999999996,0.515,15.0,9.5,38.0,30.0,Poor
78.0,25.0,29.0,5.4,6.6,7.2,7.8,438.0,1721.0,1.0,6.0,0.32,1.41,17.0,24.0,26.0,49.0,2.0,2.0,4.0,27.0,1.1999999999999993,6.0,0.5999999999999996,7.5,1283.0,1079.5,5.0,3.5,1.0899999999999999,0.865,7.0,20.5,23.0,37.5,Poor
78.0,24.0,32.0,5.6,7.8,7.5,8.7,395.0,1042.0,1.0,2.8,0.39,2.36,2.0,18.0,4.0,39.0,2.0,3.6,8.0,28.0,2.2,6.699999999999999,1.1999999999999993,8.1,647.0,718.5,1.7999999999999998,1.9,1.9699999999999998,1.375,16.0,10.0,35.0,21.5,Poor
78.0,23.0,32.0,5.3,7.9,7.3,9.0,404.0,1036.0,1.0,3.0,0.32,1.15,2.0,18.0,2.0,230.0,2.0,5.0,9.0,27.5,2.6000000000000005,6.6,1.7000000000000002,8.15,632.0,720.0,2.0,2.0,0.8299999999999998,0.735,16.0,10.0,228.0,116.0,Poor
41.0,24.0,29.0,5.2,6.1,7.8,8.2,637.0,734.0,3.5,6.0,2.9,5.1,340.0,780.0,2400.0,5800.0,7.0,126.4,5.0,26.5,0.8999999999999995,5.65,0.39999999999999947,8.0,97.0,685.5,2.5,4.75,2.1999999999999997,4.0,440.0,560.0,3400.0,4100.0,Poor
41.0,25.0,35.0,2.5,6.1,6.9,7.5,582.0,1072.0,4.0,8.0,2.0,19.0,23.0,7900.0,540.0,160000.0,1600.0,1600.0,10.0,30.0,3.5999999999999996,4.3,0.5999999999999996,7.2,490.0,827.0,4.0,6.0,17.0,10.5,7877.0,3961.5,159460.0,80270.0,Poor
66.0,23.0,30.0,7.1,8.3,7.6,8.1,80.0,240.0,1.0,2.4,0.3,0.46,2.0,400.0,100.0,800.0,2.0,60.0,7.0,26.5,1.200000000000001,7.7,0.5,7.85,160.0,160.0,1.4,1.7,0.16000000000000003,0.38,398.0,201.0,700.0,450.0,Poor
87.0,20.0,28.0,6.2,7.4,6.5,7.2,98.0,151.0,1.0,2.0,0.3,0.3,8.0,63.0,26.0,170.0,2.0,55.0,8.0,24.0,1.2000000000000002,6.800000000000001,0.7000000000000002,6.85,53.0,124.5,1.0,1.5,0.0,0.3,55.0,35.5,144.0,98.0,Poor
87.0,23.0,33.0,5.6,8.1,6.5,7.5,23.0,37.0,1.0,1.6,0.3,0.3,2.0,79.0,4.0,140.0,2.0,46.0,10.0,28.0,2.5,6.85,1.0,7.0,14.0,30.0,0.6000000000000001,1.3,0.0,0.3,77.0,40.5,136.0,72.0,Good
87.0,22.0,31.0,6.2,8.0,6.5,7.3,68.0,201.0,1.0,1.8,0.3,0.3,8.0,70.0,31.0,120.0,2.0,58.0,9.0,26.5,1.7999999999999998,7.1,0.7999999999999998,6.9,133.0,134.5,0.8,1.4,0.0,0.3,62.0,39.0,89.0,75.5,Good
87.0,22.0,32.0,6.6,8.3,6.5,7.2,41.0,111.0,1.0,1.5,0.3,0.3,4.0,130.0,12.0,210.0,2.0,79.0,10.0,27.0,1.700000000000001,7.45,0.7000000000000002,6.85,70.0,76.0,0.5,1.25,0.0,0.3,126.0,67.0,198.0,111.0,Poor
41.0,24.0,26.0,0.3,0.3,7.3,7.9,1192.0,1474.0,8.0,89.0,0.0,66.1,130000.0,7000000.0,540000.0,92000000.0,3.8,108043.6,2.0,25.0,0.0,0.3,0.6000000000000005,7.6,282.0,1333.0,81.0,48.5,66.1,33.05,6870000.0,3565000.0,91460000.0,46270000.0,Poor
63.0,22.0,30.0,6.0,9.6,6.8,8.4,180.0,407.0,1.1,1.8,0.32,0.92,130.0,2300.0,700.0,4900.0,3.2,60.6,8.0,26.0,3.5999999999999996,7.8,1.6000000000000005,7.6,227.0,293.5,0.7,1.4500000000000002,0.6000000000000001,0.62,2170.0,1215.0,4200.0,2800.0,Poor
37.0,28.0,36.0,7.0,11.5,7.0,9.5,157.0,415.0,1.0,2.0,0.32,0.36,170.0,220000.0,1100.0,14000000.0,2.0,45.0,8.0,32.0,4.5,9.25,2.5,8.25,258.0,286.0,1.0,1.5,0.03999999999999998,0.33999999999999997,219830.0,110085.0,13998900.0,7000550.0,Poor
88.0,25.0,35.0,6.8,12.5,7.0,8.2,153.0,393.0,1.0,1.0,0.32,0.37,110.0,2200000.0,1400.0,35000000.0,2.0,78.0,10.0,30.0,5.7,9.65,1.1999999999999993,7.6,240.0,273.0,0.0,1.0,0.04999999999999999,0.345,2199890.0,1100055.0,34998600.0,17500700.0,Poor
63.0,24.0,31.0,7.2,9.2,7.0,8.5,152.0,334.0,1.0,1.0,0.32,0.32,170.0,1100000.0,1700.0,28000000.0,2.0,78.0,7.0,27.5,1.9999999999999991,8.2,1.5,7.75,182.0,243.0,0.0,1.0,0.0,0.32,1099830.0,550085.0,27998300.0,14000850.0,Poor
63.0,20.0,30.0,5.2,9.2,7.2,8.4,146.0,326.0,1.3,2.2,0.0,0.87,780.0,4900.0,2800.0,17000.0,5.0,49.0,10.0,25.0,3.999999999999999,7.199999999999999,1.2000000000000002,7.800000000000001,180.0,236.0,0.9000000000000001,1.75,0.87,0.435,4120.0,2840.0,14200.0,9900.0,Poor
63.0,21.0,30.0,5.6,9.6,6.9,8.5,125.0,383.0,1.1,2.4,0.32,0.86,230.0,2300.0,1300.0,4900.0,3.2,44.2,9.0,25.5,4.0,7.6,1.5999999999999996,7.7,258.0,254.0,1.2999999999999998,1.75,0.54,0.59,2070.0,1265.0,3600.0,3100.0,Poor
63.0,20.0,30.0,3.2,9.6,6.9,8.5,120.0,433.0,1.1,1.8,0.32,0.93,78.0,13000.0,490.0,35000.0,7.959999999999999,522.72,10.0,25.0,6.3999999999999995,6.4,1.5999999999999996,7.7,313.0,276.5,0.7,1.4500000000000002,0.6100000000000001,0.625,12922.0,6539.0,34510.0,17745.0,Poor
84.0,2115.0,20.0,22.0,6.6,7.7,7.7,8.6,202.0,572.0,1.0,1.8,0.57,1.42,2.0,2.0,37.0,63.0,13.2,-2095.0,1067.5,-15.4,14.3,0.0,7.7,193.4,105.3,-571.0,286.5,-1.23,1.185,0.5800000000000001,1.71,35.0,19.5,Good
